policy,condition,seed,cell,episode,n_frames,duration_s,max_dev_deg,departed,latency_s,deg_per_step,peak_deg_step,exec_s,start_pan,start_lift,start_elbow,start_wrist_flex,start_wrist_roll,start_gripper,success,failure_mode,regrasp,instance
clean-seed2000,clean,2000,different_object,1,831,27.66666603088379,116.47,True,14.87,0.8428,6.351,12.8,-0.62,-103.3,96.75,76.79,-2.15,1.26,1,success,,-
clean-seed2000,clean,2000,different_object,2,742,24.700000762939453,116.05,True,12.07,0.7583,6.699,12.63,-0.09,-103.03,96.84,76.79,-2.15,1.52,1,success,,-
clean-seed2000,clean,2000,different_object,3,1151,38.33333206176758,13.14,False,,,,,-0.44,-103.38,96.57,76.97,-2.15,1.59,0,no_departure,,-
clean-seed2000,clean,2000,different_object,4,1151,38.33333206176758,120.24,True,24.63,0.804,12.988,13.7,-0.53,-103.3,96.66,76.79,-1.98,1.26,1,success,,-
clean-seed2000,clean,2000,different_object,5,757,25.200000762939453,117.31,True,11.87,0.7312,7.298,13.33,-0.53,-103.21,96.57,76.79,-2.15,1.39,1,success,,-
clean-seed2000,clean,2000,different_object,6,464,15.433333396911621,116.64,True,3.77,0.788,6.385,11.67,-0.44,-103.21,96.75,76.79,-2.15,1.59,1,success,,-
clean-seed2000,clean,2000,different_object,7,1151,38.33333206176758,112.93,True,27.27,0.7905,6.048,11.07,-1.05,-103.21,96.66,76.97,-2.15,1.52,1,success,,-
clean-seed2000,clean,2000,different_object,8,774,25.766666412353516,116.52,True,12.7,0.7858,6.565,13.07,-1.49,-102.95,96.57,76.97,-2.15,1.66,1,success,,-
clean-seed2000,clean,2000,different_object,9,1151,38.33333206176758,10.91,False,,,,,-0.09,-103.21,96.66,76.79,-2.15,1.39,0,no_departure,,-
clean-seed2000,clean,2000,different_object,10,891,29.66666603088379,115.15,True,16.93,0.8145,8.25,12.73,-0.53,-103.3,96.75,76.79,-2.15,1.26,1,success,,-
clean-seed2000,clean,2000,different_object,11,601,20.0,114.5,True,5.73,0.713,6.655,14.27,-0.53,-103.21,96.57,76.79,-2.15,1.59,1,success,,-
clean-seed2000,clean,2000,different_object,12,1151,38.33333206176758,118.27,True,30.8,0.8054,7.012,7.53,-0.44,-102.95,96.75,76.79,-2.15,1.52,0,timeout_other,,-
clean-seed2000,clean,2000,different_object,13,1150,38.29999923706055,115.04,True,28.87,0.7623,5.535,9.43,-1.32,-103.38,96.75,76.97,-2.15,2.25,1,success,,-
clean-seed2000,clean,2000,different_object,14,889,29.600000381469727,120.52,True,15.7,0.7565,6.749,13.9,-1.58,-103.03,96.66,76.79,-2.15,2.25,1,success,,-
clean-seed2000,clean,2000,different_object,15,1101,36.66666793823242,116.16,True,23.87,0.783,7.506,12.8,-0.53,-103.3,96.66,76.79,-2.07,1.59,1,success,,-
clean-seed2000,clean,2000,distractors,1,449,14.933333396911621,116.35,True,1.7,0.8303,12.063,13.23,-0.09,-103.12,96.75,77.32,-0.31,1.59,0,grasp_drop,,-
clean-seed2000,clean,2000,distractors,2,483,16.066667556762695,116.3,True,4.23,0.8225,7.534,11.83,-0.62,-102.15,96.4,77.41,-0.22,2.25,1,success,,-
clean-seed2000,clean,2000,distractors,3,1149,38.266666412353516,120.38,True,2.17,0.7697,11.441,36.1,-0.44,-103.12,96.4,77.32,-0.04,2.25,0,contact_no_grasp,,-
clean-seed2000,clean,2000,distractors,4,1151,38.33333206176758,114.87,True,3.93,0.7888,16.959,34.4,-0.62,-102.33,96.4,77.41,-0.22,2.25,0,contact_no_grasp,,-
clean-seed2000,clean,2000,distractors,5,510,16.96666717529297,123.27,True,2.9,0.7779,17.299,14.07,-0.53,-102.33,96.4,77.41,-0.22,2.25,1,success,,-
clean-seed2000,clean,2000,distractors,6,677,22.53333282470703,122.35,True,8.7,0.7375,5.827,13.83,-0.53,-102.95,96.4,77.32,-0.13,1.59,1,success,,-
clean-seed2000,clean,2000,distractors,7,478,15.899999618530273,115.22,True,2.07,0.7755,7.038,13.83,-0.09,-103.12,96.66,77.32,-0.04,1.59,1,success,,-
clean-seed2000,clean,2000,distractors,8,536,17.83333396911621,118.94,True,4.87,0.7834,7.427,12.97,-0.44,-103.21,96.66,77.23,-0.31,1.52,1,success,,-
clean-seed2000,clean,2000,distractors,9,601,20.0,120.3,True,5.1,0.7636,5.63,14.9,-0.44,-103.12,96.48,77.32,-0.13,2.19,1,success,,-
clean-seed2000,clean,2000,distractors,10,1151,38.33333206176758,117.87,True,2.37,0.7851,11.062,35.97,-0.44,-103.21,96.66,77.32,-0.04,1.92,0,contact_no_grasp,,-
clean-seed2000,clean,2000,distractors,11,482,16.03333282470703,118.86,True,1.5,0.764,8.332,14.53,-0.53,-102.15,96.4,77.41,-0.22,1.26,1,success,,-
clean-seed2000,clean,2000,distractors,12,538,17.899999618530273,116.05,True,4.8,0.8121,8.073,13.1,-0.09,-102.86,96.57,77.32,-0.13,1.52,1,success,,-
clean-seed2000,clean,2000,distractors,13,446,14.833333015441895,117.91,True,1.5,0.8233,5.985,13.33,-0.09,-102.86,96.57,77.32,-0.13,2.25,1,success,,-
clean-seed2000,clean,2000,distractors,14,536,17.83333396911621,112.63,True,2.43,0.8352,10.012,15.4,-0.44,-103.12,96.66,77.32,-0.04,1.92,1,success,,-
clean-seed2000,clean,2000,distractors,15,1151,38.33333206176758,116.38,True,1.3,0.7489,10.249,37.03,-0.09,-103.21,96.75,77.32,-0.04,1.92,0,contact_no_grasp,,-
clean-seed2000,clean,2000,in_distribution,1,401,13.333333015441895,119.24,True,0.83,0.7866,9.392,12.5,0.09,-103.03,96.84,75.74,-0.92,1.52,1,success,,-
clean-seed2000,clean,2000,in_distribution,2,618,20.566667556762695,121.91,True,6.83,0.7972,7.349,13.73,0.62,-102.95,96.66,75.74,-1.1,1.52,1,success,,-
clean-seed2000,clean,2000,in_distribution,3,445,14.800000190734863,116.11,True,2.37,0.7706,7.629,12.43,1.05,-102.68,96.66,75.74,-1.1,1.66,1,success,,-
clean-seed2000,clean,2000,in_distribution,4,443,14.733333587646484,117.62,True,3.03,0.8402,7.165,11.7,0.09,-102.95,96.57,75.74,-1.1,1.52,1,success,,-
clean-seed2000,clean,2000,in_distribution,5,431,14.333333015441895,116.7,True,1.8,0.7712,7.343,12.53,0.09,-102.95,96.75,75.74,-1.1,1.66,1,success,,-
clean-seed2000,clean,2000,in_distribution,6,487,16.200000762939453,117.12,True,3.93,0.7406,5.558,12.27,1.49,-102.95,96.57,75.74,-1.1,1.52,1,success,,-
clean-seed2000,clean,2000,in_distribution,7,435,14.466666221618652,115.02,True,2.23,0.7198,5.737,12.23,0.09,-102.95,96.75,75.74,-1.1,1.92,1,success,,-
clean-seed2000,clean,2000,in_distribution,8,711,23.66666603088379,118.4,True,10.3,0.7487,6.378,13.37,0.09,-102.95,96.75,75.91,-1.98,1.52,1,success,,-
clean-seed2000,clean,2000,in_distribution,9,601,20.0,115.87,True,6.1,0.7764,20.864,13.9,1.49,-102.86,96.57,75.74,-1.1,1.52,1,success,,-
clean-seed2000,clean,2000,in_distribution,10,651,21.66666603088379,120.51,True,8.23,0.803,9.374,13.43,1.58,-102.95,96.84,75.74,-1.1,1.52,1,success,,-
clean-seed2000,clean,2000,in_distribution,11,620,20.633333206176758,117.31,True,7.37,0.7852,6.803,13.27,0.09,-103.03,96.84,75.91,-1.54,1.52,1,success,,-
clean-seed2000,clean,2000,in_distribution,12,429,14.266666412353516,116.69,True,2.27,0.8097,6.181,12.0,1.05,-102.68,96.75,75.91,-1.1,1.79,1,success,,-
clean-seed2000,clean,2000,in_distribution,13,508,16.899999618530273,117.31,True,5.13,0.8169,7.616,11.77,0.09,-102.95,96.84,75.74,-1.1,1.52,1,success,,-
clean-seed2000,clean,2000,in_distribution,14,580,19.299999237060547,117.81,True,5.43,0.7708,6.248,13.87,1.05,-102.95,96.84,75.74,-1.1,1.92,1,success,,-
clean-seed2000,clean,2000,in_distribution,15,541,18.0,119.73,True,4.07,0.7589,7.767,13.93,1.58,-102.95,96.84,75.91,-1.1,1.92,1,success,,-
clean-seed2000,clean,2000,near_1in,1,549,18.266666412353516,131.56,True,5.63,0.8084,8.525,12.63,0.97,-99.43,96.57,74.95,0.4,2.85,1,success,,-
clean-seed2000,clean,2000,near_1in,2,1147,38.20000076293945,115.54,True,6.87,0.7074,8.276,31.33,1.49,-99.43,96.66,75.21,0.75,2.85,0,contact_no_grasp,,-
clean-seed2000,clean,2000,near_1in,3,597,19.866666793823242,129.34,True,3.97,0.7867,8.061,15.9,2.02,-98.37,96.57,74.86,0.4,3.77,1,success,,-
clean-seed2000,clean,2000,near_1in,4,1148,38.233333587646484,120.87,True,9.87,0.6858,13.788,28.37,0.97,-99.43,96.75,74.86,0.48,2.85,0,contact_no_grasp,,-
clean-seed2000,clean,2000,near_1in,5,1148,38.233333587646484,113.68,True,4.83,0.6864,6.19,33.4,1.93,-98.37,96.57,74.86,0.4,3.77,0,contact_no_grasp,,-
clean-seed2000,clean,2000,near_1in,6,513,17.066667556762695,120.76,True,3.87,0.7642,7.004,13.2,2.02,-98.37,96.48,75.12,0.4,3.77,1,success,,-
clean-seed2000,clean,2000,near_1in,7,1150,38.29999923706055,119.51,True,4.0,0.6984,7.137,34.3,0.97,-99.43,96.48,75.21,0.4,2.85,0,contact_no_grasp,,-
clean-seed2000,clean,2000,near_1in,8,1148,38.233333587646484,114.37,True,4.77,0.7277,13.722,33.47,1.93,-98.37,96.57,75.21,0.4,3.77,0,contact_no_grasp,,-
clean-seed2000,clean,2000,near_2in,1,1131,37.66666793823242,59.52,True,37.17,1.1864,4.51,0.5,4.13,-96.18,96.48,73.1,3.56,3.64,0,timeout_other,,-
clean-seed2000,clean,2000,near_2in,2,1150,38.29999923706055,112.46,True,3.47,0.7002,8.754,34.83,4.04,-96.18,96.48,73.1,3.56,3.64,0,timeout_other,,-
clean-seed2000,clean,2000,near_2in,3,1145,38.13333511352539,112.19,True,11.5,0.7247,10.478,26.63,4.13,-96.18,96.48,73.1,3.03,4.57,0,timeout_other,,-
clean-seed2000,clean,2000,near_2in,4,1149,38.266666412353516,113.93,True,10.67,0.7244,8.869,27.6,4.13,-96.18,96.48,73.1,3.03,4.57,0,timeout_other,,-
clean-seed2000,clean,2000,near_2in,5,1149,38.266666412353516,112.65,True,12.3,0.7223,7.333,25.97,4.13,-96.35,96.48,72.75,3.03,3.64,0,timeout_other,,-
clean-seed2000,clean,2000,near_2in,6,1149,38.266666412353516,113.86,True,14.53,0.7479,8.534,23.73,4.13,-96.18,96.48,73.1,3.03,3.64,0,timeout_other,,-
clean-seed2000,clean,2000,near_2in,7,1149,38.266666412353516,112.3,True,11.97,0.7091,9.184,26.3,4.22,-96.18,96.48,73.1,3.56,4.57,0,timeout_other,,-
clean-seed2000,clean,2000,near_2in,8,1146,38.16666793823242,111.73,True,33.6,0.7468,7.704,4.57,4.04,-96.26,96.48,73.1,3.03,4.57,0,contact_no_grasp,,-
clean-seed2000,clean,2000,new_positions,1,1151,38.33333206176758,119.69,True,11.03,0.7543,8.318,27.3,0.0,-100.57,96.48,74.15,-1.54,3.38,0,timeout_other,,E1
clean-seed2000,clean,2000,new_positions,2,1151,38.33333206176758,115.99,True,21.23,0.8024,8.758,17.1,0.0,-100.75,96.57,74.15,-1.54,2.05,0,timeout_other,,E1
clean-seed2000,clean,2000,new_positions,3,1151,38.33333206176758,112.83,True,32.5,0.7386,7.111,5.83,-0.18,-100.84,96.48,74.15,-1.63,3.38,0,timeout_other,,E1
clean-seed2000,clean,2000,new_positions,4,1151,38.33333206176758,8.98,False,,,,,-0.09,-100.75,96.57,74.15,-1.63,2.38,0,no_departure,,E2
clean-seed2000,clean,2000,new_positions,5,1151,38.33333206176758,8.51,False,,,,,-1.32,-102.24,96.57,75.82,-1.63,2.52,0,no_departure,,E2
clean-seed2000,clean,2000,new_positions,6,1151,38.33333206176758,6.76,False,,,,,-1.14,-102.59,96.57,75.82,-1.54,2.52,0,no_departure,,E2
clean-seed2000,clean,2000,new_positions,7,1151,38.33333206176758,7.69,False,,,,,-1.23,-102.24,96.57,75.82,-1.54,2.52,0,no_departure,,E3
clean-seed2000,clean,2000,new_positions,8,1151,38.33333206176758,115.04,True,23.93,0.7272,6.976,14.4,-1.49,-102.24,96.57,75.82,-1.54,2.19,0,timeout_other,,E3
clean-seed2000,clean,2000,new_positions,9,1150,38.29999923706055,113.56,True,9.3,0.7261,8.211,29.0,-0.09,-100.57,96.48,74.15,-1.63,3.38,0,timeout_other,,E3
clean-seed2000,clean,2000,new_positions,10,1151,38.33333206176758,110.47,True,3.83,0.7277,7.408,34.5,0.0,-100.57,96.48,74.15,-1.54,3.38,0,timeout_other,,E4
clean-seed2000,clean,2000,new_positions,11,1148,38.233333587646484,110.84,True,7.8,0.7249,17.682,30.43,0.09,-100.75,96.48,74.15,-1.54,2.52,0,timeout_other,,E4
clean-seed2000,clean,2000,new_positions,12,1151,38.33333206176758,107.92,True,15.7,0.6929,7.564,22.63,0.0,-100.75,96.48,74.15,-1.54,3.38,0,timeout_other,,E4
clean-seed2000,clean,2000,new_positions,13,1151,38.33333206176758,112.19,True,19.53,0.7198,9.686,18.8,-0.09,-100.75,96.48,74.15,-1.63,3.38,0,timeout_other,,E5
clean-seed2000,clean,2000,new_positions,14,1149,38.266666412353516,107.91,True,29.43,0.7608,9.513,8.83,0.0,-100.84,96.48,74.15,-1.63,3.38,0,timeout_other,,E5
clean-seed2000,clean,2000,new_positions,15,1151,38.33333206176758,110.82,True,6.07,0.7038,7.477,32.27,0.0,-100.75,96.48,74.15,-1.63,2.52,0,timeout_other,,E5
clean-seed2000,clean,2000,reduced_lighting,1,1151,38.33333206176758,7.33,False,,,,,-0.09,-102.86,96.75,74.68,-2.59,2.05,0,no_departure,,-
clean-seed2000,clean,2000,reduced_lighting,2,575,19.133333206176758,126.05,True,6.9,0.7913,6.604,12.23,-0.44,-103.12,96.57,75.82,-2.59,2.19,1,success,,-
clean-seed2000,clean,2000,reduced_lighting,3,1151,38.33333206176758,123.89,True,7.23,0.7275,10.799,31.1,-0.44,-103.12,96.75,74.68,-3.47,2.05,0,contact_no_grasp,,-
clean-seed2000,clean,2000,reduced_lighting,4,803,26.733333587646484,120.88,True,14.07,0.7527,6.121,12.67,1.05,-102.42,96.57,74.68,-2.59,3.38,1,success,,-
clean-seed2000,clean,2000,reduced_lighting,5,1151,38.33333206176758,116.51,True,31.43,0.7822,5.222,6.9,-0.44,-103.12,96.75,74.33,-2.86,2.05,0,timeout_other,,-
clean-seed2000,clean,2000,reduced_lighting,6,1150,38.29999923706055,94.73,True,35.9,0.8702,7.072,2.4,0.0,-102.59,96.84,74.68,-2.68,3.05,0,timeout_other,,-
clean-seed2000,clean,2000,reduced_lighting,7,696,23.16666603088379,119.65,True,8.63,0.7323,7.772,14.53,0.97,-102.42,96.57,74.33,-2.51,3.38,1,success,,-
clean-seed2000,clean,2000,reduced_lighting,8,889,29.600000381469727,124.17,True,17.13,0.7427,7.085,12.47,1.05,-102.86,96.75,74.33,-2.59,2.52,1,success,,-
clean-seed2000,clean,2000,reduced_lighting,9,757,25.200000762939453,119.71,True,11.17,0.7597,6.747,14.03,-0.44,-102.95,96.75,74.68,-3.12,2.52,1,success,,-
clean-seed2000,clean,2000,reduced_lighting,10,804,26.766666412353516,135.91,True,12.07,0.7648,7.386,14.7,-0.44,-102.95,96.57,74.33,-2.15,2.52,1,success,,-
clean-seed2000,clean,2000,reduced_lighting,11,1151,38.33333206176758,123.31,True,5.13,0.6729,6.362,33.2,0.0,-103.12,96.57,74.68,-2.59,2.25,0,contact_no_grasp,,-
clean-seed2000,clean,2000,reduced_lighting,12,519,17.266666412353516,120.89,True,3.8,0.7677,7.379,13.47,1.05,-102.42,96.57,74.68,-2.59,3.38,1,success,,-
clean-seed2000,clean,2000,reduced_lighting,13,1149,38.266666412353516,123.49,True,3.83,0.6762,7.54,34.43,1.14,-102.77,96.75,74.68,-2.51,2.25,0,contact_no_grasp,,-
clean-seed2000,clean,2000,reduced_lighting,14,651,21.66666603088379,113.52,True,8.2,0.7879,5.865,13.47,1.05,-102.42,96.57,74.33,-2.59,3.38,1,success,,-
clean-seed2000,clean,2000,reduced_lighting,15,648,21.566667556762695,131.87,True,6.0,0.7493,8.509,15.57,-0.09,-103.3,96.66,74.68,-2.51,2.52,1,success,,-
clean,clean,1000,different_object,1,604,20.100000381469727,114.84,True,7.3,0.7313,5.29,12.8,1.14,-101.19,96.84,75.21,-1.1,2.65,1,success,,-
clean,clean,1000,different_object,2,1112,37.03333282470703,110.67,True,23.73,0.7514,8.145,13.3,1.14,-101.1,96.75,75.21,-0.57,2.65,1,success,,-
clean,clean,1000,different_object,3,701,23.33333396911621,117.83,True,10.93,0.7474,5.864,12.4,2.64,-101.19,96.75,75.21,-0.57,2.65,1,success,,-
clean,clean,1000,different_object,4,648,21.566667556762695,113.62,True,7.27,0.7578,7.236,14.3,1.14,-101.19,96.75,75.21,-1.27,2.58,1,success,,-
clean,clean,1000,different_object,5,667,22.200000762939453,119.47,True,10.43,0.7661,6.729,11.77,1.49,-101.19,96.66,75.21,-0.57,2.58,1,success,,-
clean,clean,1000,different_object,6,563,18.733333587646484,115.29,True,5.13,0.7508,5.661,13.6,1.14,-101.19,96.75,75.21,-0.57,2.58,1,success,,-
clean,clean,1000,different_object,7,759,25.266666412353516,116.86,True,11.63,0.805,13.352,13.63,1.14,-101.19,96.66,75.21,-0.57,2.58,1,success,,-
clean,clean,1000,different_object,8,601,20.0,115.69,True,6.2,0.7606,6.145,13.8,1.14,-101.19,96.75,75.21,-1.1,2.58,1,success,,-
clean,clean,1000,different_object,9,435,14.466666221618652,116.97,True,2.3,0.7735,7.089,12.17,1.14,-101.19,96.84,75.21,-0.57,2.58,1,success,,-
clean,clean,1000,different_object,10,1151,38.33333206176758,116.88,True,24.73,0.7493,19.202,13.6,1.14,-101.19,96.84,75.21,-0.57,2.58,1,success,,-
clean,clean,1000,different_object,11,501,16.66666603088379,118.36,True,2.53,0.7198,6.322,14.13,1.14,-101.19,96.66,75.21,-0.57,2.58,1,success,,-
clean,clean,1000,different_object,12,684,22.766666412353516,118.34,True,9.07,0.7568,6.798,13.7,1.14,-101.19,96.84,76.26,-1.1,2.58,1,success,,-
clean,clean,1000,different_object,13,451,15.0,117.0,True,2.03,0.7645,6.867,12.97,1.14,-101.19,96.75,75.21,-0.4,2.58,1,success,,-
clean,clean,1000,different_object,14,471,15.666666984558105,117.37,True,2.1,0.7521,5.72,13.57,1.14,-101.19,96.75,75.21,-1.1,2.58,1,success,,-
clean,clean,1000,different_object,15,754,25.100000381469727,113.2,True,10.47,0.8016,7.113,14.63,2.73,-101.1,96.84,75.21,-0.57,2.58,1,success,,-
clean,clean,1000,distractors,1,451,15.0,118.38,True,1.97,0.7837,6.909,13.03,1.58,-102.59,96.84,76.26,-1.1,1.66,1,success,,-
clean,clean,1000,distractors,2,441,14.666666984558105,117.08,True,1.73,0.8182,6.777,12.93,1.05,-102.59,96.84,76.26,-1.1,1.92,1,success,,-
clean,clean,1000,distractors,3,603,20.066667556762695,119.61,True,8.47,0.7988,5.83,11.6,1.14,-102.24,96.84,76.26,-1.1,2.25,1,success,,-
clean,clean,1000,distractors,4,451,15.0,120.66,True,1.5,0.7514,8.695,13.5,1.67,-102.24,96.66,76.26,-1.1,2.05,1,success,,-
clean,clean,1000,distractors,5,478,15.899999618530273,115.42,True,3.03,0.7982,7.881,12.87,2.2,-102.51,96.57,76.26,-1.1,2.32,1,success,,-
clean,clean,1000,distractors,6,857,28.53333282470703,114.31,True,15.47,0.7633,6.491,13.07,2.2,-102.24,96.92,76.26,-1.1,1.92,1,success,,-
clean,clean,1000,distractors,7,651,21.66666603088379,114.73,True,7.73,0.8016,17.514,13.93,2.2,-102.95,96.66,76.26,-2.24,2.25,1,success,,-
clean,clean,1000,distractors,8,408,13.566666603088379,113.78,True,2.63,0.7983,11.0,10.93,1.58,-102.51,96.57,76.26,-1.1,1.66,0,cube_out_of_bounds,,-
clean,clean,1000,distractors,9,548,18.233333587646484,113.38,True,3.8,0.7382,9.411,14.43,2.2,-101.45,96.66,76.26,-1.1,2.38,1,success,,-
clean,clean,1000,distractors,10,1149,38.266666412353516,119.84,True,3.87,0.7678,8.827,34.4,1.58,-102.24,96.66,76.26,-1.1,1.66,0,contact_no_grasp,,-
clean,clean,1000,distractors,11,413,13.733333587646484,122.5,True,2.63,0.8322,9.986,11.1,2.11,-101.36,96.66,76.44,-0.92,2.38,1,success,,-
clean,clean,1000,distractors,12,490,16.299999237060547,112.43,True,3.33,0.8082,7.708,12.97,2.02,-102.51,96.66,76.26,-1.1,1.66,1,success,,-
clean,clean,1000,distractors,13,601,20.0,115.74,True,6.93,0.8108,7.19,13.07,2.2,-102.24,96.92,76.44,-1.1,1.66,1,success,,-
clean,clean,1000,distractors,14,455,15.133333206176758,113.66,True,1.9,0.7588,6.127,13.23,2.11,-102.24,96.66,76.26,-1.1,2.25,1,success,,-
clean,clean,1000,distractors,15,551,18.33333396911621,117.19,True,5.57,0.776,6.112,12.77,1.05,-102.24,96.66,76.26,-1.1,1.92,1,success,,-
clean,clean,1000,in_distribution,1,472,15.699999809265137,123.18,True,2.67,0.7558,6.732,13.03,0.09,-103.03,97.01,75.74,-0.4,1.59,1,success,,-
clean,clean,1000,in_distribution,2,451,15.0,116.06,True,0.87,0.7807,8.196,14.13,1.05,-102.86,97.01,75.74,0.4,1.59,1,success,,-
clean,clean,1000,in_distribution,3,472,15.699999809265137,116.01,True,2.53,0.7999,9.412,13.17,0.97,-103.03,97.01,75.74,0.4,1.59,1,success,,-
clean,clean,1000,in_distribution,4,419,13.933333396911621,125.03,True,1.73,0.7779,6.474,12.2,0.09,-103.03,96.75,75.74,-0.4,2.25,1,success,,-
clean,clean,1000,in_distribution,5,451,15.0,117.43,True,2.13,0.8222,8.097,12.87,1.05,-103.03,96.84,75.74,0.4,1.59,1,success,,-
clean,clean,1000,in_distribution,6,801,26.66666603088379,118.22,True,5.07,0.7476,7.885,21.6,0.97,-103.12,97.1,75.65,0.4,1.66,1,success,,-
clean,clean,1000,in_distribution,7,460,15.300000190734863,114.62,True,1.87,0.7315,8.091,13.43,0.53,-102.86,96.75,75.74,0.4,1.66,1,success,,-
clean,clean,1000,in_distribution,8,451,15.0,116.84,True,2.4,0.7901,7.983,12.6,0.09,-103.03,96.84,75.65,0.48,1.59,1,success,,-
clean,clean,1000,in_distribution,9,458,15.233333587646484,112.87,True,2.93,0.802,8.501,12.3,0.44,-103.03,96.92,75.74,-0.4,1.66,1,success_after_missed_grasp,,-
clean,clean,1000,in_distribution,10,611,20.33333396911621,115.98,True,5.73,0.7572,6.353,14.6,0.97,-102.86,96.92,75.65,0.4,1.59,1,success,,-
clean,clean,1000,in_distribution,11,451,15.0,112.47,True,2.27,0.7441,5.85,12.73,1.14,-103.12,96.84,75.74,0.4,1.59,1,success,,-
clean,clean,1000,in_distribution,12,601,20.0,118.63,True,7.37,0.7935,7.873,12.63,0.79,-103.03,96.92,75.65,0.4,1.79,1,success,,-
clean,clean,1000,in_distribution,13,554,18.433332443237305,116.83,True,7.17,0.7964,7.458,11.27,0.09,-103.03,96.92,75.65,-0.4,1.59,1,success,,-
clean,clean,1000,in_distribution,14,474,15.766666412353516,117.94,True,3.4,0.7872,6.939,12.37,0.09,-102.42,96.75,75.74,0.4,1.66,1,success,,-
clean,clean,1000,in_distribution,15,426,14.166666984558105,121.8,True,1.9,0.78,6.845,12.27,1.05,-103.3,96.66,75.74,-0.4,1.59,1,success,,-
clean,clean,1000,near_1in,1,1148,38.233333587646484,117.39,True,17.27,0.7248,9.132,20.97,1.49,-98.81,96.48,75.82,-0.31,3.11,0,contact_no_grasp,,-
clean,clean,1000,near_1in,2,1149,38.266666412353516,111.85,True,11.43,0.7841,10.42,26.83,1.49,-99.16,96.57,75.91,-0.04,3.38,0,contact_no_grasp,,-
clean,clean,1000,near_1in,3,1151,38.33333206176758,114.84,True,9.97,0.7472,8.572,28.37,1.49,-99.16,96.48,75.91,-0.04,3.11,0,contact_no_grasp,,-
clean,clean,1000,near_1in,4,1146,38.16666793823242,115.42,True,1.97,0.7404,8.756,36.2,1.41,-99.25,96.48,75.91,-0.04,3.11,0,contact_no_grasp,,-
clean,clean,1000,near_1in,5,1151,38.33333206176758,93.95,True,36.67,0.9317,6.241,1.67,1.49,-99.16,96.48,75.82,0.04,3.11,0,timeout_other,,-
clean,clean,1000,near_1in,6,1151,38.33333206176758,113.13,True,8.97,0.7396,8.999,29.37,1.41,-98.81,96.57,75.91,0.04,3.38,0,contact_no_grasp,,-
clean,clean,1000,near_1in,7,1147,38.20000076293945,6.75,False,,,,,1.41,-99.25,96.48,75.91,-0.31,2.52,0,no_departure,,-
clean,clean,1000,near_1in,8,1146,38.16666793823242,114.39,True,25.07,0.7106,6.414,13.1,0.53,-101.19,96.57,77.23,0.13,2.52,0,contact_no_grasp,,-
clean,clean,1000,near_2in,1,1148,38.233333587646484,7.81,False,,,,,2.99,-97.32,96.57,74.15,1.45,3.58,0,no_departure,,-
clean,clean,1000,near_2in,2,1142,38.03333282470703,105.92,True,32.47,0.9298,8.963,5.57,2.46,-99.08,96.57,74.33,1.45,3.58,0,timeout_other,,-
clean,clean,1000,near_2in,3,1148,38.233333587646484,110.41,True,17.7,0.7414,10.25,20.53,2.99,-97.49,96.57,74.15,0.92,4.17,0,timeout_other,,-
clean,clean,1000,near_2in,4,1147,38.20000076293945,114.45,True,14.23,0.7586,8.948,23.97,2.99,-97.58,96.57,74.33,0.92,3.58,0,timeout_other,,-
clean,clean,1000,near_2in,5,1147,38.20000076293945,113.8,True,10.17,0.7778,7.198,28.03,2.99,-97.41,96.57,74.33,0.92,3.25,0,timeout_other,,-
clean,clean,1000,near_2in,6,1151,38.33333206176758,112.19,True,5.7,0.7623,11.416,32.63,2.81,-97.58,96.57,74.33,0.92,3.58,0,timeout_other,,-
clean,clean,1000,near_2in,7,1151,38.33333206176758,111.13,True,5.13,0.722,9.605,33.2,2.99,-97.41,96.57,74.33,1.45,4.17,0,timeout_other,,-
clean,clean,1000,near_2in,8,1148,38.233333587646484,114.04,True,9.23,0.7594,10.6,29.0,2.99,-97.49,96.57,74.33,0.92,3.58,0,timeout_other,,-
clean,clean,1000,new_positions,1,1146,38.16666793823242,117.63,True,17.3,0.7407,7.44,20.87,0.0,-102.77,96.66,76.79,-1.36,1.85,0,timeout_other,,E1
clean,clean,1000,new_positions,2,1148,38.233333587646484,117.42,True,3.57,0.7755,8.364,34.67,0.0,-102.77,96.57,76.79,-1.36,1.85,0,timeout_other,,E1
clean,clean,1000,new_positions,3,1144,38.099998474121094,117.03,True,9.77,0.7848,9.33,28.33,0.0,-102.68,96.66,76.79,-1.36,1.85,0,timeout_other,,E1
clean,clean,1000,new_positions,4,1140,37.96666717529297,6.57,False,,,,,0.0,-102.68,96.66,76.79,-1.36,1.85,0,no_departure,,E2
clean,clean,1000,new_positions,5,1143,38.06666564941406,118.3,True,6.83,0.7153,8.066,31.23,-0.62,-103.21,96.75,77.67,-1.36,1.13,0,timeout_other,,E2
clean,clean,1000,new_positions,6,1143,38.06666564941406,8.29,False,,,,,-0.09,-102.59,96.66,76.79,-1.45,1.92,0,no_departure,,E2
clean,clean,1000,new_positions,7,1139,37.93333435058594,115.63,True,10.57,0.7108,8.172,27.37,-1.49,-103.21,96.75,77.67,-1.19,1.19,0,timeout_other,,E3
clean,clean,1000,new_positions,8,1143,38.06666564941406,116.18,True,11.13,0.719,7.693,26.93,0.0,-102.51,96.57,76.79,-1.36,1.85,0,timeout_other,,E3
clean,clean,1000,new_positions,9,1146,38.16666793823242,78.61,True,37.27,1.0527,5.202,0.9,-0.09,-102.59,96.66,76.79,-1.36,1.85,0,timeout_other,,E3
clean,clean,1000,new_positions,10,1148,38.233333587646484,114.83,True,3.87,0.7521,11.671,34.37,0.0,-102.51,96.66,76.79,-1.27,1.26,0,timeout_other,,E4
clean,clean,1000,new_positions,11,1145,38.13333511352539,115.98,True,4.07,0.7205,9.681,34.07,0.0,-102.59,96.57,76.79,-1.36,1.85,0,timeout_other,,E4
clean,clean,1000,new_positions,12,1144,38.099998474121094,114.49,True,7.13,0.7751,11.374,30.97,0.09,-102.68,96.57,76.79,-1.27,1.85,0,timeout_other,,E4
clean,clean,1000,new_positions,13,1080,35.96666717529297,112.6,True,20.37,0.6892,7.421,15.6,-0.09,-102.59,96.57,76.79,-1.27,1.59,0,timeout_other,,E5
clean,clean,1000,new_positions,14,1068,35.56666564941406,109.72,True,5.1,0.6922,8.571,30.47,0.0,-102.59,96.57,76.79,-1.27,1.85,0,timeout_other,,E5
clean,clean,1000,new_positions,15,1062,35.36666488647461,116.76,True,10.33,0.7528,8.13,25.03,0.09,-102.68,96.57,76.79,-1.45,1.85,0,timeout_other,,E5
clean,clean,1000,reduced_lighting,1,746,24.83333396911621,123.35,True,13.77,0.8335,9.48,11.07,1.14,-102.86,96.84,74.15,-0.57,1.92,1,success,,-
clean,clean,1000,reduced_lighting,2,593,19.733333587646484,122.23,True,6.93,0.7804,5.85,12.8,0.09,-102.86,96.75,73.8,-0.57,1.59,1,success,,-
clean,clean,1000,reduced_lighting,3,539,17.933332443237305,123.71,True,4.0,0.754,6.115,13.93,0.79,-102.77,96.57,73.8,-0.57,1.92,1,success,,-
clean,clean,1000,reduced_lighting,4,621,20.66666603088379,119.3,True,6.63,0.7794,6.924,14.03,1.05,-103.12,96.66,73.8,-0.57,1.52,1,success,,-
clean,clean,1000,reduced_lighting,5,504,16.766666412353516,115.76,True,4.23,0.7573,5.489,12.53,1.14,-102.95,96.84,74.15,-0.57,1.52,1,success,,-
clean,clean,1000,reduced_lighting,6,1151,38.33333206176758,115.01,True,34.1,0.7678,9.639,4.23,0.53,-101.98,96.66,74.15,-0.57,1.92,0,timeout_other,,-
clean,clean,1000,reduced_lighting,7,604,20.100000381469727,119.73,True,7.57,0.7942,28.426,12.53,1.05,-101.98,96.57,73.8,-0.57,1.92,1,success,,-
clean,clean,1000,reduced_lighting,8,514,17.100000381469727,128.77,True,5.3,0.8207,7.401,11.8,0.44,-102.95,96.57,73.8,-0.57,1.52,1,success,,-
clean,clean,1000,reduced_lighting,9,633,21.066667556762695,117.44,True,4.97,0.7605,9.979,16.1,1.05,-102.59,96.57,74.15,-0.57,1.79,1,success,,-
clean,clean,1000,reduced_lighting,10,1151,38.33333206176758,124.4,True,2.47,0.7563,8.307,35.87,1.14,-103.12,96.84,73.8,-0.57,1.39,0,contact_no_grasp,,-
clean,clean,1000,reduced_lighting,11,621,20.66666603088379,112.46,True,5.67,0.7632,7.561,15.0,0.97,-102.33,96.57,75.21,-0.48,1.52,1,success,,-
clean,clean,1000,reduced_lighting,12,613,20.399999618530273,120.8,True,7.7,0.8228,7.864,12.7,1.14,-102.59,96.75,73.8,-0.57,1.26,1,success,,-
clean,clean,1000,reduced_lighting,13,784,26.100000381469727,117.8,True,13.53,0.7787,7.951,12.57,1.14,-102.86,96.75,74.15,-0.66,1.66,1,success,,-
clean,clean,1000,reduced_lighting,14,1151,38.33333206176758,121.45,True,6.9,0.7171,10.261,31.43,0.09,-102.95,96.57,73.8,-0.57,1.26,0,contact_no_grasp,,-
clean,clean,1000,reduced_lighting,15,1061,35.33333206176758,116.1,True,22.13,0.7527,6.587,13.2,1.14,-101.98,96.48,73.8,-0.57,1.92,1,success,,-
color-seed2000,color,2000,different_object,1,400,13.300000190734863,139.23,True,2.17,0.8472,8.306,11.13,-0.97,-103.12,96.75,77.76,-0.84,1.66,1,success,,-
color-seed2000,color,2000,different_object,2,372,12.366666793823242,139.04,True,1.43,0.9131,14.259,10.93,-0.97,-102.77,96.57,77.85,-0.84,1.66,1,success,,-
color-seed2000,color,2000,different_object,3,368,12.233333587646484,143.88,True,0.73,0.8269,6.16,11.5,-0.62,-103.21,96.75,77.76,-0.84,1.66,1,success,,-
color-seed2000,color,2000,different_object,4,401,13.333333015441895,149.28,True,1.47,0.8807,7.957,11.87,-0.97,-102.68,96.57,76.79,-0.57,1.66,1,success,,-
color-seed2000,color,2000,different_object,5,413,13.733333587646484,143.83,True,1.57,0.8889,14.929,12.17,-0.97,-102.77,96.57,77.76,-2.24,1.66,1,success,,-
color-seed2000,color,2000,different_object,6,399,13.266666412353516,144.21,True,1.63,0.8583,8.911,11.63,-0.97,-103.12,96.57,77.85,-0.66,1.66,1,success,,-
color-seed2000,color,2000,different_object,7,401,13.333333015441895,145.11,True,1.83,0.8978,10.521,11.5,-0.97,-102.77,96.57,77.76,-1.71,1.66,1,success,,-
color-seed2000,color,2000,different_object,8,383,12.733333587646484,141.64,True,0.7,0.8794,8.732,12.03,-0.97,-102.33,96.57,77.23,-0.92,1.66,1,success,,-
color-seed2000,color,2000,different_object,9,399,13.266666412353516,140.07,True,0.93,0.869,11.593,12.33,-0.62,-102.77,96.57,77.49,-0.84,1.79,1,success,,-
color-seed2000,color,2000,different_object,10,382,12.699999809265137,145.11,True,1.73,0.8787,8.482,10.97,-0.97,-102.77,96.66,77.85,-0.84,1.99,1,success,,-
color-seed2000,color,2000,different_object,11,344,11.433333396911621,145.11,True,1.0,0.8937,9.188,10.43,-0.97,-102.42,96.57,76.79,-1.1,1.66,1,success,,-
color-seed2000,color,2000,different_object,12,401,13.333333015441895,140.97,True,1.53,0.8763,10.357,11.8,-0.97,-102.33,96.57,77.76,-1.71,1.79,1,success,,-
color-seed2000,color,2000,different_object,13,412,13.699999809265137,144.95,True,2.43,0.9243,10.105,11.27,-0.97,-103.21,96.57,77.85,-1.8,1.26,1,success,,-
color-seed2000,color,2000,different_object,14,362,12.033333778381348,141.32,True,0.7,0.899,9.911,11.33,-0.62,-102.33,96.57,77.76,-1.19,1.66,1,success,,-
color-seed2000,color,2000,different_object,15,373,12.399999618530273,148.58,True,1.03,0.8798,9.693,11.37,-0.62,-102.68,96.75,76.79,-1.01,1.92,1,success,,-
color-seed2000,color,2000,distractors,1,446,14.833333015441895,143.8,True,2.47,0.9182,11.198,12.37,0.09,-102.95,96.75,76.62,-1.63,3.25,1,success,,-
color-seed2000,color,2000,distractors,2,406,13.5,149.31,True,0.87,0.8859,9.622,12.63,0.09,-103.21,96.75,76.53,-2.95,3.25,1,success,,-
color-seed2000,color,2000,distractors,3,403,13.399999618530273,146.05,True,2.23,0.9373,8.439,11.17,0.09,-101.98,96.75,76.53,-2.51,3.25,1,success,,-
color-seed2000,color,2000,distractors,4,410,13.633333206176758,142.65,True,1.4,0.9099,9.561,12.23,0.09,-102.77,96.75,75.21,-1.54,3.25,1,success,,-
color-seed2000,color,2000,distractors,5,408,13.566666603088379,145.74,True,2.17,0.8483,8.106,11.4,0.09,-102.77,96.75,76.26,-1.54,3.25,1,success,,-
color-seed2000,color,2000,distractors,6,440,14.633333206176758,137.01,True,2.13,0.8996,7.273,12.5,0.44,-102.77,96.75,76.26,-1.63,3.25,1,success,,-
color-seed2000,color,2000,distractors,7,518,17.233333587646484,149.05,True,6.17,0.9404,8.139,11.07,0.09,-103.03,96.75,76.62,-1.54,3.25,1,success,,-
color-seed2000,color,2000,distractors,8,479,15.933333396911621,136.93,True,0.97,0.9335,13.132,14.97,0.09,-102.59,96.75,74.86,-1.54,3.25,1,success,,-
color-seed2000,color,2000,distractors,9,503,16.733333587646484,137.83,True,3.77,0.8876,7.542,12.97,0.09,-102.77,96.75,76.62,-1.54,3.25,1,success,,-
color-seed2000,color,2000,distractors,10,404,13.433333396911621,148.35,True,0.93,0.9145,10.985,12.5,-0.18,-102.77,96.75,76.62,-1.54,3.25,1,success,,-
color-seed2000,color,2000,distractors,11,462,15.366666793823242,145.63,True,2.07,0.8555,9.345,13.3,0.44,-101.89,96.75,74.86,-1.98,3.25,1,success,,-
color-seed2000,color,2000,distractors,12,411,13.666666984558105,147.6,True,1.33,0.8885,8.518,12.33,0.09,-102.77,96.75,76.62,-1.54,3.25,1,success,,-
color-seed2000,color,2000,distractors,13,424,14.100000381469727,142.48,True,2.2,0.7981,9.14,11.9,0.0,-103.03,96.75,75.56,-1.45,3.25,1,success,,-
color-seed2000,color,2000,distractors,14,439,14.600000381469727,142.16,True,1.33,0.8366,7.6,13.27,0.09,-102.77,96.75,76.62,-1.54,3.25,1,success,,-
color-seed2000,color,2000,distractors,15,401,13.333333015441895,146.97,True,2.03,0.8812,8.698,11.3,0.09,-102.77,96.66,76.62,-1.54,3.25,1,success,,-
color-seed2000,color,2000,in_distribution,1,1148,38.233333587646484,141.68,True,2.27,0.7383,10.721,35.97,-1.05,-103.3,96.57,77.23,-1.1,1.19,0,timeout_other,,-
color-seed2000,color,2000,in_distribution,2,401,13.333333015441895,150.37,True,2.33,0.8801,7.257,11.0,-0.97,-102.77,96.57,75.91,-1.1,1.66,1,success,,-
color-seed2000,color,2000,in_distribution,3,429,14.266666412353516,143.09,True,1.5,0.8652,7.08,12.77,-1.05,-103.3,96.57,77.23,-1.54,1.52,1,success,,-
color-seed2000,color,2000,in_distribution,4,620,20.633333206176758,147.57,True,0.9,0.8603,10.642,19.73,-1.05,-103.3,96.66,77.23,-1.01,1.52,1,success,,-
color-seed2000,color,2000,in_distribution,5,385,12.800000190734863,148.37,True,1.2,0.8987,9.357,11.6,-0.26,-103.12,96.57,77.23,-1.1,1.52,1,success,,-
color-seed2000,color,2000,in_distribution,6,1151,38.33333206176758,135.3,True,1.87,0.6869,7.967,36.47,-0.44,-103.3,96.57,77.23,-1.54,1.59,0,contact_no_grasp,,-
color-seed2000,color,2000,in_distribution,7,406,13.5,149.49,True,1.53,0.8945,15.887,11.97,0.0,-102.51,96.57,75.91,-1.01,1.92,1,success,,-
color-seed2000,color,2000,in_distribution,8,370,12.300000190734863,147.02,True,1.07,0.9172,9.251,11.23,-1.05,-103.38,96.57,77.23,-2.33,1.59,1,success,,-
color-seed2000,color,2000,in_distribution,9,1150,38.29999923706055,136.09,True,1.23,0.6836,10.67,37.07,-1.05,-103.12,96.57,77.23,-1.98,1.59,0,contact_no_grasp,,-
color-seed2000,color,2000,in_distribution,10,384,12.766666412353516,149.36,True,1.6,0.9341,10.334,11.17,0.09,-102.68,96.57,75.91,-1.1,1.92,1,success,,-
color-seed2000,color,2000,in_distribution,11,370,12.300000190734863,142.34,True,0.63,0.9087,11.487,11.67,-1.05,-103.3,96.57,77.14,-2.42,1.52,1,success,,-
color-seed2000,color,2000,in_distribution,12,389,12.933333396911621,149.22,True,0.4,0.8531,9.329,12.53,0.09,-103.12,96.57,77.23,-0.92,1.59,1,success,,-
color-seed2000,color,2000,in_distribution,13,374,12.433333396911621,149.17,True,1.13,0.8939,9.621,11.3,-0.26,-103.03,96.57,77.23,-1.45,1.52,1,success,,-
color-seed2000,color,2000,in_distribution,14,401,13.333333015441895,144.95,True,1.17,0.8619,7.953,12.17,-0.97,-102.95,96.57,77.23,-2.42,1.52,1,success,,-
color-seed2000,color,2000,in_distribution,15,347,11.533333778381348,149.45,True,0.57,0.8851,9.926,10.97,0.44,-103.3,96.57,77.23,-1.54,1.59,1,success,,-
color-seed2000,color,2000,new_positions,1,1151,38.33333206176758,135.12,True,2.7,0.5758,11.989,35.63,1.41,-100.48,96.75,75.12,-0.57,2.65,0,timeout_other,,E1
color-seed2000,color,2000,new_positions,2,1151,38.33333206176758,133.41,True,1.37,0.5845,9.382,36.97,1.41,-100.31,96.75,75.12,-0.57,2.65,0,timeout_other,,E1
color-seed2000,color,2000,new_positions,3,1151,38.33333206176758,133.37,True,1.93,0.593,11.326,36.4,1.49,-100.4,96.66,75.12,-0.57,2.65,0,timeout_other,,E1
color-seed2000,color,2000,new_positions,4,1150,38.29999923706055,120.18,True,4.1,0.6258,9.668,34.2,1.41,-100.48,96.66,75.12,-0.57,2.65,0,timeout_other,,E2
color-seed2000,color,2000,new_positions,5,1151,38.33333206176758,133.34,True,4.57,0.6304,8.66,33.77,1.58,-100.31,96.66,73.8,-0.57,2.65,0,timeout_other,,E2
color-seed2000,color,2000,new_positions,6,1151,38.33333206176758,133.01,True,2.27,0.6067,8.606,36.07,1.49,-100.31,96.66,74.15,-0.57,2.05,0,timeout_other,,E2
color-seed2000,color,2000,new_positions,7,1151,38.33333206176758,130.94,True,1.93,0.55,7.602,36.4,1.49,-100.31,96.66,75.12,-0.57,2.65,0,timeout_other,,E3
color-seed2000,color,2000,new_positions,8,1151,38.33333206176758,131.73,True,2.23,0.56,8.989,36.1,1.49,-100.66,96.66,74.33,-0.57,2.65,0,timeout_other,,E3
color-seed2000,color,2000,new_positions,9,1149,38.266666412353516,130.49,True,2.03,0.5512,8.87,36.23,1.49,-100.48,96.66,75.12,-0.48,2.65,0,timeout_other,,E3
color-seed2000,color,2000,new_positions,10,1147,38.20000076293945,130.39,True,2.7,0.6668,7.938,35.5,1.41,-100.4,96.66,75.12,-0.48,2.65,0,timeout_other,,E4
color-seed2000,color,2000,new_positions,11,1149,38.266666412353516,130.55,True,3.87,0.6319,9.307,34.4,1.49,-100.4,96.66,75.12,-0.4,2.65,0,timeout_other,,E4
color-seed2000,color,2000,new_positions,12,1147,38.20000076293945,126.49,True,3.23,0.6966,9.14,34.97,1.41,-100.4,96.66,75.12,-0.48,2.58,0,timeout_other,,E4
color-seed2000,color,2000,new_positions,13,1151,38.33333206176758,131.19,True,2.27,0.6073,11.058,36.07,1.58,-100.31,96.66,74.15,-0.48,2.65,0,timeout_other,,E5
color-seed2000,color,2000,new_positions,14,1145,38.13333511352539,128.32,True,3.97,0.6465,14.406,34.17,1.41,-100.4,96.66,75.3,-0.48,2.58,0,timeout_other,,E5
color-seed2000,color,2000,new_positions,15,1123,37.400001525878906,129.81,True,2.27,0.6226,9.029,35.13,1.49,-100.4,96.66,75.3,-0.57,2.65,0,timeout_other,,E5
color-seed2000,color,2000,reduced_lighting,1,1151,38.33333206176758,138.61,True,2.47,0.604,9.688,35.87,-1.23,-101.19,96.57,74.15,-2.59,2.58,0,contact_no_grasp,,-
color-seed2000,color,2000,reduced_lighting,2,351,11.666666984558105,145.32,True,1.23,0.965,8.319,10.43,-0.62,-100.31,96.57,74.07,-1.98,2.65,1,success,,-
color-seed2000,color,2000,reduced_lighting,3,376,12.5,148.76,True,0.6,0.856,8.692,11.9,-1.05,-101.19,96.57,74.42,-1.63,2.58,1,success,,-
color-seed2000,color,2000,reduced_lighting,4,401,13.333333015441895,142.76,True,0.9,0.8685,8.009,12.43,-1.49,-101.19,96.57,74.15,-1.63,2.85,1,success,,-
color-seed2000,color,2000,reduced_lighting,5,460,15.300000190734863,143.06,True,3.7,0.8834,7.989,11.6,-0.53,-101.19,96.57,74.42,-1.63,2.58,1,success,,-
color-seed2000,color,2000,reduced_lighting,6,383,12.733333587646484,150.5,True,2.57,0.9241,10.528,10.17,-0.53,-101.19,96.57,74.51,-1.98,2.58,1,success,,-
color-seed2000,color,2000,reduced_lighting,7,385,12.800000190734863,143.65,True,0.47,0.8885,10.012,12.33,-1.58,-101.27,96.57,72.75,-2.59,2.58,1,success,,-
color-seed2000,color,2000,reduced_lighting,8,432,14.366666793823242,139.48,True,0.97,0.8488,7.911,13.4,-1.05,-101.19,96.57,74.51,-1.54,2.85,1,success,,-
color-seed2000,color,2000,reduced_lighting,9,359,11.933333396911621,147.31,True,1.7,0.9017,13.003,10.23,-0.53,-101.19,96.57,74.42,-1.98,2.58,1,success,,-
color-seed2000,color,2000,reduced_lighting,10,369,12.266666412353516,147.01,True,0.7,0.9129,10.774,11.57,-0.18,-101.19,96.57,74.51,-2.07,2.52,1,success,,-
color-seed2000,color,2000,reduced_lighting,11,380,12.633333206176758,141.52,True,0.77,0.8561,8.182,11.87,-1.14,-101.19,96.57,74.15,-2.51,2.52,1,success,,-
color-seed2000,color,2000,reduced_lighting,12,354,11.766666412353516,142.68,True,0.87,0.8807,10.018,10.9,-0.53,-101.19,96.57,74.15,-1.63,2.52,1,success,,-
color-seed2000,color,2000,reduced_lighting,13,437,14.533333778381348,144.93,True,2.27,0.8596,7.207,12.27,-0.62,-101.19,96.57,74.15,-1.63,2.85,1,success,,-
color-seed2000,color,2000,reduced_lighting,14,350,11.633333206176758,146.81,True,1.27,0.9755,10.534,10.37,-0.62,-101.19,96.57,74.15,-1.63,2.52,1,success,,-
color-seed2000,color,2000,reduced_lighting,15,426,14.166666984558105,151.32,True,1.27,0.8613,11.027,12.9,-1.58,-101.19,96.57,74.33,-2.59,2.85,1,success,,-
color-slowpace,color-slowpace,1000,different_object,1,688,22.899999618530273,127.29,True,6.87,0.838,7.659,16.03,-0.44,-99.6,96.66,76.18,-1.36,3.11,1,success,,-
color-slowpace,color-slowpace,1000,different_object,2,619,20.600000381469727,127.3,True,4.73,0.8164,8.398,15.87,0.97,-100.13,96.75,76.18,-1.98,3.11,1,success,,-
color-slowpace,color-slowpace,1000,different_object,3,589,19.600000381469727,135.23,True,3.3,0.8594,9.573,16.3,-0.09,-99.43,96.66,74.68,-1.54,2.91,1,success,,-
color-slowpace,color-slowpace,1000,different_object,4,1151,38.33333206176758,149.09,True,22.8,0.8713,6.854,15.53,0.97,-99.43,96.66,76.18,-0.84,2.91,1,success,,-
color-slowpace,color-slowpace,1000,different_object,5,555,18.46666717529297,136.38,True,3.5,0.857,7.046,14.97,-0.09,-99.43,96.75,74.68,-2.42,2.91,1,success,,-
color-slowpace,color-slowpace,1000,different_object,6,521,17.33333396911621,144.68,True,2.3,0.8864,8.261,15.03,0.44,-100.13,96.66,76.26,-1.19,2.85,1,success,,-
color-slowpace,color-slowpace,1000,different_object,7,590,19.633333206176758,125.38,True,3.83,0.7854,7.106,15.8,0.44,-99.43,96.66,75.82,-1.54,2.52,1,success,,-
color-slowpace,color-slowpace,1000,different_object,8,1151,38.33333206176758,128.61,True,30.03,0.8703,9.454,8.3,0.88,-99.43,96.66,75.82,-1.98,2.85,0,timeout_other,,-
color-slowpace,color-slowpace,1000,different_object,9,656,21.83333396911621,121.78,True,5.87,0.7987,8.832,15.97,0.0,-98.46,96.75,74.68,-1.1,3.84,1,success,,-
color-slowpace,color-slowpace,1000,different_object,10,598,19.899999618530273,137.03,True,3.9,0.8563,12.765,16.0,0.09,-99.43,96.66,74.68,-0.57,2.85,1,success,,-
color-slowpace,color-slowpace,1000,different_object,11,545,18.133333206176758,125.59,True,2.23,0.7934,10.771,15.9,1.05,-99.43,96.66,75.82,-1.98,2.85,1,success,,-
color-slowpace,color-slowpace,1000,different_object,12,711,23.66666603088379,124.68,True,7.13,0.8133,7.497,16.53,1.05,-99.43,96.66,75.82,-1.98,2.85,1,success,,-
color-slowpace,color-slowpace,1000,different_object,13,576,19.16666603088379,140.65,True,4.1,0.8843,8.83,15.07,-0.44,-99.43,96.66,75.82,-1.98,2.85,1,success,,-
color-slowpace,color-slowpace,1000,different_object,14,795,26.46666717529297,143.34,True,9.33,0.8535,11.697,17.13,0.97,-99.43,96.66,76.18,-0.84,2.85,1,success,,-
color-slowpace,color-slowpace,1000,different_object,15,693,23.066667556762695,142.46,True,4.23,0.8043,7.862,18.83,0.97,-99.43,96.66,75.82,-1.27,2.85,1,success,,-
color-slowpace,color-slowpace,1000,in_distribution,1,755,25.133333206176758,125.88,True,9.53,0.8483,8.539,15.6,1.05,-101.1,96.66,75.38,-0.92,2.52,1,success,,-
color-slowpace,color-slowpace,1000,in_distribution,2,842,28.03333282470703,114.6,True,12.47,0.8682,9.158,15.57,0.97,-100.66,96.75,76.62,-0.92,2.52,1,success,,-
color-slowpace,color-slowpace,1000,in_distribution,3,600,19.96666717529297,122.61,True,4.93,0.7941,8.183,15.03,0.97,-100.66,96.75,76.62,-0.04,2.52,1,success,,-
color-slowpace,color-slowpace,1000,in_distribution,4,1147,38.20000076293945,6.7,False,,,,,1.93,-100.66,96.66,76.53,-0.92,2.52,0,no_departure,,-
color-slowpace,color-slowpace,1000,in_distribution,5,602,20.03333282470703,122.46,True,5.4,0.8372,9.667,14.63,0.97,-100.66,96.84,76.62,-1.36,2.52,1,success,,-
color-slowpace,color-slowpace,1000,in_distribution,6,547,18.200000762939453,137.18,True,2.53,0.8297,8.245,15.67,0.97,-100.66,96.75,75.21,-0.92,2.52,1,success,,-
color-slowpace,color-slowpace,1000,in_distribution,7,542,18.03333282470703,117.61,True,2.13,0.8254,9.02,15.9,0.97,-101.19,96.75,76.79,-0.92,2.52,1,success,,-
color-slowpace,color-slowpace,1000,in_distribution,8,1151,38.33333206176758,132.66,True,2.7,0.7267,9.176,35.63,0.88,-100.66,96.75,76.62,-0.92,2.52,0,contact_no_grasp,,-
color-slowpace,color-slowpace,1000,in_distribution,9,641,21.33333396911621,114.63,True,4.37,0.789,8.835,16.97,2.02,-99.34,96.66,74.86,-0.04,2.58,1,success,,-
color-slowpace,color-slowpace,1000,in_distribution,10,1149,38.266666412353516,114.85,True,34.77,1.0394,13.418,3.5,0.97,-100.66,96.66,76.62,-0.04,2.52,0,timeout_other,,-
color-slowpace,color-slowpace,1000,in_distribution,11,872,29.03333282470703,126.07,True,12.43,0.7794,9.089,16.6,2.11,-99.52,96.75,75.21,-0.04,3.38,1,success,,-
color-slowpace,color-slowpace,1000,in_distribution,12,810,26.96666717529297,123.03,True,12.63,0.8189,7.064,14.33,0.97,-100.66,96.66,76.62,-1.36,2.52,1,success,,-
color-slowpace,color-slowpace,1000,in_distribution,13,1149,38.266666412353516,10.22,False,,,,,0.97,-100.48,96.66,75.21,-1.45,2.52,0,no_departure,,-
color-slowpace,color-slowpace,1000,in_distribution,14,636,21.16666603088379,128.56,True,7.43,0.7813,9.471,13.73,1.05,-100.22,96.75,76.44,-1.36,2.52,1,success,,-
color-slowpace,color-slowpace,1000,in_distribution,15,1150,38.29999923706055,121.86,True,29.97,0.8571,14.225,8.33,1.05,-100.66,96.66,75.21,-0.92,2.52,0,timeout_other,,-
color,color,1000,different_object,1,401,13.333333015441895,151.15,True,0.83,0.9493,14.12,12.5,1.58,-101.71,96.84,76.79,-0.4,2.05,1,success,,-
color,color,1000,different_object,2,392,13.033333778381348,144.81,True,0.97,0.8706,6.821,12.07,2.81,-101.71,96.75,76.0,-0.57,2.05,1,success,,-
color,color,1000,different_object,3,401,13.333333015441895,139.6,True,1.77,0.8296,7.132,11.57,1.58,-101.71,96.75,75.38,-0.57,2.05,1,success,,-
color,color,1000,different_object,4,389,12.933333396911621,145.41,True,2.97,0.9544,7.498,9.97,1.58,-101.71,96.66,76.79,-1.45,2.05,1,success,,-
color,color,1000,different_object,5,385,12.800000190734863,143.86,True,1.33,0.8857,10.276,11.47,1.58,-101.71,96.66,75.21,-0.57,2.05,1,success,,-
color,color,1000,different_object,6,401,13.333333015441895,148.96,True,1.63,0.8461,11.04,11.7,1.58,-101.71,96.66,76.79,-0.57,2.05,1,success,,-
color,color,1000,different_object,7,353,11.733333587646484,146.46,True,0.87,0.9276,8.873,10.87,1.67,-101.71,96.66,76.79,-1.01,2.05,1,success,,-
color,color,1000,different_object,8,401,13.333333015441895,140.55,True,1.63,0.8872,10.298,11.7,1.67,-101.71,96.75,76.79,-1.89,2.05,1,success,,-
color,color,1000,different_object,9,413,13.733333587646484,138.88,True,2.57,0.8793,7.88,11.17,1.67,-101.71,96.75,76.26,-0.48,2.05,1,success,,-
color,color,1000,different_object,10,384,12.766666412353516,144.14,True,1.37,0.884,7.189,11.4,1.67,-101.71,96.84,76.79,-1.01,2.05,1,success,,-
color,color,1000,different_object,11,400,13.300000190734863,149.57,True,2.43,0.9219,7.293,10.87,1.58,-101.71,96.75,76.79,-0.57,2.05,1,success,,-
color,color,1000,different_object,12,392,13.033333778381348,143.46,True,2.07,0.9352,7.199,10.97,1.58,-101.71,96.66,76.79,-0.75,2.05,1,success,,-
color,color,1000,different_object,13,401,13.333333015441895,144.95,True,1.57,0.9155,10.228,11.77,2.73,-101.71,96.66,76.79,-1.27,2.05,1,success,,-
color,color,1000,different_object,14,340,11.300000190734863,134.5,True,0.83,0.8752,7.12,10.47,1.58,-101.71,96.84,76.62,-0.92,2.05,1,success,,-
color,color,1000,different_object,15,401,13.333333015441895,151.18,True,0.87,0.8629,8.679,12.47,3.08,-101.71,96.75,76.79,-0.75,2.05,1,success,,-
color,color,1000,distractors,1,403,13.399999618530273,147.89,True,0.9,0.8887,7.771,12.5,0.53,-101.8,96.66,74.68,-1.98,1.59,1,success,,-
color,color,1000,distractors,2,358,11.899999618530273,146.15,True,0.63,0.9611,8.795,11.27,0.53,-102.59,96.57,75.82,-1.54,1.59,1,success,,-
color,color,1000,distractors,3,403,13.399999618530273,152.86,True,0.9,0.9271,13.665,12.5,-0.09,-102.24,96.66,75.82,-1.98,1.59,1,success,,-
color,color,1000,distractors,4,371,12.333333015441895,146.63,True,0.63,0.9387,7.33,11.7,0.53,-102.24,96.57,74.68,-1.98,1.59,1,success,,-
color,color,1000,distractors,5,418,13.899999618530273,146.98,True,0.43,0.8585,8.236,13.47,0.53,-102.59,96.57,75.91,-1.63,1.59,1,success,,-
color,color,1000,distractors,6,441,14.666666984558105,148.41,True,1.07,0.891,8.87,13.6,0.09,-102.24,96.57,75.91,-1.98,1.32,1,success,,-
color,color,1000,distractors,7,385,12.800000190734863,146.96,True,0.77,0.9243,8.163,12.03,0.62,-102.51,96.57,75.74,-1.45,1.59,1,success,,-
color,color,1000,distractors,8,434,14.433333396911621,140.33,True,0.7,0.8781,6.813,13.73,0.0,-102.24,96.66,75.91,-1.63,1.59,1,success,,-
color,color,1000,distractors,9,418,13.899999618530273,146.67,True,1.63,0.9002,8.522,12.27,0.53,-102.24,96.57,75.91,-1.1,1.52,1,success,,-
color,color,1000,distractors,10,414,13.766666412353516,147.72,True,2.1,0.8862,7.72,11.67,0.62,-102.15,96.75,75.82,-1.54,1.26,1,success,,-
color,color,1000,distractors,11,1151,38.33333206176758,133.93,True,1.0,0.6674,16.774,37.33,0.53,-102.24,96.66,75.91,-1.63,1.59,0,contact_no_grasp,,-
color,color,1000,distractors,12,429,14.266666412353516,155.06,True,1.33,0.9034,9.755,12.93,0.62,-101.45,96.66,74.68,-1.01,2.25,1,success,,-
color,color,1000,distractors,13,394,13.100000381469727,141.5,True,0.67,0.8871,8.014,12.43,0.62,-102.24,96.75,75.91,-1.98,1.59,1,success,,-
color,color,1000,distractors,14,1151,38.33333206176758,135.69,True,0.63,0.6421,13.53,37.7,0.0,-101.98,96.57,75.91,-1.98,1.52,0,contact_no_grasp,,-
color,color,1000,distractors,15,475,15.800000190734863,149.04,True,1.47,0.8828,8.752,14.33,0.62,-101.45,96.57,74.68,-0.92,2.25,1,success,,-
color,color,1000,in_distribution,1,355,11.800000190734863,145.87,True,0.73,0.906,9.95,11.07,0.09,-102.77,96.92,75.91,-0.4,1.99,1,success,,-
color,color,1000,in_distribution,2,464,15.433333396911621,147.28,True,3.03,0.8927,9.414,12.4,0.09,-102.77,96.84,75.74,-0.4,1.99,1,success,,-
color,color,1000,in_distribution,3,431,14.333333015441895,145.67,True,0.63,0.8808,8.529,13.7,0.97,-102.77,96.84,74.68,-0.4,1.99,1,success,,-
color,color,1000,in_distribution,4,635,21.133333206176758,146.31,True,0.8,0.8331,9.447,20.33,0.26,-102.77,96.84,75.82,0.22,1.99,1,success,,-
color,color,1000,in_distribution,5,405,13.466666221618652,145.06,True,0.83,0.8644,11.727,12.63,0.53,-102.77,96.84,75.82,-0.4,1.99,1,success,,-
color,color,1000,in_distribution,6,351,11.666666984558105,146.39,True,0.67,0.9462,8.99,11.0,0.09,-102.77,96.75,75.82,-0.4,1.99,1,success,,-
color,color,1000,in_distribution,7,380,12.633333206176758,146.14,True,0.83,0.8984,10.686,11.8,0.79,-103.03,96.92,75.12,-0.4,1.99,1,success,,-
color,color,1000,in_distribution,8,1146,38.16666793823242,138.44,True,0.77,0.7163,13.01,37.4,0.09,-102.77,96.84,75.74,-0.4,1.99,0,contact_no_grasp,,-
color,color,1000,in_distribution,9,425,14.133333206176758,143.12,True,0.97,0.8529,8.142,13.17,1.58,-101.89,96.75,74.68,0.13,2.38,1,success,,-
color,color,1000,in_distribution,10,446,14.833333015441895,148.09,True,1.53,0.856,6.749,13.3,0.09,-102.77,96.84,75.82,-0.4,1.99,1,success,,-
color,color,1000,in_distribution,11,1148,38.233333587646484,128.12,True,0.6,0.6767,12.195,37.63,0.09,-102.77,96.84,75.82,-0.4,1.99,0,grasp_drop,,-
color,color,1000,in_distribution,12,400,13.300000190734863,149.23,True,1.5,0.8516,8.101,11.8,1.58,-101.89,96.84,74.68,0.22,2.65,1,success,,-
color,color,1000,in_distribution,13,343,11.399999618530273,142.65,True,0.6,0.8554,8.577,10.8,0.09,-102.77,96.75,75.74,-0.4,1.99,1,success,,-
color,color,1000,in_distribution,14,401,13.333333015441895,144.28,True,1.03,0.8793,19.515,12.3,0.09,-103.03,96.84,75.74,-0.4,1.99,1,success,,-
color,color,1000,in_distribution,15,395,13.133333206176758,143.77,True,2.0,0.8586,8.093,11.13,0.09,-102.77,96.75,75.82,-0.4,1.99,1,success,,-
color,color,1000,new_positions,1,1149,38.266666412353516,139.89,True,2.23,0.5504,11.672,36.03,1.49,-101.45,96.75,77.05,-0.92,2.65,0,timeout_other,,E1
color,color,1000,new_positions,2,1149,38.266666412353516,139.04,True,1.83,0.5499,13.057,36.43,1.49,-101.45,96.75,76.97,-0.92,2.65,0,timeout_other,,E1
color,color,1000,new_positions,3,1151,38.33333206176758,141.67,True,4.4,0.5705,20.109,33.93,1.49,-101.45,96.75,77.05,-0.92,2.65,0,timeout_other,,E1
color,color,1000,new_positions,4,1150,38.29999923706055,130.51,True,23.97,0.8551,9.225,14.33,1.58,-101.45,96.75,77.05,-0.92,2.65,0,timeout_other,,E2
color,color,1000,new_positions,5,1151,38.33333206176758,137.53,True,5.73,0.6129,25.014,32.6,1.58,-101.45,96.75,75.91,-1.1,2.65,0,timeout_other,,E2
color,color,1000,new_positions,6,1151,38.33333206176758,136.47,True,12.2,0.5787,12.252,26.13,1.67,-101.45,96.75,77.05,-0.92,2.65,0,timeout_other,,E2
color,color,1000,new_positions,7,1151,38.33333206176758,136.38,True,1.6,0.5249,6.905,36.73,1.58,-101.45,96.75,77.05,-0.92,2.65,0,timeout_other,,E3
color,color,1000,new_positions,8,1151,38.33333206176758,133.82,True,1.43,0.5276,8.004,36.9,1.49,-101.54,96.75,76.26,-0.92,2.65,0,timeout_other,,E3
color,color,1000,new_positions,9,1151,38.33333206176758,134.97,True,1.87,0.5087,7.677,36.47,1.58,-101.45,96.75,77.05,-0.92,2.65,0,timeout_other,,E3
color,color,1000,new_positions,10,1151,38.33333206176758,131.51,True,2.37,0.5933,9.702,35.97,1.58,-101.27,96.75,76.26,-1.27,2.65,0,timeout_other,,E4
color,color,1000,new_positions,11,1151,38.33333206176758,135.19,True,2.13,0.5542,7.553,36.2,1.58,-101.45,96.75,77.05,-0.92,2.65,0,timeout_other,,E4
color,color,1000,new_positions,12,1151,38.33333206176758,141.99,True,2.4,0.5748,8.05,35.93,1.58,-101.45,96.75,77.05,-0.92,2.65,0,timeout_other,,E4
color,color,1000,new_positions,13,1151,38.33333206176758,132.93,True,2.83,0.6039,7.824,35.5,1.67,-101.45,96.75,77.05,-0.84,2.65,0,timeout_other,,E5
color,color,1000,new_positions,14,1150,38.29999923706055,132.26,True,1.7,0.6596,8.678,36.6,1.49,-101.63,96.75,76.18,-0.92,2.65,0,timeout_other,,E5
color,color,1000,new_positions,15,1115,37.13333511352539,124.39,True,4.0,0.6953,9.009,33.13,1.58,-101.45,96.75,75.91,-1.1,2.25,0,timeout_other,,E5
color,color,1000,reduced_lighting,1,332,11.033333778381348,145.35,True,0.47,0.8937,8.163,10.57,0.62,-103.12,96.84,75.82,-0.48,1.59,1,success,,-
color,color,1000,reduced_lighting,2,1151,38.33333206176758,135.54,True,0.77,0.6525,11.003,37.57,0.53,-102.59,96.84,75.74,-0.92,1.59,0,contact_no_grasp,,-
color,color,1000,reduced_lighting,3,390,12.966666221618652,148.64,True,1.2,0.9104,8.629,11.77,1.67,-102.42,96.84,74.33,0.13,2.25,1,success,,-
color,color,1000,reduced_lighting,4,383,12.733333587646484,146.4,True,0.53,0.8634,8.696,12.2,0.53,-103.12,96.75,75.82,-0.92,1.59,1,success,,-
color,color,1000,reduced_lighting,5,1151,38.33333206176758,139.36,True,0.7,0.6124,12.022,37.63,0.62,-103.21,96.84,75.82,-0.92,1.66,0,contact_no_grasp,,-
color,color,1000,reduced_lighting,6,379,12.600000381469727,142.13,True,0.77,0.8996,7.201,11.83,0.53,-102.42,96.84,74.86,0.04,2.25,1,success,,-
color,color,1000,reduced_lighting,7,438,14.566666603088379,146.16,True,1.57,0.8433,12.026,13.0,1.32,-103.21,96.92,75.74,-0.57,1.59,1,success,,-
color,color,1000,reduced_lighting,8,337,11.199999809265137,148.46,True,0.67,0.8992,8.267,10.53,0.53,-103.21,96.84,75.82,-0.57,1.26,1,success,,-
color,color,1000,reduced_lighting,9,351,11.666666984558105,144.06,True,1.17,0.9212,8.038,10.5,0.53,-103.21,96.75,76.09,-0.92,1.59,1,success,,-
color,color,1000,reduced_lighting,10,351,11.666666984558105,147.72,True,0.7,0.8792,9.343,10.97,0.53,-103.12,96.75,76.26,-0.92,1.66,1,success,,-
color,color,1000,reduced_lighting,11,1151,38.33333206176758,135.15,True,0.57,0.7398,10.157,37.77,0.53,-102.95,96.84,74.51,-0.92,1.59,0,contact_no_grasp,,-
color,color,1000,reduced_lighting,12,379,12.600000381469727,144.9,True,0.87,0.9266,9.252,11.73,1.58,-102.42,96.75,74.33,-0.04,2.25,1,success,,-
color,color,1000,reduced_lighting,13,566,18.83333396911621,141.47,True,0.6,0.7472,10.716,18.23,0.53,-103.03,96.75,75.82,-0.92,1.59,1,success_after_missed_grasp,,-
color,color,1000,reduced_lighting,14,405,13.466666221618652,148.77,True,0.57,0.857,9.049,12.9,0.53,-102.68,96.84,75.82,-0.92,1.52,1,success,,-
color,color,1000,reduced_lighting,15,426,14.166666984558105,147.21,True,0.47,0.8625,8.117,13.7,0.53,-103.21,96.84,76.18,-0.92,1.59,1,success,,-
density10-seed2000,density10,2000,distractors,1,446,14.833333015441895,122.16,True,1.33,0.728,8.952,13.5,1.49,-95.47,96.84,70.99,-2.68,2.98,1,success,,-
density10-seed2000,density10,2000,distractors,2,1151,38.33333206176758,158.89,True,0.47,0.5558,9.733,37.87,1.58,-96.44,96.75,72.4,-4.0,1.79,0,timeout_other,,-
density10-seed2000,density10,2000,distractors,3,1151,38.33333206176758,125.33,True,0.57,0.6677,8.881,37.77,0.97,-95.47,96.84,70.99,-3.03,2.98,1,success,,-
density10-seed2000,density10,2000,distractors,4,1150,38.29999923706055,140.4,True,0.47,0.5893,12.904,37.83,0.97,-95.47,96.84,70.73,-4.53,2.98,0,grasp_drop,,-
density10-seed2000,density10,2000,distractors,5,1150,38.29999923706055,148.29,True,1.43,0.5208,7.9,36.87,0.53,-95.47,96.84,72.04,-3.03,2.98,0,grasp_drop,,-
density10-seed2000,density10,2000,distractors,6,1147,38.20000076293945,162.42,True,0.77,0.4962,11.977,37.43,0.62,-95.47,96.84,70.99,-4.53,2.98,0,timeout_other,,-
density10-seed2000,density10,2000,distractors,7,1150,38.29999923706055,159.62,True,0.5,0.4905,8.768,37.8,2.02,-95.47,96.84,70.99,-3.03,2.98,0,contact_no_grasp,,-
density10-seed2000,density10,2000,distractors,8,1151,38.33333206176758,151.92,True,0.9,0.5586,8.229,37.43,1.85,-95.47,96.84,70.99,-4.53,2.98,0,contact_no_grasp,,-
density10-seed2000,density10,2000,distractors,9,1147,38.20000076293945,162.21,True,0.73,0.4717,5.504,37.47,2.02,-95.47,96.84,70.99,-4.53,2.98,0,contact_no_grasp,,-
density10-seed2000,density10,2000,distractors,10,657,21.866666793823242,123.66,True,0.63,0.7075,7.122,21.23,1.93,-95.47,96.84,70.99,-4.53,2.98,1,success,,-
density10-seed2000,density10,2000,distractors,11,1150,38.29999923706055,148.88,True,0.8,0.4937,15.327,37.5,1.93,-96.44,96.84,72.4,-3.03,1.92,0,grasp_drop,,-
density10-seed2000,density10,2000,distractors,12,1146,38.16666793823242,157.53,True,0.57,0.4965,9.879,37.6,0.62,-95.47,96.84,70.99,-4.44,2.98,0,contact_no_grasp,,-
density10-seed2000,density10,2000,distractors,13,1122,37.36666488647461,145.83,True,0.63,0.5363,8.968,36.73,1.67,-95.47,96.84,70.99,-3.12,2.98,1,success,,-
density10-seed2000,density10,2000,distractors,14,1108,36.900001525878906,159.1,True,0.73,0.5014,9.857,36.17,0.62,-95.47,96.84,70.99,-4.53,2.98,0,contact_no_grasp,,-
density10-seed2000,density10,2000,distractors,15,431,14.333333015441895,124.49,True,0.97,0.6744,5.539,13.37,0.7,-95.47,96.84,70.99,-4.53,2.98,1,success,,-
density10-seed2000,density10,2000,in_distribution,1,451,15.0,121.66,True,0.77,0.685,9.843,14.23,3.69,-94.68,96.57,69.58,-0.4,2.45,1,success,,-
density10-seed2000,density10,2000,in_distribution,2,462,15.366666793823242,131.14,True,0.47,0.7045,6.042,14.9,3.87,-94.86,96.75,70.99,-0.4,2.45,1,success,,-
density10-seed2000,density10,2000,in_distribution,3,416,13.833333015441895,135.16,True,0.57,0.7543,6.987,13.27,3.69,-94.86,96.84,70.99,-0.4,2.45,1,success,,-
density10-seed2000,density10,2000,in_distribution,4,1151,38.33333206176758,157.51,True,0.67,0.6261,10.409,37.67,3.69,-94.86,96.92,71.34,0.92,2.45,0,contact_no_grasp,,-
density10-seed2000,density10,2000,in_distribution,5,411,13.666666984558105,125.14,True,0.63,0.7478,7.225,13.03,3.69,-93.89,96.57,69.58,-0.4,3.71,1,success,,-
density10-seed2000,density10,2000,in_distribution,6,451,15.0,133.75,True,0.77,0.6895,6.978,14.23,3.69,-94.86,96.92,70.99,-0.4,2.45,1,success,,-
density10-seed2000,density10,2000,in_distribution,7,449,14.933333396911621,129.1,True,0.87,0.7002,7.577,14.07,3.69,-94.86,96.84,70.99,-0.84,2.45,1,success,,-
density10-seed2000,density10,2000,in_distribution,8,440,14.633333206176758,147.8,True,1.4,0.7524,9.197,13.23,3.69,-94.86,96.75,70.99,-0.31,2.45,1,success,,-
density10-seed2000,density10,2000,in_distribution,9,348,11.566666603088379,128.99,True,0.8,0.8023,6.183,10.77,3.69,-94.86,96.57,70.99,-0.4,2.45,1,success,,-
density10-seed2000,density10,2000,in_distribution,10,424,14.100000381469727,136.3,True,0.93,0.7267,5.776,13.17,3.69,-94.86,96.57,70.99,0.31,2.45,1,success,,-
density10-seed2000,density10,2000,in_distribution,11,413,13.733333587646484,135.18,True,0.83,0.8037,8.439,12.9,3.87,-94.77,96.84,69.93,-0.4,2.45,1,success,,-
density10-seed2000,density10,2000,in_distribution,12,427,14.199999809265137,129.38,True,1.17,0.7181,7.702,13.03,4.66,-94.86,96.84,70.99,-0.31,2.45,1,success,,-
density10-seed2000,density10,2000,in_distribution,13,442,14.699999809265137,129.6,True,0.63,0.725,6.755,14.07,3.69,-94.86,96.57,70.99,-0.4,2.45,1,success,,-
density10-seed2000,density10,2000,in_distribution,14,1150,38.29999923706055,150.62,True,0.87,0.5082,7.388,37.43,3.87,-94.86,96.57,70.99,-0.4,2.78,0,contact_no_grasp,,-
density10-seed2000,density10,2000,in_distribution,15,369,12.266666412353516,125.33,True,1.0,0.8016,5.405,11.27,3.78,-93.89,96.57,69.58,-0.4,3.64,1,success,,-
density10-seed2000,density10,2000,new_positions,1,1124,37.43333435058594,125.6,True,2.17,0.5363,6.845,35.27,3.16,-95.03,96.84,72.66,-2.95,2.91,0,timeout_other,,E1
density10-seed2000,density10,2000,new_positions,2,1119,37.266666412353516,119.68,True,4.13,0.625,14.897,33.13,3.6,-94.95,96.84,72.75,-3.03,2.58,0,contact_no_grasp,,E1
density10-seed2000,density10,2000,new_positions,3,1126,37.5,119.36,True,0.9,0.6271,8.4,36.6,3.6,-94.95,96.84,72.75,-3.03,2.91,0,timeout_other,,E1
density10-seed2000,density10,2000,new_positions,4,1120,37.29999923706055,117.19,True,1.93,0.5622,10.844,35.37,3.25,-94.95,96.84,72.75,-3.12,2.91,0,timeout_other,,E1
density10-seed2000,density10,2000,new_positions,5,1101,36.66666793823242,123.82,True,2.03,0.6208,8.812,34.63,3.25,-95.03,96.84,72.84,-2.95,2.98,0,timeout_other,,E1
density10-seed2000,density10,2000,new_positions,6,1099,36.599998474121094,110.57,True,0.87,0.623,8.055,35.73,3.6,-94.95,96.84,72.66,-2.95,2.91,0,timeout_other,,E2
density10-seed2000,density10,2000,new_positions,7,1096,36.5,120.59,True,0.9,0.6226,15.054,35.6,3.6,-95.03,96.84,72.84,-3.03,2.58,0,timeout_other,,E2
density10-seed2000,density10,2000,new_positions,8,1095,36.46666717529297,120.46,True,1.17,0.5943,8.306,35.3,3.6,-95.03,96.84,73.01,-3.03,2.98,0,timeout_other,,E2
density10-seed2000,density10,2000,new_positions,9,1094,36.43333435058594,117.06,True,0.63,0.6028,6.325,35.8,3.52,-94.95,96.84,71.69,-3.03,2.98,0,timeout_other,,E2
density10-seed2000,density10,2000,new_positions,10,1095,36.46666717529297,122.88,True,0.57,0.5822,8.289,35.9,3.6,-95.03,96.84,72.75,-3.03,2.58,0,timeout_other,,E2
density10-seed2000,density10,2000,new_positions,11,1085,36.13333511352539,145.3,True,1.67,0.6279,12.267,34.47,3.69,-95.12,96.84,72.84,-3.03,2.98,0,contact_no_grasp,,E3
density10-seed2000,density10,2000,new_positions,12,1089,36.266666412353516,162.29,True,1.03,0.5029,6.957,35.23,3.69,-95.03,96.84,72.92,-3.03,2.91,0,contact_no_grasp,,E3
density10-seed2000,density10,2000,new_positions,13,1101,36.66666793823242,172.4,True,1.03,0.5346,9.063,35.63,3.69,-95.12,96.84,71.69,-4.44,2.58,0,timeout_other,,E3
density10-seed2000,density10,2000,new_positions,14,1084,36.099998474121094,163.01,True,1.5,0.5026,13.285,34.6,3.69,-94.95,96.84,71.52,-4.53,2.58,0,timeout_other,,E3
density10-seed2000,density10,2000,new_positions,15,751,25.0,129.78,True,0.93,0.7054,12.423,24.07,3.69,-94.95,96.84,71.69,-4.44,2.98,1,success_after_missed_grasp,,E3
density10-seed2000,density10,2000,new_positions,16,1074,35.766666412353516,163.21,True,0.6,0.6011,8.211,35.17,3.87,-95.91,96.84,71.69,-3.03,1.66,0,timeout_other,,E4
density10-seed2000,density10,2000,new_positions,17,1117,37.20000076293945,161.5,True,0.7,0.5878,8.676,36.5,4.66,-94.95,96.84,71.69,-3.21,2.58,0,timeout_other,,E4
density10-seed2000,density10,2000,new_positions,18,1122,37.36666488647461,161.8,True,0.43,0.5665,6.538,36.93,5.1,-94.42,96.75,70.99,-2.68,2.98,0,timeout_other,,E4
density10-seed2000,density10,2000,new_positions,19,1121,37.33333206176758,162.49,True,0.33,0.6163,6.951,37.0,5.19,-94.42,96.75,71.16,-2.68,2.98,0,contact_no_grasp,,E4
density10-seed2000,density10,2000,new_positions,20,1120,37.29999923706055,160.28,True,0.67,0.571,6.985,36.63,5.27,-94.77,96.75,71.16,-2.68,2.98,0,timeout_other,,E4
density10-seed2000,density10,2000,new_positions,21,1117,37.20000076293945,161.76,True,1.03,0.5871,6.442,36.17,5.27,-94.77,96.75,71.16,-2.68,2.98,0,timeout_other,,E5
density10-seed2000,density10,2000,new_positions,22,1107,36.86666488647461,162.12,True,0.8,0.5664,8.04,36.07,5.27,-94.77,96.75,71.34,-2.68,2.98,0,contact_no_grasp,,E5
density10-seed2000,density10,2000,new_positions,23,1104,36.766666412353516,159.43,True,2.53,0.5475,6.655,34.23,5.27,-94.77,96.75,71.16,-2.59,2.98,0,contact_no_grasp,,E5
density10-seed2000,density10,2000,new_positions,24,1101,36.66666793823242,163.55,True,1.23,0.5721,5.347,35.43,5.1,-94.68,96.75,71.16,-2.68,2.98,0,timeout_other,,E5
density10-seed2000,density10,2000,new_positions,25,1101,36.66666793823242,157.75,True,1.2,0.5647,10.154,35.47,5.1,-94.59,96.75,71.16,-2.68,2.98,0,contact_no_grasp,,E5
density10-seed2000,density10,2000,reach_e5,1,1150,38.29999923706055,155.93,True,0.63,0.5861,7.926,37.67,6.95,-92.75,96.92,67.56,-0.4,5.89,0,timeout_other,,reach_e5
density10-seed2000,density10,2000,reach_e5,2,1150,38.29999923706055,155.82,True,0.47,0.603,6.199,37.83,7.91,-92.75,96.92,67.56,1.1,5.83,0,timeout_other,,reach_e5
density10-seed2000,density10,2000,reach_e5,3,1151,38.33333206176758,159.5,True,0.73,0.6051,6.0,37.6,7.82,-92.75,96.92,67.56,0.92,6.89,0,timeout_other,,reach_e5
density10-seed2000,density10,2000,reach_e5,4,1150,38.29999923706055,158.6,True,1.17,0.5905,9.547,37.13,7.03,-92.92,97.01,67.56,-0.31,6.82,0,timeout_other,,reach_e5
density10-seed2000,density10,2000,reach_e5,5,1150,38.29999923706055,153.69,True,0.43,0.6028,5.558,37.87,7.91,-92.75,96.92,67.56,0.92,6.89,0,timeout_other,,reach_e5
density10-seed2000,density10,2000,spot_check,1,621,20.66666603088379,130.98,True,0.7,0.7634,6.296,19.97,2.02,-91.6,96.84,67.12,-2.95,4.7,1,success,,T1
density10-seed2000,density10,2000,spot_check,2,503,16.733333587646484,139.12,True,0.53,0.7264,6.79,16.2,2.02,-92.04,96.84,65.45,-2.95,4.7,1,success,,T1
density10-seed2000,density10,2000,spot_check,3,469,15.600000381469727,141.73,True,0.73,0.6584,6.481,14.87,2.02,-91.87,96.84,65.45,-1.54,4.7,1,success,,T3
density10-seed2000,density10,2000,spot_check,4,429,14.266666412353516,151.24,True,0.8,0.7024,6.302,13.47,1.67,-91.52,96.84,67.3,-2.95,4.7,1,success,,T3
density10-seed2000,density10,2000,spot_check,5,582,19.366666793823242,141.27,True,0.77,0.7256,5.516,18.6,1.67,-91.69,96.84,66.95,-2.95,4.7,1,success,,T10
density10-seed2000,density10,2000,spot_check,6,597,19.866666793823242,142.89,True,0.5,0.7047,11.385,19.37,1.67,-91.52,96.92,67.3,-2.95,4.7,1,success,,T10
density10,density10,1000,distractors,1,1151,38.33333206176758,164.63,True,0.4,0.5821,7.045,37.93,4.04,-101.89,96.66,64.4,-1.01,1.59,0,contact_no_grasp,,-
density10,density10,1000,distractors,2,431,14.333333015441895,123.63,True,0.47,0.7598,6.276,13.87,4.13,-100.75,96.66,63.16,-1.98,2.58,1,success,,-
density10,density10,1000,distractors,3,432,14.366666793823242,123.28,True,0.53,0.7599,6.732,13.83,4.04,-100.92,96.75,64.4,-1.01,1.59,1,success,,-
density10,density10,1000,distractors,4,494,16.433332443237305,128.56,True,0.43,0.7535,6.818,16.0,4.22,-101.89,96.75,63.16,-1.98,1.85,1,success,,-
density10,density10,1000,distractors,5,1151,38.33333206176758,161.52,True,0.4,0.5404,12.992,37.93,4.04,-100.75,96.75,64.4,-1.01,1.66,0,contact_no_grasp,,-
density10,density10,1000,distractors,6,1151,38.33333206176758,127.94,True,0.63,0.7269,10.303,37.7,2.81,-100.75,96.66,63.16,-1.54,2.58,1,success,,-
density10,density10,1000,distractors,7,1148,38.233333587646484,160.43,True,0.43,0.4873,6.608,37.8,2.73,-100.75,96.75,63.16,-1.98,2.58,0,contact_no_grasp,,-
density10,density10,1000,distractors,8,420,13.966666221618652,127.7,True,0.5,0.7093,5.015,13.47,4.13,-100.75,96.66,63.69,-1.98,2.58,1,success,,-
density10,density10,1000,distractors,9,1149,38.266666412353516,161.47,True,0.6,0.5891,9.352,37.67,4.22,-100.75,96.75,63.16,-1.1,1.59,0,timeout_other,,-
density10,density10,1000,distractors,10,1151,38.33333206176758,130.79,True,0.47,0.6852,7.359,37.87,4.13,-100.75,96.57,63.16,-2.42,2.58,1,success,,-
density10,density10,1000,distractors,11,693,23.066667556762695,128.07,True,0.6,0.7836,10.118,22.47,2.81,-100.75,96.75,63.16,-1.98,2.19,1,success_after_missed_grasp,,-
density10,density10,1000,distractors,12,451,15.0,133.36,True,0.47,0.8067,8.07,14.53,4.04,-100.75,96.66,63.16,-1.45,1.59,1,success,,-
density10,density10,1000,distractors,13,1151,38.33333206176758,163.08,True,0.57,0.5981,11.517,37.77,4.04,-100.75,96.66,63.16,-1.01,1.59,0,contact_no_grasp,,-
density10,density10,1000,distractors,14,407,13.533333778381348,127.05,True,0.47,0.7763,8.173,13.07,4.13,-100.75,96.75,63.16,-1.98,2.58,1,success,,-
density10,density10,1000,distractors,15,1151,38.33333206176758,164.96,True,0.53,0.5611,7.476,37.8,4.04,-100.75,96.66,63.87,-1.1,1.79,0,contact_no_grasp,,-
density10,density10,1000,in_distribution,1,754,25.100000381469727,130.83,True,0.57,0.7215,16.768,24.53,1.58,-102.68,96.66,61.49,-3.21,1.79,1,success_after_missed_grasp,,-
density10,density10,1000,in_distribution,2,555,18.46666717529297,131.43,True,0.63,0.6663,6.259,17.83,1.58,-102.68,96.75,61.49,-3.65,1.39,1,success,,-
density10,density10,1000,in_distribution,3,412,13.699999809265137,136.76,True,0.5,0.7777,6.861,13.2,2.55,-102.68,96.84,61.49,-4.0,1.39,1,success,,-
density10,density10,1000,in_distribution,4,1143,38.06666564941406,161.25,True,0.53,0.5194,9.721,37.53,2.55,-102.68,96.75,61.49,-3.12,0.73,0,contact_no_grasp,,-
density10,density10,1000,in_distribution,5,381,12.666666984558105,127.68,True,0.47,0.7779,8.407,12.2,2.64,-101.63,96.66,60.18,-4.53,1.79,1,success,,-
density10,density10,1000,in_distribution,6,412,13.699999809265137,128.6,True,0.5,0.7906,7.184,13.2,2.64,-102.68,96.57,61.49,-3.12,1.39,1,success,,-
density10,density10,1000,in_distribution,7,442,14.699999809265137,142.33,True,0.47,0.7294,6.614,14.23,2.55,-102.68,96.92,61.49,-3.12,1.13,1,success,,-
density10,density10,1000,in_distribution,8,387,12.866666793823242,126.8,True,0.7,0.8288,6.257,12.17,2.73,-102.68,96.75,61.49,-3.12,0.99,1,success,,-
density10,density10,1000,in_distribution,9,420,13.966666221618652,126.62,True,0.43,0.7418,6.343,13.53,2.55,-102.59,96.57,61.49,-4.0,1.39,1,success,,-
density10,density10,1000,in_distribution,10,405,13.466666221618652,127.86,True,0.6,0.7783,5.872,12.87,2.46,-102.24,96.84,61.49,-3.21,0.99,1,success,,-
density10,density10,1000,in_distribution,11,404,13.433333396911621,140.79,True,0.53,0.7887,7.727,12.9,2.11,-102.68,96.57,60.97,-3.03,0.99,1,success,,-
density10,density10,1000,in_distribution,12,357,11.866666793823242,130.58,True,0.53,0.8373,6.239,11.33,2.64,-102.59,96.66,60.18,-3.12,1.46,1,success,,-
density10,density10,1000,in_distribution,13,386,12.833333015441895,131.45,True,0.6,0.8032,7.383,12.23,2.64,-102.68,96.92,61.49,-3.12,1.06,1,success,,-
density10,density10,1000,in_distribution,14,1150,38.29999923706055,155.93,True,0.57,0.5311,7.52,37.73,2.46,-102.68,96.75,61.49,-3.12,1.06,0,contact_no_grasp,,-
density10,density10,1000,in_distribution,15,501,16.66666603088379,135.95,True,0.57,0.7114,5.581,16.1,2.11,-101.63,96.66,60.18,-3.21,1.79,1,success,,-
density10,density10,1000,new_positions,1,1151,38.33333206176758,116.16,True,1.3,0.5977,7.725,37.03,2.11,-96.53,96.84,70.46,-0.04,2.98,0,timeout_other,,E1
density10,density10,1000,new_positions,2,1147,38.20000076293945,157.14,True,0.57,0.5127,7.378,37.63,2.11,-96.53,96.84,70.46,-0.04,2.98,0,timeout_other,,E1
density10,density10,1000,new_positions,3,1102,36.70000076293945,119.94,True,8.63,0.6409,8.606,28.07,2.2,-96.53,96.84,69.05,-1.45,2.98,0,timeout_other,,E1
density10,density10,1000,new_positions,4,1101,36.66666793823242,121.91,True,1.17,0.5955,6.43,35.5,2.11,-96.53,96.84,70.46,-0.04,2.98,0,contact_no_grasp,,E1
density10,density10,1000,new_positions,5,1108,36.900001525878906,122.16,True,1.27,0.6296,7.576,35.63,2.11,-96.53,96.84,70.46,-0.04,2.98,0,timeout_other,,E1
density10,density10,1000,new_positions,6,1104,36.766666412353516,115.18,True,1.67,0.546,6.845,35.1,2.11,-96.53,96.84,70.46,-0.04,2.98,0,timeout_other,,E2
density10,density10,1000,new_positions,7,1111,37.0,114.04,True,1.83,0.5015,7.125,35.17,2.11,-96.53,96.84,68.88,-0.04,2.98,0,timeout_other,,E2
density10,density10,1000,new_positions,8,1118,37.233333587646484,118.68,True,3.9,0.5218,6.894,33.33,2.11,-96.53,96.84,68.88,-0.04,2.98,0,timeout_other,,E2
density10,density10,1000,new_positions,9,1119,37.266666412353516,117.5,True,1.03,0.5167,6.287,36.23,2.11,-96.53,96.84,68.88,-0.04,2.98,0,timeout_other,,E2
density10,density10,1000,new_positions,10,1130,37.63333511352539,114.21,True,0.8,0.5202,5.769,36.83,2.11,-96.53,96.84,68.88,-0.04,2.98,0,timeout_other,,E2
density10,density10,1000,new_positions,11,1140,37.96666717529297,165.23,True,1.7,0.5327,8.647,36.27,2.11,-96.53,96.84,70.46,-0.04,2.98,0,timeout_other,,E3
density10,density10,1000,new_positions,12,1122,37.36666488647461,153.05,True,1.53,0.508,6.851,35.83,2.11,-96.88,96.84,69.05,-1.36,2.98,0,timeout_other,,E3
density10,density10,1000,new_positions,13,1110,36.96666717529297,149.83,True,1.07,0.4732,5.347,35.9,2.11,-96.53,96.84,68.88,-1.45,2.98,0,timeout_other,,E3
density10,density10,1000,new_positions,14,1102,36.70000076293945,164.29,True,0.8,0.5205,8.341,35.9,2.11,-96.53,96.84,68.88,-1.27,2.98,0,contact_no_grasp,,E3
density10,density10,1000,new_positions,15,1129,37.599998474121094,153.97,True,1.27,0.4816,7.627,36.33,2.11,-96.53,96.84,68.88,-1.36,2.98,0,timeout_other,,E3
density10,density10,1000,new_positions,16,1103,36.733333587646484,162.36,True,0.5,0.6472,7.574,36.23,2.11,-96.88,96.84,69.05,-1.19,2.98,0,timeout_other,,E4
density10,density10,1000,new_positions,17,1101,36.66666793823242,156.29,True,0.8,0.5256,6.351,35.87,3.16,-96.53,96.84,69.05,-0.04,2.98,0,timeout_other,,E4
density10,density10,1000,new_positions,18,1099,36.599998474121094,160.16,True,1.1,0.6242,5.866,35.5,3.16,-96.53,96.84,69.05,-0.22,2.98,0,timeout_other,,E4
density10,density10,1000,new_positions,19,1101,36.66666793823242,152.44,True,1.23,0.4931,6.866,35.43,3.16,-96.53,96.84,69.05,-0.04,2.98,0,timeout_other,,E4
density10,density10,1000,new_positions,20,1101,36.66666793823242,161.71,True,0.73,0.6274,9.703,35.93,3.16,-96.53,96.84,69.05,-0.04,2.98,0,timeout_other,,E4
density10,density10,1000,new_positions,21,1111,37.0,162.05,True,0.77,0.6414,6.847,36.23,3.16,-96.53,96.84,68.88,-0.04,2.98,0,timeout_other,,E5
density10,density10,1000,new_positions,22,1101,36.66666793823242,160.28,True,2.03,0.623,8.874,34.63,3.16,-96.53,96.84,69.05,-0.04,2.98,0,timeout_other,,E5
density10,density10,1000,new_positions,23,1101,36.66666793823242,162.2,True,2.13,0.6317,10.342,34.53,3.08,-96.88,96.84,69.05,-0.04,2.98,0,timeout_other,,E5
density10,density10,1000,new_positions,24,1094,36.43333435058594,164.49,True,2.4,0.6235,9.076,34.03,3.16,-96.88,96.75,69.05,-0.04,2.98,0,timeout_other,,E5
density10,density10,1000,new_positions,25,1101,36.66666793823242,159.69,True,1.83,0.6031,5.998,34.83,3.16,-96.88,96.84,69.05,-0.04,2.98,0,timeout_other,,E5
density10,density10,1000,reach_e5,1,1151,38.33333206176758,157.45,True,0.43,0.601,7.147,37.9,5.27,-96.44,96.84,68.44,-1.54,5.76,0,timeout_other,,reach_e5
density10,density10,1000,reach_e5,2,1149,38.266666412353516,161.04,True,1.0,0.6273,7.739,37.27,5.27,-96.44,96.84,68.44,-1.54,6.09,0,timeout_other,,reach_e5
density10,density10,1000,reach_e5,3,1151,38.33333206176758,161.34,True,0.83,0.5896,8.465,37.5,5.27,-96.44,96.84,68.44,-1.54,5.76,0,timeout_other,,reach_e5
density10,density10,1000,reach_e5,4,1151,38.33333206176758,157.86,True,0.43,0.6314,11.104,37.9,5.19,-96.44,96.84,68.44,-1.54,5.76,0,timeout_other,,reach_e5
density10,density10,1000,reach_e5,5,1151,38.33333206176758,159.61,True,0.5,0.6105,8.566,37.83,5.19,-96.44,96.84,68.44,-1.54,6.16,0,timeout_other,,reach_e5
density10,density10,1000,spot_check,1,576,19.16666603088379,121.64,True,0.57,0.6965,7.446,18.6,3.69,-95.82,96.92,65.36,0.13,3.97,1,success,,T1
density10,density10,1000,spot_check,2,493,16.399999618530273,132.98,True,0.4,0.7259,6.938,16.0,4.4,-95.56,96.84,65.36,-0.92,3.97,1,success,,T1
density10,density10,1000,spot_check,3,406,13.5,148.3,True,0.7,0.7489,6.653,12.8,3.78,-95.82,96.84,65.36,0.13,3.97,1,success,,T3
density10,density10,1000,spot_check,4,405,13.466666221618652,147.8,True,0.8,0.7148,5.079,12.67,3.69,-95.38,96.84,65.36,-0.92,3.97,1,success,,T3
density10,density10,1000,spot_check,5,717,23.866666793823242,145.34,True,0.57,0.7135,10.212,23.3,3.69,-95.82,96.84,65.54,-0.92,3.97,1,success_after_missed_grasp,,T10
density10,density10,1000,spot_check,6,1151,38.33333206176758,155.09,True,0.4,0.6736,11.296,37.93,4.31,-95.82,96.84,64.22,-0.92,3.97,1,success_after_missed_grasp,,T10
density25-fixedstep,density25-fixedstep,1000,distractors,1,1144,38.099998474121094,179.79,True,1.4,0.8124,12.253,36.7,1.14,-93.71,96.84,67.47,-3.03,3.77,0,timeout_other,,-
density25-fixedstep,density25-fixedstep,1000,distractors,2,1150,38.29999923706055,153.09,True,1.87,0.8347,8.397,36.43,1.05,-93.71,96.84,67.38,-3.03,3.77,0,timeout_other,,-
density25-fixedstep,density25-fixedstep,1000,distractors,3,1149,38.266666412353516,156.86,True,2.4,0.8511,11.285,35.87,1.14,-93.71,96.84,67.47,-3.03,3.71,0,timeout_other,,-
density25-fixedstep,density25-fixedstep,1000,distractors,4,1151,38.33333206176758,170.76,True,1.43,0.811,10.984,36.9,1.05,-93.71,96.84,67.47,-3.47,3.77,0,timeout_other,,-
density25-fixedstep,density25-fixedstep,1000,distractors,5,1150,38.29999923706055,160.69,True,2.0,0.8521,10.871,36.3,1.14,-93.71,96.84,67.47,-3.03,3.71,0,timeout_other,,-
density25-fixedstep,density25-fixedstep,1000,distractors,6,1133,37.733333587646484,163.56,True,2.6,0.8248,12.826,35.13,2.55,-93.71,96.84,67.47,-3.03,3.11,0,timeout_other,,-
density25-fixedstep,density25-fixedstep,1000,distractors,7,1131,37.66666793823242,160.43,True,0.93,0.8264,9.061,36.73,1.05,-93.71,96.84,67.47,-3.03,3.77,0,timeout_other,,-
density25-fixedstep,density25-fixedstep,1000,distractors,8,1101,36.66666793823242,157.08,True,1.87,0.8391,7.996,34.8,1.23,-93.71,96.84,67.47,-3.03,3.71,0,timeout_other,,-
density25-fixedstep,density25-fixedstep,1000,distractors,9,1101,36.66666793823242,165.26,True,1.0,0.8075,7.868,35.67,1.14,-93.71,96.84,67.47,-2.95,3.71,0,contact_no_grasp,,-
density25-fixedstep,density25-fixedstep,1000,distractors,10,1101,36.66666793823242,165.43,True,1.03,0.842,7.657,35.63,1.05,-93.71,96.84,67.47,-1.63,3.71,0,contact_no_grasp,,-
density25-fixedstep,density25-fixedstep,1000,distractors,11,1087,36.20000076293945,166.58,True,2.0,0.8734,8.297,34.2,1.05,-93.71,96.84,67.47,-1.63,3.71,0,timeout_other,,-
density25-fixedstep,density25-fixedstep,1000,distractors,12,1001,33.33333206176758,159.59,True,0.53,0.8599,8.589,32.8,1.23,-93.71,96.84,67.47,-3.03,3.71,0,timeout_other,,-
density25-fixedstep,density25-fixedstep,1000,distractors,13,1050,34.96666717529297,165.58,True,2.27,0.8474,8.538,32.7,1.23,-93.71,96.84,67.47,-3.03,3.71,0,timeout_other,,-
density25-fixedstep,density25-fixedstep,1000,distractors,14,1027,34.20000076293945,163.04,True,0.7,0.8316,9.908,33.5,1.23,-93.63,96.84,67.47,-3.03,3.71,0,timeout_other,,-
density25-fixedstep,density25-fixedstep,1000,distractors,15,1045,34.79999923706055,159.4,True,0.77,0.8394,11.685,34.03,2.55,-93.63,96.84,67.47,-1.63,3.77,0,timeout_other,,-
density25-fixedstep,density25-fixedstep,1000,in_distribution,1,505,16.799999237060547,128.54,True,3.83,1.0892,7.639,12.97,2.73,-97.49,96.92,72.92,-2.42,1.39,1,success,,-
density25-fixedstep,density25-fixedstep,1000,in_distribution,2,427,14.199999809265137,131.8,True,1.97,1.1185,8.19,12.23,2.73,-97.58,96.48,71.52,-2.51,0.73,1,success,,-
density25-fixedstep,density25-fixedstep,1000,in_distribution,3,1151,38.33333206176758,161.02,True,2.33,0.8999,8.921,36.0,2.55,-97.49,96.48,71.52,-2.51,1.13,0,contact_no_grasp,,-
density25-fixedstep,density25-fixedstep,1000,in_distribution,4,438,14.566666603088379,133.56,True,2.13,1.0529,7.876,12.43,1.58,-96.53,96.48,71.52,-2.42,1.79,1,success,,-
density25-fixedstep,density25-fixedstep,1000,in_distribution,5,1151,38.33333206176758,174.79,True,1.47,0.8561,8.984,36.87,2.55,-97.49,96.48,72.92,-1.45,1.06,0,contact_no_grasp,,-
density25-fixedstep,density25-fixedstep,1000,in_distribution,6,1151,38.33333206176758,167.03,True,2.07,0.9315,9.089,36.27,2.64,-96.53,96.48,71.52,-2.07,1.79,0,timeout_other,,-
density25-fixedstep,density25-fixedstep,1000,in_distribution,7,1151,38.33333206176758,157.66,True,2.23,0.8367,7.143,36.1,2.55,-96.44,96.48,71.52,-1.36,1.79,0,contact_no_grasp,,-
density25-fixedstep,density25-fixedstep,1000,in_distribution,8,441,14.666666984558105,133.48,True,1.63,1.1331,13.433,13.03,1.67,-96.44,96.48,71.52,-2.51,1.79,1,success,,-
density25-fixedstep,density25-fixedstep,1000,in_distribution,9,1151,38.33333206176758,158.96,True,1.53,0.8939,13.638,36.8,2.29,-97.41,96.48,73.01,-2.42,1.26,0,contact_no_grasp,,-
density25-fixedstep,density25-fixedstep,1000,in_distribution,10,472,15.699999809265137,128.75,True,1.93,1.0662,8.779,13.77,2.55,-96.53,96.48,71.52,-1.54,1.79,1,success,,-
density25-fixedstep,density25-fixedstep,1000,in_distribution,11,536,17.83333396911621,126.79,True,3.1,1.0928,16.653,14.73,2.55,-97.49,96.84,73.1,-2.51,1.39,1,success,,-
density25-fixedstep,density25-fixedstep,1000,in_distribution,12,449,14.933333396911621,139.21,True,0.77,1.0797,8.386,14.17,2.64,-97.93,96.48,73.1,-2.51,1.06,1,success,,-
density25-fixedstep,density25-fixedstep,1000,in_distribution,13,490,16.299999237060547,148.43,True,1.07,1.1271,9.145,15.23,2.55,-97.49,96.75,71.52,-1.45,1.39,1,success,,-
density25-fixedstep,density25-fixedstep,1000,in_distribution,14,1151,38.33333206176758,155.85,True,1.63,0.9081,9.578,36.7,2.55,-97.49,96.57,71.52,-1.45,0.93,0,contact_no_grasp,,-
density25-fixedstep,density25-fixedstep,1000,in_distribution,15,446,14.833333015441895,139.35,True,1.97,1.108,8.822,12.87,2.64,-96.53,96.48,71.52,-1.45,1.79,1,success,,-
density25-fixedstep,density25-fixedstep,1000,new_positions,1,1151,38.33333206176758,140.59,True,1.83,1.1952,14.786,36.5,6.86,-92.75,96.84,69.05,-1.19,4.9,0,timeout_other,,E1
density25-fixedstep,density25-fixedstep,1000,new_positions,2,1151,38.33333206176758,172.61,True,2.5,0.8744,9.606,35.83,6.77,-92.75,96.84,68.88,-1.36,4.64,0,timeout_other,,E1
density25-fixedstep,density25-fixedstep,1000,new_positions,3,1151,38.33333206176758,160.97,True,2.1,0.8892,10.627,36.23,6.95,-92.75,96.84,69.05,-1.19,4.9,0,timeout_other,,E1
density25-fixedstep,density25-fixedstep,1000,new_positions,4,1151,38.33333206176758,177.9,True,3.73,0.8494,9.073,34.6,6.86,-92.75,96.84,69.05,-0.92,4.9,0,timeout_other,,E1
density25-fixedstep,density25-fixedstep,1000,new_positions,5,1151,38.33333206176758,116.28,True,3.7,1.0203,12.576,34.63,6.86,-92.75,96.84,68.88,-0.92,4.9,0,timeout_other,,E1
density25-fixedstep,density25-fixedstep,1000,new_positions,6,1151,38.33333206176758,123.74,True,2.73,1.0907,9.038,35.6,6.77,-92.75,96.84,70.29,-0.04,4.97,0,timeout_other,,E2
density25-fixedstep,density25-fixedstep,1000,new_positions,7,1151,38.33333206176758,122.13,True,0.93,1.0376,14.427,37.4,6.77,-92.75,96.84,70.2,-0.04,4.97,0,timeout_other,,E2
density25-fixedstep,density25-fixedstep,1000,new_positions,8,1151,38.33333206176758,124.42,True,2.23,1.0428,11.636,36.1,6.77,-92.75,96.84,70.2,-0.04,4.97,0,timeout_other,,E2
density25-fixedstep,density25-fixedstep,1000,new_positions,9,1151,38.33333206176758,127.18,True,0.6,1.0398,9.221,37.73,6.77,-92.75,96.84,70.29,-0.04,4.7,0,timeout_other,,E2
density25-fixedstep,density25-fixedstep,1000,new_positions,10,1151,38.33333206176758,125.68,True,0.57,1.021,10.178,37.77,6.77,-92.75,96.84,70.29,-0.04,4.64,0,timeout_other,,E2
density25-fixedstep,density25-fixedstep,1000,new_positions,11,1151,38.33333206176758,165.08,True,2.83,0.8999,8.938,35.5,6.77,-92.75,96.84,70.29,-0.04,4.9,0,timeout_other,,E3
density25-fixedstep,density25-fixedstep,1000,new_positions,12,1151,38.33333206176758,156.4,True,3.37,0.9528,8.152,34.97,6.86,-92.75,96.75,69.05,-0.92,4.77,0,timeout_other,,E3
density25-fixedstep,density25-fixedstep,1000,new_positions,13,1151,38.33333206176758,165.51,True,2.4,0.8625,7.887,35.93,6.86,-92.75,96.84,68.88,-1.36,4.97,0,timeout_other,,E3
density25-fixedstep,density25-fixedstep,1000,new_positions,14,1151,38.33333206176758,154.12,True,0.8,0.9522,9.434,37.53,6.77,-92.75,96.84,69.05,-1.19,4.04,0,timeout_other,,E3
density25-fixedstep,density25-fixedstep,1000,new_positions,15,1147,38.20000076293945,158.0,True,0.8,0.9264,9.453,37.4,6.86,-92.75,96.84,69.05,-1.36,4.64,0,timeout_other,,E3
density25-fixedstep,density25-fixedstep,1000,new_positions,16,1147,38.20000076293945,171.39,True,0.97,0.9998,8.796,37.23,6.86,-92.75,96.84,68.97,-0.92,4.64,0,timeout_other,,E4
density25-fixedstep,density25-fixedstep,1000,new_positions,17,1149,38.266666412353516,180.28,True,1.37,0.9258,10.234,36.9,7.82,-92.75,96.84,69.05,-0.04,4.77,0,timeout_other,,E4
density25-fixedstep,density25-fixedstep,1000,new_positions,18,1147,38.20000076293945,180.93,True,0.9,1.012,9.414,37.3,7.82,-92.75,96.84,69.05,-0.04,4.64,0,timeout_other,,E4
density25-fixedstep,density25-fixedstep,1000,new_positions,19,1146,38.16666793823242,180.66,True,1.3,0.9282,11.103,36.87,7.74,-92.75,96.84,69.05,-0.04,4.57,0,timeout_other,,E4
density25-fixedstep,density25-fixedstep,1000,new_positions,20,1147,38.20000076293945,174.29,True,1.6,1.0116,14.526,36.6,7.82,-92.75,96.84,69.05,-0.92,4.64,0,timeout_other,,E4
density25-fixedstep,density25-fixedstep,1000,new_positions,21,1146,38.16666793823242,169.14,True,2.43,0.9745,15.543,35.73,7.82,-92.75,96.75,69.05,-0.04,4.57,0,timeout_other,,E5
density25-fixedstep,density25-fixedstep,1000,new_positions,22,1148,38.233333587646484,166.37,True,1.13,1.0029,8.644,37.1,7.12,-92.75,96.84,68.88,-0.92,4.9,0,timeout_other,,E5
density25-fixedstep,density25-fixedstep,1000,new_positions,23,1146,38.16666793823242,166.7,True,2.43,0.9939,14.851,35.73,7.03,-92.75,96.84,69.05,0.4,4.9,0,timeout_other,,E5
density25-fixedstep,density25-fixedstep,1000,new_positions,24,1135,37.79999923706055,157.25,True,1.37,0.9938,18.506,36.43,7.03,-92.75,96.84,68.97,0.4,4.57,0,contact_no_grasp,,E5
density25-fixedstep,density25-fixedstep,1000,new_positions,25,1134,37.766666412353516,174.41,True,1.4,0.9646,9.704,36.37,6.86,-92.75,96.84,68.88,-0.92,4.57,0,timeout_other,,E5
density25-fixedstep,density25-fixedstep,1000,spot_check,1,460,15.300000190734863,145.38,True,1.13,1.1727,8.383,14.17,4.04,-94.86,96.92,71.34,-3.56,2.72,1,success,,T1
density25-fixedstep,density25-fixedstep,1000,spot_check,2,1151,38.33333206176758,121.51,True,1.4,0.9839,11.684,36.93,2.73,-94.51,96.75,69.58,-3.56,2.52,0,contact_no_grasp,,T1
density25-fixedstep,density25-fixedstep,1000,spot_check,3,415,13.800000190734863,148.09,True,1.7,1.0884,7.538,12.1,2.99,-93.89,96.84,70.81,-4.0,2.45,1,success,,T3
density25-fixedstep,density25-fixedstep,1000,spot_check,4,401,13.333333015441895,152.41,True,0.93,1.1049,8.506,12.4,4.13,-94.59,96.84,69.41,-4.53,2.78,1,success,,T3
density25-fixedstep,density25-fixedstep,1000,spot_check,5,473,15.733333587646484,148.11,True,0.7,1.1627,9.825,15.03,2.73,-94.51,96.84,69.58,-5.05,2.78,1,success,,T10
density25-fixedstep,density25-fixedstep,1000,spot_check,6,501,16.66666603088379,149.96,True,0.6,1.1472,8.083,16.07,2.64,-94.68,96.84,69.41,-4.7,2.78,1,success,,T10
density25-seed2000,density25,2000,distractors,1,1151,38.33333206176758,150.8,True,0.83,0.4025,8.085,37.5,1.14,-95.74,96.75,70.2,-3.47,2.58,0,contact_no_grasp,,-
density25-seed2000,density25,2000,distractors,2,394,13.100000381469727,126.25,True,0.77,0.6784,5.675,12.33,1.58,-94.77,96.75,70.2,-3.47,2.52,1,success,,-
density25-seed2000,density25,2000,distractors,3,623,20.733333587646484,138.29,True,0.7,0.727,8.555,20.03,2.73,-96.26,96.75,70.11,-3.47,2.19,1,success,,-
density25-seed2000,density25,2000,distractors,4,392,13.033333778381348,122.4,True,1.2,0.658,6.267,11.83,2.64,-94.42,96.66,70.2,-2.33,1.92,1,success,,-
density25-seed2000,density25,2000,distractors,5,351,11.666666984558105,119.66,True,0.97,0.7445,11.286,10.7,1.58,-95.65,96.75,70.11,-3.56,1.66,1,success,,-
density25-seed2000,density25,2000,distractors,6,397,13.199999809265137,133.62,True,0.67,0.6615,9.215,12.53,1.49,-95.56,96.75,70.2,-2.42,2.58,1,success,,-
density25-seed2000,density25,2000,distractors,7,389,12.933333396911621,134.19,True,0.73,0.7209,6.932,12.2,2.99,-95.74,96.75,70.11,-4.0,1.52,1,success,,-
density25-seed2000,density25,2000,distractors,8,1151,38.33333206176758,154.52,True,1.1,0.4419,7.509,37.23,2.64,-95.65,96.75,70.2,-2.15,1.39,0,contact_no_grasp,,-
density25-seed2000,density25,2000,distractors,9,381,12.666666984558105,140.48,True,0.9,0.6894,8.097,11.77,1.58,-94.77,96.75,70.2,-2.15,2.58,1,success,,-
density25-seed2000,density25,2000,distractors,10,451,15.0,132.98,True,0.63,0.663,5.101,14.37,2.64,-95.74,96.75,70.11,-2.15,1.52,1,success,,-
density25-seed2000,density25,2000,distractors,11,466,15.5,151.28,True,0.9,0.6937,7.528,14.6,2.64,-95.74,96.75,70.2,-2.33,2.25,1,success,,-
density25-seed2000,density25,2000,distractors,12,390,12.966666221618652,131.89,True,0.63,0.6607,5.806,12.33,1.58,-95.38,96.75,70.11,-2.42,2.58,1,success,,-
density25-seed2000,density25,2000,distractors,13,367,12.199999809265137,138.76,True,0.7,0.69,6.845,11.5,2.73,-95.47,96.57,70.2,-2.59,1.46,1,success,,-
density25-seed2000,density25,2000,distractors,14,426,14.166666984558105,136.66,True,0.7,0.6296,5.948,13.47,2.73,-95.21,96.75,70.2,-2.42,1.39,1,success,,-
density25-seed2000,density25,2000,distractors,15,410,13.633333206176758,135.7,True,0.7,0.699,9.433,12.93,1.58,-95.91,96.75,71.52,-3.47,1.79,1,success,,-
density25-seed2000,density25,2000,in_distribution,1,367,12.199999809265137,127.96,True,0.67,0.6796,5.489,11.53,2.81,-95.91,96.75,70.73,-1.45,1.79,1,success,,-
density25-seed2000,density25,2000,in_distribution,2,651,21.66666603088379,139.65,True,9.63,0.6891,5.676,12.03,3.52,-95.91,96.66,70.73,-0.57,1.99,1,success,,-
density25-seed2000,density25,2000,in_distribution,3,427,14.199999809265137,138.52,True,2.27,0.696,7.89,11.93,2.73,-95.91,96.66,72.22,-1.45,1.85,1,success,,-
density25-seed2000,density25,2000,in_distribution,4,440,14.633333206176758,123.11,True,1.03,0.6119,9.235,13.6,4.22,-95.91,96.84,72.4,-1.89,1.72,1,success,,-
density25-seed2000,density25,2000,in_distribution,5,405,13.466666221618652,128.95,True,0.93,0.6423,6.513,12.53,4.04,-95.91,96.66,72.22,-1.45,1.72,1,success,,-
density25-seed2000,density25,2000,in_distribution,6,382,12.699999809265137,134.08,True,0.7,0.6739,8.942,12.0,2.73,-95.91,96.66,70.64,-1.89,1.79,1,success,,-
density25-seed2000,density25,2000,in_distribution,7,451,15.0,127.86,True,0.5,0.5929,6.36,14.5,3.78,-95.91,96.66,72.22,-1.89,1.79,1,success,,-
density25-seed2000,density25,2000,in_distribution,8,437,14.533333778381348,140.03,True,1.03,0.6347,5.761,13.5,2.64,-95.74,96.84,72.4,-1.89,1.85,1,success,,-
density25-seed2000,density25,2000,in_distribution,9,401,13.333333015441895,132.18,True,0.7,0.623,8.282,12.63,3.78,-95.91,96.75,72.22,-1.45,1.79,1,success,,-
density25-seed2000,density25,2000,in_distribution,10,435,14.466666221618652,140.71,True,1.83,0.658,5.975,12.63,3.16,-95.74,96.84,72.22,-1.89,1.72,1,success,,-
density25-seed2000,density25,2000,in_distribution,11,397,13.199999809265137,137.34,True,1.43,0.68,6.423,11.77,3.69,-95.91,96.92,72.22,-1.45,1.79,1,success,,-
density25-seed2000,density25,2000,in_distribution,12,410,13.633333206176758,145.18,True,1.2,0.6941,17.041,12.43,2.64,-95.91,96.92,72.22,-1.36,1.79,1,success,,-
density25-seed2000,density25,2000,in_distribution,13,412,13.699999809265137,123.97,True,1.83,0.6546,5.109,11.87,2.73,-95.91,96.66,72.22,-1.45,1.79,1,success,,-
density25-seed2000,density25,2000,in_distribution,14,431,14.333333015441895,139.15,True,0.7,0.6345,4.797,13.63,2.73,-95.91,96.66,72.22,-0.31,1.92,1,success,,-
density25-seed2000,density25,2000,in_distribution,15,424,14.100000381469727,145.71,True,1.33,0.6614,5.234,12.77,2.64,-95.91,96.84,71.34,-1.45,1.79,1,success,,-
density25-seed2000,density25,2000,new_positions,1,1121,37.33333206176758,114.81,True,1.0,0.5184,9.932,36.33,5.19,-93.89,96.84,71.87,-3.38,2.52,0,timeout_other,,E1
density25-seed2000,density25,2000,new_positions,2,1122,37.36666488647461,149.96,True,1.77,0.5547,10.092,35.6,5.19,-93.89,96.84,71.43,-1.98,3.71,0,timeout_other,,E1
density25-seed2000,density25,2000,new_positions,3,1121,37.33333206176758,100.13,True,2.13,0.5595,10.649,35.2,5.19,-93.8,96.84,70.11,-1.63,3.71,0,timeout_other,,E1
density25-seed2000,density25,2000,new_positions,4,1124,37.43333435058594,100.7,True,1.3,0.5487,7.976,36.13,5.19,-93.89,96.84,70.2,-3.03,3.71,0,timeout_other,,E1
density25-seed2000,density25,2000,new_positions,5,1125,37.46666717529297,116.45,True,2.23,0.5248,14.725,35.23,5.19,-93.89,96.84,70.11,-3.03,3.71,0,timeout_other,,E1
density25-seed2000,density25,2000,new_positions,6,1121,37.33333206176758,116.45,True,2.6,0.469,7.238,34.73,5.19,-93.98,96.84,71.43,-1.54,3.71,0,timeout_other,,E2
density25-seed2000,density25,2000,new_positions,7,1123,37.400001525878906,118.61,True,2.53,0.4295,6.753,34.87,5.19,-93.89,96.84,71.43,-1.63,3.71,0,timeout_other,,E2
density25-seed2000,density25,2000,new_positions,8,1106,36.83333206176758,117.03,True,2.0,0.4288,7.531,34.83,5.19,-93.98,96.84,71.43,-1.98,3.71,0,timeout_other,,E2
density25-seed2000,density25,2000,new_positions,9,1109,36.93333435058594,117.08,True,2.07,0.4342,5.801,34.87,5.19,-93.89,96.84,71.43,-1.89,3.71,0,timeout_other,,E2
density25-seed2000,density25,2000,new_positions,10,1051,35.0,119.02,True,2.23,0.4304,7.846,32.77,5.19,-93.98,96.84,71.43,-1.98,3.71,0,timeout_other,,E2
density25-seed2000,density25,2000,new_positions,11,1142,38.03333282470703,153.62,True,1.47,0.4373,11.749,36.57,5.19,-93.98,96.84,71.43,-1.98,3.71,0,timeout_other,,E3
density25-seed2000,density25,2000,new_positions,12,1149,38.266666412353516,153.84,True,1.43,0.431,8.68,36.83,5.27,-93.8,96.84,70.02,-3.03,3.71,0,timeout_other,,E3
density25-seed2000,density25,2000,new_positions,13,1144,38.099998474121094,153.62,True,0.7,0.3936,6.519,37.4,5.19,-93.8,96.84,70.11,-3.03,2.65,0,timeout_other,,E3
density25-seed2000,density25,2000,new_positions,14,1151,38.33333206176758,159.36,True,0.77,0.4469,9.402,37.57,5.27,-93.8,96.84,70.11,-3.03,3.71,0,timeout_other,,E3
density25-seed2000,density25,2000,new_positions,15,1149,38.266666412353516,150.91,True,0.77,0.4337,9.265,37.5,5.27,-93.8,96.84,70.2,-3.03,3.77,0,timeout_other,,E3
density25-seed2000,density25,2000,new_positions,16,1149,38.266666412353516,163.56,True,1.17,0.3818,7.294,37.1,5.27,-93.8,96.84,70.46,-3.03,3.71,0,timeout_other,,E4
density25-seed2000,density25,2000,new_positions,17,1137,37.86666488647461,157.82,True,1.4,0.4444,6.557,36.47,6.07,-93.8,96.84,70.46,-1.98,3.71,0,timeout_other,,E4
density25-seed2000,density25,2000,new_positions,18,1134,37.766666412353516,157.65,True,0.77,0.4504,8.898,37.0,6.33,-93.8,96.84,70.46,-1.54,3.71,0,timeout_other,,E4
density25-seed2000,density25,2000,new_positions,19,1132,37.70000076293945,159.53,True,0.77,0.4629,8.199,36.93,6.24,-93.8,96.84,70.46,-2.07,3.71,0,timeout_other,,E4
density25-seed2000,density25,2000,new_positions,20,1135,37.79999923706055,155.77,True,2.63,0.4752,7.675,35.17,6.24,-93.8,96.84,70.46,-1.54,3.71,0,timeout_other,,E4
density25-seed2000,density25,2000,new_positions,21,1146,38.16666793823242,170.69,True,2.37,0.4638,6.807,35.8,6.24,-93.8,96.84,70.29,-1.63,3.71,0,contact_no_grasp,,E5
density25-seed2000,density25,2000,new_positions,22,1135,37.79999923706055,162.12,True,2.8,0.4571,6.329,35.0,6.24,-93.8,96.84,70.46,-1.98,3.71,0,contact_no_grasp,,E5
density25-seed2000,density25,2000,new_positions,23,1142,38.03333282470703,167.03,True,1.5,0.4898,7.745,36.53,6.24,-93.8,96.84,70.29,-2.07,3.71,0,timeout_other,,E5
density25-seed2000,density25,2000,new_positions,24,1138,37.900001525878906,163.81,True,1.63,0.4334,20.899,36.27,6.15,-93.8,96.84,70.46,-2.07,3.71,0,timeout_other,,E5
density25-seed2000,density25,2000,new_positions,25,1132,37.70000076293945,165.68,True,1.5,0.5033,9.112,36.2,6.24,-93.8,96.84,70.29,-2.07,3.71,0,contact_no_grasp,,E5
density25-seed2000,density25,2000,reach_e5,1,516,17.16666603088379,147.2,True,1.2,0.606,4.981,15.97,6.86,-93.8,96.92,66.59,-0.04,7.68,1,success,,reach_e5
density25-seed2000,density25,2000,reach_e5,2,544,18.100000381469727,151.22,True,2.8,0.6065,5.803,15.3,5.98,-94.33,96.92,67.91,-0.57,6.29,1,success,,reach_e5
density25-seed2000,density25,2000,reach_e5,3,571,19.0,151.91,True,2.17,0.6761,5.666,16.83,5.8,-93.8,96.92,67.91,-0.84,6.69,1,success,,reach_e5
density25-seed2000,density25,2000,reach_e5,4,1149,38.266666412353516,165.57,True,3.07,0.4652,7.074,35.2,5.98,-94.15,96.92,67.91,-1.01,6.69,0,contact_no_grasp,,reach_e5
density25-seed2000,density25,2000,reach_e5,5,1151,38.33333206176758,168.84,True,1.9,0.4891,13.84,36.43,6.86,-93.8,96.92,66.59,0.04,7.68,0,contact_no_grasp,,reach_e5
density25-seed2000,density25,2000,spot_check,1,470,15.633333206176758,128.61,True,0.73,0.6303,4.873,14.9,1.14,-92.66,96.66,66.86,-2.51,3.97,1,success,,T1
density25-seed2000,density25,2000,spot_check,2,539,17.933332443237305,121.35,True,0.73,0.5675,5.498,17.2,2.2,-92.57,96.66,68.35,-2.51,3.97,1,success,,T1
density25-seed2000,density25,2000,spot_check,3,413,13.733333587646484,143.42,True,0.87,0.6139,7.588,12.87,2.64,-92.57,96.66,68.35,-3.74,3.97,1,success,,T3
density25-seed2000,density25,2000,spot_check,4,428,14.233333587646484,141.3,True,1.23,0.6397,11.074,13.0,2.64,-92.57,96.66,68.7,-4.0,3.97,1,success,,T3
density25-seed2000,density25,2000,spot_check,5,521,17.33333396911621,147.72,True,0.77,0.739,8.487,16.57,2.64,-92.57,96.84,68.7,-4.0,3.97,1,success,,T10
density25-seed2000,density25,2000,spot_check,6,473,15.733333587646484,142.23,True,1.33,0.7418,6.068,14.4,2.64,-92.57,96.84,68.35,-3.65,3.97,1,success,,T10
density25,density25,1000,distractors,1,595,19.799999237060547,127.16,True,0.5,0.6206,6.542,19.3,3.69,-100.31,96.75,63.87,-3.03,2.05,1,success,,-
density25,density25,1000,distractors,2,1148,38.233333587646484,161.68,True,0.6,0.4347,11.628,37.63,4.75,-99.08,96.84,63.87,-2.07,2.32,0,contact_no_grasp,,-
density25,density25,1000,distractors,3,441,14.666666984558105,127.09,True,0.47,0.7047,10.099,14.2,3.69,-99.08,96.66,62.64,-3.03,2.98,1,success,,-
density25,density25,1000,distractors,4,532,17.700000762939453,126.63,True,0.47,0.595,9.189,17.23,3.69,-99.96,96.75,62.29,-3.03,2.05,1,success,,-
density25,density25,1000,distractors,5,1140,37.96666717529297,158.92,True,0.73,0.4774,14.609,37.23,3.6,-100.04,96.75,63.87,-1.98,2.05,0,contact_no_grasp,,-
density25,density25,1000,distractors,6,1151,38.33333206176758,152.39,True,0.6,0.4475,6.347,37.73,3.34,-99.08,96.66,62.29,-1.63,2.98,0,contact_no_grasp,,-
density25,density25,1000,distractors,7,1150,38.29999923706055,157.63,True,0.53,0.4231,6.726,37.77,3.69,-99.08,96.66,62.64,-1.63,2.98,0,contact_no_grasp,,-
density25,density25,1000,distractors,8,1151,38.33333206176758,160.31,True,0.5,0.4554,6.167,37.83,3.69,-99.08,96.66,62.64,-3.03,2.98,0,contact_no_grasp,,-
density25,density25,1000,distractors,9,1150,38.29999923706055,158.54,True,0.57,0.3905,7.116,37.73,3.69,-99.08,96.75,62.64,-1.63,2.98,0,timeout_other,,-
density25,density25,1000,distractors,10,1151,38.33333206176758,158.18,True,0.53,0.4629,12.484,37.8,3.34,-99.08,96.84,62.64,-1.63,2.98,0,contact_no_grasp,,-
density25,density25,1000,distractors,11,410,13.633333206176758,128.81,True,0.67,0.7033,6.813,12.97,3.69,-99.08,96.66,62.64,-3.03,2.98,1,success,,-
density25,density25,1000,distractors,12,1151,38.33333206176758,158.87,True,0.63,0.4548,7.38,37.7,3.69,-99.96,96.66,63.69,-2.07,2.98,0,contact_no_grasp,,-
density25,density25,1000,distractors,13,401,13.333333015441895,136.85,True,0.53,0.6674,6.463,12.8,3.6,-99.08,96.66,62.64,-3.03,2.98,1,success,,-
density25,density25,1000,distractors,14,1151,38.33333206176758,159.55,True,0.7,0.4198,9.339,37.63,3.25,-99.96,96.66,62.64,-2.07,2.05,0,timeout_other,,-
density25,density25,1000,distractors,15,1151,38.33333206176758,153.24,True,0.57,0.4548,16.138,37.77,4.04,-99.08,96.66,63.6,-1.63,2.98,0,contact_no_grasp,,-
density25,density25,1000,in_distribution,1,401,13.333333015441895,129.36,True,0.57,0.6329,4.992,12.77,3.16,-102.86,96.75,62.46,-2.68,1.13,1,success,,-
density25,density25,1000,in_distribution,2,422,14.033333778381348,131.75,True,0.57,0.6498,6.486,13.47,3.16,-102.86,96.75,62.55,-2.59,1.39,1,success,,-
density25,density25,1000,in_distribution,3,442,14.699999809265137,119.54,True,0.47,0.5913,5.676,14.23,2.11,-102.86,96.66,62.55,-2.68,1.13,1,success,,-
density25,density25,1000,in_distribution,4,401,13.333333015441895,127.28,True,0.4,0.6471,5.45,12.93,2.99,-102.86,96.75,62.55,-4.0,1.46,1,success,,-
density25,density25,1000,in_distribution,5,422,14.033333778381348,135.89,True,0.5,0.6565,6.382,13.53,2.73,-102.86,96.84,62.55,-4.0,1.39,1,success,,-
density25,density25,1000,in_distribution,6,400,13.300000190734863,138.27,True,0.37,0.6321,6.829,12.93,2.11,-102.86,96.57,62.55,-4.0,1.13,1,success,,-
density25,density25,1000,in_distribution,7,362,12.033333778381348,125.89,True,0.5,0.664,5.694,11.53,2.99,-102.77,96.66,62.46,-2.68,1.13,1,success,,-
density25,density25,1000,in_distribution,8,401,13.333333015441895,134.5,True,0.53,0.6607,6.302,12.8,1.67,-102.77,96.57,62.55,-2.68,1.39,1,success,,-
density25,density25,1000,in_distribution,9,437,14.533333778381348,125.11,True,0.6,0.608,5.449,13.93,1.67,-102.86,96.57,62.55,-2.95,1.46,1,success,,-
density25,density25,1000,in_distribution,10,420,13.966666221618652,134.0,True,0.77,0.6224,6.335,13.2,2.2,-102.86,96.75,62.55,-4.0,1.39,1,success,,-
density25,density25,1000,in_distribution,11,388,12.899999618530273,136.72,True,0.4,0.6836,6.892,12.5,2.11,-102.86,96.66,62.55,-3.47,1.46,1,success,,-
density25,density25,1000,in_distribution,12,463,15.399999618530273,133.16,True,0.57,0.6409,12.612,14.83,3.16,-102.77,96.57,62.55,-3.82,1.85,1,success,,-
density25,density25,1000,in_distribution,13,435,14.466666221618652,130.41,True,0.57,0.6197,6.83,13.9,2.99,-102.86,96.84,62.55,-4.0,1.13,1,success,,-
density25,density25,1000,in_distribution,14,542,18.03333282470703,139.25,True,0.53,0.6054,8.722,17.5,2.11,-102.86,96.66,62.55,-4.0,1.46,1,success,,-
density25,density25,1000,in_distribution,15,411,13.666666984558105,137.09,True,0.43,0.6622,5.301,13.23,2.02,-102.77,96.84,62.55,-4.0,1.39,1,success,,-
density25,density25,1000,new_positions,1,1151,38.33333206176758,117.97,True,1.37,0.4851,5.191,36.97,2.64,-95.3,96.84,69.76,1.01,3.71,0,contact_no_grasp,,E1
density25,density25,1000,new_positions,2,1151,38.33333206176758,102.32,True,1.2,0.5442,11.998,37.13,3.08,-95.3,96.84,69.76,0.92,3.71,0,timeout_other,,E1
density25,density25,1000,new_positions,3,1151,38.33333206176758,116.27,True,2.2,0.4637,8.548,36.13,2.73,-95.3,96.84,68.35,-0.4,3.71,0,timeout_other,,E1
density25,density25,1000,new_positions,4,1145,38.13333511352539,118.62,True,1.33,0.4895,7.825,36.8,3.08,-95.3,96.84,69.76,1.01,3.77,0,timeout_other,,E1
density25,density25,1000,new_positions,5,1151,38.33333206176758,137.43,True,2.13,0.5497,7.233,36.2,3.16,-95.3,96.84,69.58,1.01,3.71,0,timeout_other,,E1
density25,density25,1000,new_positions,6,1150,38.29999923706055,117.8,True,1.67,0.4286,5.236,36.63,4.22,-95.3,96.84,69.76,0.92,3.77,0,timeout_other,,E2
density25,density25,1000,new_positions,7,1151,38.33333206176758,117.3,True,1.17,0.4202,5.583,37.17,3.16,-95.3,96.84,69.58,0.92,3.77,0,timeout_other,,E2
density25,density25,1000,new_positions,8,1151,38.33333206176758,118.0,True,2.03,0.4228,5.597,36.3,3.08,-95.3,96.84,69.58,0.92,3.71,0,timeout_other,,E2
density25,density25,1000,new_positions,9,1136,37.83333206176758,118.93,True,1.97,0.4586,5.16,35.87,3.08,-95.3,96.66,69.58,0.92,3.77,0,timeout_other,,E2
density25,density25,1000,new_positions,10,1144,38.099998474121094,116.07,True,1.67,0.4398,5.075,36.43,3.08,-95.3,96.84,69.76,0.92,3.77,0,timeout_other,,E2
density25,density25,1000,new_positions,11,1141,38.0,157.33,True,1.17,0.4415,8.573,36.83,3.08,-95.3,96.84,69.58,0.92,3.77,0,timeout_other,,E3
density25,density25,1000,new_positions,12,1151,38.33333206176758,162.31,True,1.33,0.4734,13.502,37.0,3.16,-95.3,96.84,68.35,0.13,3.77,0,timeout_other,,E3
density25,density25,1000,new_positions,13,1134,37.766666412353516,163.7,True,1.37,0.4788,9.961,36.4,3.16,-95.3,96.84,68.35,0.13,3.58,0,timeout_other,,E3
density25,density25,1000,new_positions,14,1116,37.16666793823242,159.17,True,1.17,0.4507,13.91,36.0,3.16,-95.3,96.84,68.35,0.13,3.77,0,timeout_other,,E3
density25,density25,1000,new_positions,15,1143,38.06666564941406,156.39,True,1.4,0.4421,10.336,36.67,3.16,-95.38,96.84,68.35,-0.22,3.77,0,timeout_other,,E3
density25,density25,1000,new_positions,16,1130,37.63333511352539,161.31,True,13.23,0.5622,14.623,24.4,3.16,-95.38,96.84,68.35,0.13,2.72,0,timeout_other,,E4
density25,density25,1000,new_positions,17,1123,37.400001525878906,157.19,True,1.27,0.4105,8.762,36.13,4.22,-95.38,96.84,68.35,1.01,3.71,0,timeout_other,,E4
density25,density25,1000,new_positions,18,1111,37.0,164.75,True,8.63,0.5639,7.237,28.37,4.13,-95.3,96.84,68.35,0.92,3.71,0,timeout_other,,E4
density25,density25,1000,new_positions,19,1123,37.400001525878906,164.83,True,6.43,0.5004,7.879,30.97,4.13,-95.38,96.84,68.35,1.01,3.77,0,timeout_other,,E4
density25,density25,1000,new_positions,20,1116,37.16666793823242,144.19,True,30.2,0.664,5.301,6.97,4.22,-95.38,96.84,68.35,1.01,3.71,0,timeout_other,,E4
density25,density25,1000,new_positions,21,1135,37.79999923706055,160.86,True,2.0,0.4877,7.296,35.8,4.13,-95.38,96.84,68.44,-0.4,3.77,0,timeout_other,,E5
density25,density25,1000,new_positions,22,1131,37.66666793823242,162.98,True,4.17,0.4629,8.536,33.5,4.22,-95.38,96.84,68.44,0.92,3.71,0,timeout_other,,E5
density25,density25,1000,new_positions,23,1120,37.29999923706055,164.15,True,1.6,0.4606,6.725,35.7,4.13,-95.38,96.84,68.44,0.92,3.71,0,timeout_other,,E5
density25,density25,1000,new_positions,24,1114,37.099998474121094,165.7,True,2.0,0.4212,6.305,35.1,4.13,-95.38,96.84,68.44,0.92,3.71,0,timeout_other,,E5
density25,density25,1000,new_positions,25,1110,36.96666717529297,159.59,True,3.77,0.4208,5.719,33.2,4.13,-95.38,96.84,68.35,0.92,3.71,0,timeout_other,,E5
density25,density25,1000,reach_e5,1,571,19.0,149.01,True,2.27,0.6357,6.711,16.73,6.33,-94.86,96.84,67.12,-0.92,6.56,1,success,,reach_e5
density25,density25,1000,reach_e5,2,501,16.66666603088379,148.39,True,1.9,0.6868,8.898,14.77,5.27,-95.82,96.84,68.44,-1.89,5.76,1,success,,reach_e5
density25,density25,1000,reach_e5,3,547,18.200000762939453,156.24,True,4.0,0.7215,11.964,14.2,5.8,-95.82,96.92,68.44,-1.98,5.83,1,success,,reach_e5
density25,density25,1000,reach_e5,4,1151,38.33333206176758,162.29,True,1.4,0.5467,11.503,36.93,5.45,-95.82,96.92,68.97,-1.8,5.76,0,contact_no_grasp,,reach_e5
density25,density25,1000,reach_e5,5,496,16.5,148.4,True,1.27,0.6806,12.492,15.23,6.33,-94.86,96.92,67.12,-0.92,6.56,1,success,,reach_e5
density25,density25,1000,spot_check,1,546,18.16666603088379,144.59,True,2.33,0.6682,6.113,15.83,3.69,-96.35,96.57,66.77,-0.92,3.58,1,success,,T1
density25,density25,1000,spot_check,2,552,18.366666793823242,134.97,True,1.2,0.557,4.94,17.17,3.69,-96.35,96.66,66.77,-1.98,3.58,1,success,,T1
density25,density25,1000,spot_check,3,601,20.0,145.02,True,2.0,0.5965,9.038,18.0,4.04,-96.18,96.66,66.77,-0.92,3.58,1,success,,T3
density25,density25,1000,spot_check,4,451,15.0,143.61,True,1.13,0.5852,10.061,13.87,3.16,-96.62,96.66,65.45,-1.98,3.58,1,success,,T3
density25,density25,1000,spot_check,5,482,16.03333282470703,144.46,True,2.07,0.7406,6.58,13.97,3.16,-96.18,96.84,66.77,-1.98,3.18,1,success,,T10
density25,density25,1000,spot_check,6,492,16.366666793823242,145.7,True,0.77,0.6627,7.159,15.6,4.57,-96.18,96.57,66.77,-1.98,3.18,1,success,,T10
density5-seed2000,density5,2000,distractors,1,1139,37.93333435058594,161.59,True,0.7,0.7022,8.611,37.23,1.05,-96.35,96.84,73.27,-1.98,1.66,0,timeout_other,,-
density5-seed2000,density5,2000,distractors,2,1151,38.33333206176758,154.51,True,0.6,0.6669,7.067,37.73,2.55,-96.53,96.84,72.04,-2.07,2.52,0,contact_no_grasp,,-
density5-seed2000,density5,2000,distractors,3,1151,38.33333206176758,120.27,True,0.67,0.8468,10.836,37.67,1.14,-96.53,96.84,72.04,-3.03,2.52,1,success,,-
density5-seed2000,density5,2000,distractors,4,1151,38.33333206176758,129.39,True,0.57,0.8167,10.342,37.77,2.64,-96.53,96.84,71.78,-3.03,2.58,1,success,,-
density5-seed2000,density5,2000,distractors,5,1151,38.33333206176758,155.91,True,0.57,0.7262,6.951,37.77,1.14,-96.53,96.84,72.04,-3.38,2.58,0,contact_no_grasp,,-
density5-seed2000,density5,2000,distractors,6,1150,38.29999923706055,155.1,True,0.73,0.707,7.998,37.57,2.64,-96.53,96.84,72.04,-3.47,2.58,0,contact_no_grasp,,-
density5-seed2000,density5,2000,distractors,7,1151,38.33333206176758,153.79,True,0.8,0.6924,6.535,37.53,2.55,-96.53,96.84,72.04,-2.51,2.58,0,contact_no_grasp,,-
density5-seed2000,density5,2000,distractors,8,1150,38.29999923706055,151.63,True,0.67,0.6914,7.934,37.63,2.29,-96.53,96.84,71.78,-3.38,2.58,0,contact_no_grasp,,-
density5-seed2000,density5,2000,distractors,9,401,13.333333015441895,127.35,True,0.5,1.0177,10.146,12.83,2.2,-96.53,96.84,72.04,-3.03,2.58,1,success,,-
density5-seed2000,density5,2000,distractors,10,1151,38.33333206176758,166.76,True,1.57,0.7768,11.159,36.77,2.46,-96.53,96.84,73.1,-1.98,1.59,0,timeout_other,,-
density5-seed2000,density5,2000,distractors,11,1149,38.266666412353516,163.79,True,0.83,0.7311,8.571,37.43,2.2,-96.53,96.84,72.04,-2.07,2.58,0,contact_no_grasp,,-
density5-seed2000,density5,2000,distractors,12,1150,38.29999923706055,160.82,True,0.7,0.6915,6.351,37.6,2.2,-96.53,96.84,72.04,-2.07,2.58,0,contact_no_grasp,,-
density5-seed2000,density5,2000,distractors,13,1151,38.33333206176758,156.8,True,0.77,0.6707,6.275,37.57,2.55,-96.53,96.84,72.04,-2.07,2.52,0,contact_no_grasp,,-
density5-seed2000,density5,2000,distractors,14,1150,38.29999923706055,155.34,True,0.5,0.7051,6.756,37.8,2.55,-96.53,96.75,72.04,-2.33,2.58,0,contact_no_grasp,,-
density5-seed2000,density5,2000,distractors,15,1148,38.233333587646484,129.66,True,0.53,0.8438,9.334,37.7,2.64,-96.53,96.84,72.04,-2.95,2.58,1,success,,-
density5-seed2000,density5,2000,in_distribution,1,401,13.333333015441895,134.36,True,0.87,0.9793,7.665,12.47,4.13,-94.24,96.66,69.93,1.1,3.18,1,success,,-
density5-seed2000,density5,2000,in_distribution,2,401,13.333333015441895,133.47,True,0.7,0.9652,5.981,12.63,4.13,-94.24,96.57,68.35,0.13,3.05,1,success,,-
density5-seed2000,density5,2000,in_distribution,3,423,14.066666603088379,134.03,True,1.27,0.9327,7.955,12.8,4.22,-94.15,96.92,69.93,0.13,3.58,1,success,,-
density5-seed2000,density5,2000,in_distribution,4,450,14.966666221618652,134.02,True,0.93,0.9232,6.725,14.03,4.13,-94.24,96.92,69.93,0.13,3.18,1,success,,-
density5-seed2000,density5,2000,in_distribution,5,485,16.133333206176758,134.95,True,1.1,0.8774,7.197,15.03,4.13,-94.15,96.57,70.29,0.13,3.58,1,success,,-
density5-seed2000,density5,2000,in_distribution,6,454,15.100000381469727,145.72,True,1.07,0.9429,9.508,14.03,4.22,-94.07,96.66,69.93,0.13,3.18,1,success,,-
density5-seed2000,density5,2000,in_distribution,7,433,14.399999618530273,136.79,True,1.07,0.9226,9.835,13.33,4.22,-94.15,96.57,70.29,0.66,3.18,1,success,,-
density5-seed2000,density5,2000,in_distribution,8,385,12.800000190734863,131.05,True,0.93,0.9491,9.579,11.87,4.13,-93.89,96.57,68.35,0.13,3.18,1,success,,-
density5-seed2000,density5,2000,in_distribution,9,451,15.0,132.13,True,0.93,0.892,6.774,14.07,4.13,-94.15,96.66,70.11,0.66,3.18,1,success,,-
density5-seed2000,density5,2000,in_distribution,10,541,18.0,127.83,True,0.67,0.8568,6.659,17.33,4.13,-93.8,96.84,68.35,0.66,3.18,1,success_after_missed_grasp,,-
density5-seed2000,density5,2000,in_distribution,11,449,14.933333396911621,130.15,True,1.03,0.8876,7.007,13.9,4.22,-94.15,96.84,69.93,0.66,3.18,1,success,,-
density5-seed2000,density5,2000,in_distribution,12,455,15.133333206176758,133.92,True,0.73,0.9356,7.676,14.4,4.22,-94.07,96.57,69.93,0.66,3.18,1,success,,-
density5-seed2000,density5,2000,in_distribution,13,644,21.433332443237305,148.54,True,1.07,1.0183,14.517,20.37,4.22,-94.15,96.92,69.93,0.66,3.18,1,success_after_missed_grasp,,-
density5-seed2000,density5,2000,in_distribution,14,413,13.733333587646484,138.96,True,0.77,0.915,7.902,12.97,5.19,-94.07,96.66,69.93,0.57,3.18,1,success,,-
density5-seed2000,density5,2000,in_distribution,15,424,14.100000381469727,123.15,True,0.9,0.9104,6.578,13.2,4.31,-94.07,96.84,69.93,0.57,3.18,1,success,,-
density5-seed2000,density5,2000,new_positions,1,1151,38.33333206176758,135.03,True,3.03,0.7575,9.054,35.3,2.73,-95.12,96.84,72.22,-5.05,2.19,0,timeout_other,,E1
density5-seed2000,density5,2000,new_positions,2,1151,38.33333206176758,141.71,True,2.27,0.717,7.205,36.07,3.08,-95.03,96.84,72.22,-5.05,2.19,0,timeout_other,,E1
density5-seed2000,density5,2000,new_positions,3,1151,38.33333206176758,123.91,True,4.03,0.7976,9.253,34.3,3.16,-95.12,96.75,72.22,-5.05,2.19,0,timeout_other,,E1
density5-seed2000,density5,2000,new_positions,4,1151,38.33333206176758,126.68,True,2.1,0.73,9.266,36.23,2.73,-95.21,96.84,72.22,-5.05,2.19,0,timeout_other,,E1
density5-seed2000,density5,2000,new_positions,5,1107,36.86666488647461,103.96,True,4.37,0.7764,10.143,32.5,3.16,-94.95,96.84,72.22,-5.05,2.19,0,timeout_other,,E1
density5-seed2000,density5,2000,new_positions,6,1118,37.233333587646484,103.78,True,0.67,1.0131,8.653,36.57,2.73,-95.3,96.84,72.22,-5.05,2.19,0,timeout_other,,E2
density5-seed2000,density5,2000,new_positions,7,1146,38.16666793823242,126.26,True,0.87,0.9369,9.356,37.3,2.73,-95.03,96.84,72.22,-4.0,2.19,0,timeout_other,,E2
density5-seed2000,density5,2000,new_positions,8,1139,37.93333435058594,119.27,True,1.37,0.902,9.563,36.57,2.99,-95.12,96.75,73.36,-3.91,2.19,0,timeout_other,,E2
density5-seed2000,density5,2000,new_positions,9,1137,37.86666488647461,119.54,True,0.67,0.943,6.685,37.2,3.08,-95.3,96.75,73.01,-4.0,2.19,0,timeout_other,,E2
density5-seed2000,density5,2000,new_positions,10,1132,37.70000076293945,112.71,True,0.87,1.0378,9.773,36.83,2.99,-95.12,96.75,73.45,-3.91,2.19,0,timeout_other,,E2
density5-seed2000,density5,2000,new_positions,11,1130,37.63333511352539,148.56,True,1.7,0.7602,6.68,35.93,3.08,-95.3,96.84,73.36,-4.0,2.19,0,timeout_other,,E3
density5-seed2000,density5,2000,new_positions,12,1132,37.70000076293945,152.82,True,3.37,0.804,7.228,34.33,3.16,-95.3,96.84,72.22,-5.05,2.19,0,timeout_other,,E3
density5-seed2000,density5,2000,new_positions,13,1101,36.66666793823242,150.64,True,1.8,0.7591,6.45,34.87,3.16,-95.3,96.84,72.22,-5.05,2.19,0,timeout_other,,E3
density5-seed2000,density5,2000,new_positions,14,1119,37.266666412353516,156.87,True,1.57,0.7862,6.736,35.7,3.16,-95.3,96.84,72.22,-5.05,2.19,0,timeout_other,,E3
density5-seed2000,density5,2000,new_positions,15,1108,36.900001525878906,143.81,True,1.23,0.7543,6.849,35.67,3.16,-95.21,96.84,72.22,-5.05,2.19,0,timeout_other,,E3
density5-seed2000,density5,2000,new_positions,16,1124,37.43333435058594,169.73,True,1.1,0.818,6.9,36.33,3.08,-95.12,96.84,72.22,-5.05,2.19,0,timeout_other,,E4
density5-seed2000,density5,2000,new_positions,17,1114,37.099998474121094,165.15,True,1.03,0.86,8.07,36.07,4.04,-95.3,96.84,72.22,-3.74,2.19,0,timeout_other,,E4
density5-seed2000,density5,2000,new_positions,18,1101,36.66666793823242,167.62,True,2.6,0.8717,8.695,34.07,4.04,-95.3,96.84,72.22,-3.74,2.19,0,timeout_other,,E4
density5-seed2000,density5,2000,new_positions,19,1105,36.79999923706055,162.06,True,0.97,0.8278,6.79,35.83,4.13,-95.3,96.75,72.22,-4.0,2.19,0,contact_no_grasp,,E4
density5-seed2000,density5,2000,new_positions,20,1103,36.733333587646484,165.05,True,0.9,0.8443,7.153,35.83,4.13,-95.3,96.84,72.4,-3.74,2.19,0,timeout_other,,E4
density5-seed2000,density5,2000,new_positions,21,1101,36.66666793823242,158.77,True,1.83,0.8394,7.675,34.83,4.13,-95.38,96.84,72.22,-3.74,2.19,0,timeout_other,,E5
density5-seed2000,density5,2000,new_positions,22,1093,36.400001525878906,164.36,True,2.1,0.8962,7.663,34.3,2.81,-95.3,96.84,72.22,-5.05,2.19,0,timeout_other,,E5
density5-seed2000,density5,2000,new_positions,23,1101,36.66666793823242,166.0,True,4.13,0.9384,6.923,32.53,2.73,-95.3,96.84,72.22,-4.97,2.19,0,timeout_other,,E5
density5-seed2000,density5,2000,new_positions,24,1101,36.66666793823242,160.66,True,2.13,0.8716,13.706,34.53,4.04,-95.38,96.84,72.22,-3.74,2.19,0,timeout_other,,E5
density5-seed2000,density5,2000,new_positions,25,1067,35.53333282470703,171.01,True,1.93,0.9129,7.25,33.6,2.81,-95.3,96.84,72.22,-4.97,2.19,0,timeout_other,,E5
density5-seed2000,density5,2000,reach_e5,1,1149,38.266666412353516,148.65,True,1.6,0.8813,8.407,36.67,8.26,-92.13,96.92,67.12,0.66,7.35,0,timeout_other,,reach_e5
density5-seed2000,density5,2000,reach_e5,2,1150,38.29999923706055,156.92,True,2.23,0.9192,11.304,36.07,7.38,-91.96,96.92,67.03,0.84,7.35,0,timeout_other,,reach_e5
density5-seed2000,density5,2000,reach_e5,3,1148,38.233333587646484,160.22,True,1.57,0.9368,7.867,36.67,7.38,-92.13,96.92,67.12,0.66,7.35,0,timeout_other,,reach_e5
density5-seed2000,density5,2000,reach_e5,4,1145,38.13333511352539,161.8,True,1.37,0.9285,8.156,36.77,7.38,-92.13,96.84,67.03,0.66,7.35,0,timeout_other,,reach_e5
density5-seed2000,density5,2000,reach_e5,5,1142,38.03333282470703,160.07,True,1.8,0.9357,8.089,36.23,7.38,-92.13,96.84,67.03,0.84,7.35,0,timeout_other,,reach_e5
density5-seed2000,density5,2000,spot_check,1,533,17.733333587646484,131.56,True,1.43,0.9561,8.344,16.3,0.97,-92.31,96.84,67.82,-2.07,3.97,1,success,,T1
density5-seed2000,density5,2000,spot_check,2,549,18.266666412353516,135.46,True,0.87,0.9928,8.441,17.4,1.05,-92.4,96.84,67.65,-2.07,3.97,1,success,,T1
density5-seed2000,density5,2000,spot_check,3,422,14.033333778381348,143.84,True,0.9,0.8958,7.506,13.13,1.05,-92.57,96.84,67.82,-1.98,3.97,1,success,,T3
density5-seed2000,density5,2000,spot_check,4,537,17.866666793823242,142.63,True,0.93,0.8667,6.145,16.93,0.53,-92.66,96.84,66.33,-3.47,3.97,1,success,,T3
density5-seed2000,density5,2000,spot_check,5,1149,38.266666412353516,171.94,True,1.83,0.7554,8.029,36.43,0.97,-92.57,96.84,67.82,-3.47,3.97,0,contact_no_grasp,,T10
density5-seed2000,density5,2000,spot_check,6,1130,37.63333511352539,168.69,True,0.9,0.7868,10.259,36.73,1.05,-91.69,96.84,66.33,-2.15,4.97,0,timeout_other,,T10
density50-fixedstep,density50-fixedstep,1000,distractors,1,1151,38.33333206176758,170.89,True,1.3,0.7879,8.041,37.03,0.53,-92.66,96.84,66.86,-4.0,4.5,0,timeout_other,,-
density50-fixedstep,density50-fixedstep,1000,distractors,2,1101,36.66666793823242,174.18,True,1.9,0.8709,8.062,34.77,0.62,-92.66,96.84,66.86,-4.35,4.57,0,contact_no_grasp,,-
density50-fixedstep,density50-fixedstep,1000,distractors,3,1054,35.099998474121094,175.18,True,1.57,0.8357,11.31,33.53,0.44,-92.66,96.84,66.86,-4.35,4.5,0,timeout_other,,-
density50-fixedstep,density50-fixedstep,1000,distractors,4,1084,36.099998474121094,169.84,True,1.9,0.7908,8.502,34.2,0.53,-92.66,96.84,66.86,-4.0,4.5,0,contact_no_grasp,,-
density50-fixedstep,density50-fixedstep,1000,distractors,5,1082,36.03333282470703,170.82,True,1.2,0.8196,8.202,34.83,0.62,-92.66,96.84,66.77,-4.26,4.5,0,timeout_other,,-
density50-fixedstep,density50-fixedstep,1000,distractors,6,1069,35.599998474121094,165.51,True,1.17,0.8326,9.522,34.43,0.53,-92.66,96.84,66.77,-3.03,4.5,0,timeout_other,,-
density50-fixedstep,density50-fixedstep,1000,distractors,7,1051,35.0,172.15,True,1.1,0.836,8.92,33.9,0.53,-92.66,96.84,66.77,-4.0,4.5,0,timeout_other,,-
density50-fixedstep,density50-fixedstep,1000,distractors,8,1067,35.53333282470703,164.49,True,1.5,0.8352,8.502,34.03,0.62,-92.66,96.84,66.86,-4.35,4.5,0,contact_no_grasp,,-
density50-fixedstep,density50-fixedstep,1000,distractors,9,1076,35.83333206176758,177.0,True,1.6,0.818,6.724,34.23,0.53,-92.66,96.84,66.77,-4.0,4.5,0,contact_no_grasp,,-
density50-fixedstep,density50-fixedstep,1000,distractors,10,444,14.766666412353516,133.8,True,1.4,1.1442,14.602,13.37,0.62,-92.66,96.84,66.86,-4.0,4.5,1,success,,-
density50-fixedstep,density50-fixedstep,1000,distractors,11,1101,36.66666793823242,171.28,True,0.8,0.8011,8.153,35.87,2.02,-93.45,96.92,66.86,-2.68,3.58,0,timeout_other,,-
density50-fixedstep,density50-fixedstep,1000,distractors,12,1094,36.43333435058594,164.05,True,2.0,0.7821,9.153,34.43,0.53,-92.66,96.84,66.86,-4.53,4.5,0,contact_no_grasp,,-
density50-fixedstep,density50-fixedstep,1000,distractors,13,1056,35.16666793823242,174.76,True,1.47,0.8486,8.889,33.7,0.53,-92.66,96.84,66.77,-4.53,4.5,0,timeout_other,,-
density50-fixedstep,density50-fixedstep,1000,distractors,14,1084,36.099998474121094,167.6,True,2.13,0.836,8.172,33.97,0.62,-92.66,96.84,66.77,-4.35,4.5,0,contact_no_grasp,,-
density50-fixedstep,density50-fixedstep,1000,distractors,15,1006,33.5,159.87,True,1.23,0.8074,12.912,32.27,0.53,-92.66,96.84,66.77,-4.35,4.5,0,timeout_other,,-
density50-fixedstep,density50-fixedstep,1000,in_distribution,1,1151,38.33333206176758,173.93,True,1.6,0.8451,7.853,36.73,2.81,-98.02,96.66,74.15,-3.47,1.39,0,contact_no_grasp,,-
density50-fixedstep,density50-fixedstep,1000,in_distribution,2,1151,38.33333206176758,178.71,True,3.2,0.917,13.038,35.13,2.29,-97.05,96.4,72.75,-2.07,1.79,0,contact_no_grasp,,-
density50-fixedstep,density50-fixedstep,1000,in_distribution,3,1151,38.33333206176758,175.19,True,1.07,0.8625,9.445,37.27,2.99,-97.05,96.31,72.75,-3.03,1.79,0,contact_no_grasp,,-
density50-fixedstep,density50-fixedstep,1000,in_distribution,4,405,13.466666221618652,145.37,True,1.8,1.0734,7.195,11.67,3.08,-97.05,96.31,72.75,-2.51,1.79,1,success,,-
density50-fixedstep,density50-fixedstep,1000,in_distribution,5,471,15.666666984558105,135.33,True,1.6,1.097,8.733,14.07,3.08,-98.02,96.48,72.75,-3.47,1.06,1,success,,-
density50-fixedstep,density50-fixedstep,1000,in_distribution,6,491,16.33333396911621,147.48,True,1.6,1.1474,15.294,14.73,2.11,-98.02,96.75,72.75,-3.47,1.13,1,success,,-
density50-fixedstep,density50-fixedstep,1000,in_distribution,7,451,15.0,138.01,True,0.87,1.1972,8.021,14.13,2.55,-98.02,96.66,72.75,-3.47,1.06,1,success,,-
density50-fixedstep,density50-fixedstep,1000,in_distribution,8,425,14.133333206176758,138.69,True,2.3,1.1888,9.093,11.83,2.55,-98.02,96.48,74.15,-2.33,2.12,1,success,,-
density50-fixedstep,density50-fixedstep,1000,in_distribution,9,1151,38.33333206176758,186.24,True,1.77,0.8766,9.004,36.57,3.08,-98.02,96.57,73.45,-3.03,0.99,0,contact_no_grasp,,-
density50-fixedstep,density50-fixedstep,1000,in_distribution,10,1151,38.33333206176758,197.24,True,1.5,0.8839,10.809,36.83,3.08,-97.05,96.31,72.75,-3.12,1.79,0,timeout_other,,-
density50-fixedstep,density50-fixedstep,1000,in_distribution,11,474,15.766666412353516,135.28,True,2.07,1.1261,6.652,13.7,3.08,-97.05,96.31,72.75,-2.07,1.79,1,success,,-
density50-fixedstep,density50-fixedstep,1000,in_distribution,12,1151,38.33333206176758,170.27,True,2.57,0.8594,9.749,35.77,2.99,-98.02,96.48,74.15,-3.03,1.13,0,timeout_other,,-
density50-fixedstep,density50-fixedstep,1000,in_distribution,13,520,17.299999237060547,134.15,True,3.4,1.0829,9.349,13.9,1.76,-97.05,96.31,72.75,-1.98,1.79,1,success,,-
density50-fixedstep,density50-fixedstep,1000,in_distribution,14,525,17.46666717529297,133.86,True,3.13,1.1453,12.234,14.33,3.08,-97.93,96.48,72.75,-1.98,1.39,1,success,,-
density50-fixedstep,density50-fixedstep,1000,in_distribution,15,1150,38.29999923706055,205.2,True,0.73,1.0515,335.984,37.57,2.11,-98.02,96.31,72.75,-3.47,1.39,0,contact_no_grasp,,-
density50-fixedstep,density50-fixedstep,1000,new_positions,1,1151,38.33333206176758,176.21,True,3.2,1.4732,20.107,35.13,7.82,-91.69,96.84,68.18,-0.31,5.36,0,timeout_other,,E1
density50-fixedstep,density50-fixedstep,1000,new_positions,2,1151,38.33333206176758,181.45,True,1.13,0.9685,16.303,37.2,7.74,-91.96,96.84,69.58,-0.31,5.36,0,timeout_other,,E1
density50-fixedstep,density50-fixedstep,1000,new_positions,3,1151,38.33333206176758,185.49,True,1.0,0.987,9.963,37.33,7.82,-91.96,96.84,68.18,-0.31,5.36,0,timeout_other,,E1
density50-fixedstep,density50-fixedstep,1000,new_positions,4,1151,38.33333206176758,188.65,True,2.1,1.0504,11.031,36.23,7.82,-91.96,96.84,68.35,-0.31,5.36,0,timeout_other,,E1
density50-fixedstep,density50-fixedstep,1000,new_positions,5,1151,38.33333206176758,198.86,True,0.93,1.1581,12.288,37.4,7.91,-91.69,96.84,68.35,-0.31,5.3,0,timeout_other,,E1
density50-fixedstep,density50-fixedstep,1000,new_positions,6,1151,38.33333206176758,125.64,True,1.6,1.0263,11.655,36.73,7.82,-91.96,96.84,69.41,-0.31,5.3,0,timeout_other,,E2
density50-fixedstep,density50-fixedstep,1000,new_positions,7,1151,38.33333206176758,120.81,True,2.07,1.0312,9.003,36.27,7.74,-91.78,96.84,69.32,0.92,5.3,0,timeout_other,,E2
density50-fixedstep,density50-fixedstep,1000,new_positions,8,1150,38.29999923706055,118.39,True,1.47,1.0881,7.774,36.83,7.74,-92.13,96.84,69.32,0.92,5.3,0,timeout_other,,E2
density50-fixedstep,density50-fixedstep,1000,new_positions,9,1151,38.33333206176758,121.85,True,0.83,1.0011,8.822,37.5,7.74,-91.96,96.84,69.41,0.92,5.3,0,timeout_other,,E2
density50-fixedstep,density50-fixedstep,1000,new_positions,10,1151,38.33333206176758,124.7,True,6.87,1.0707,8.302,31.47,7.74,-91.96,96.84,69.41,0.92,5.3,0,timeout_other,,E2
density50-fixedstep,density50-fixedstep,1000,new_positions,11,1151,38.33333206176758,174.92,True,2.3,0.8881,11.268,36.03,7.74,-91.96,96.84,69.32,0.92,5.3,0,timeout_other,,E3
density50-fixedstep,density50-fixedstep,1000,new_positions,12,1151,38.33333206176758,177.46,True,1.3,0.8601,11.122,37.03,7.82,-91.69,96.84,68.35,-0.13,5.36,0,timeout_other,,E3
density50-fixedstep,density50-fixedstep,1000,new_positions,13,1151,38.33333206176758,177.4,True,0.9,0.9084,7.849,37.43,7.82,-91.08,96.84,68.35,-0.13,5.36,0,timeout_other,,E3
density50-fixedstep,density50-fixedstep,1000,new_positions,14,1151,38.33333206176758,170.03,True,1.4,0.8727,16.668,36.93,7.82,-91.87,96.84,68.09,-0.31,5.3,0,timeout_other,,E3
density50-fixedstep,density50-fixedstep,1000,new_positions,15,1150,38.29999923706055,171.48,True,1.4,0.8593,11.543,36.9,7.82,-91.87,96.84,68.09,0.13,5.36,0,timeout_other,,E3
density50-fixedstep,density50-fixedstep,1000,new_positions,16,1150,38.29999923706055,191.45,True,1.33,1.0639,10.084,36.97,7.82,-91.87,96.84,68.18,0.13,5.36,0,timeout_other,,E4
density50-fixedstep,density50-fixedstep,1000,new_positions,17,1147,38.20000076293945,188.25,True,1.5,1.0101,15.335,36.7,8.88,-91.87,96.84,68.09,-0.13,5.3,0,timeout_other,,E4
density50-fixedstep,density50-fixedstep,1000,new_positions,18,1151,38.33333206176758,169.36,True,0.9,1.1511,9.987,37.43,7.91,-91.87,96.84,68.35,-0.13,5.36,0,timeout_other,,E4
density50-fixedstep,density50-fixedstep,1000,new_positions,19,1145,38.13333511352539,170.07,True,0.57,1.0933,11.451,37.57,8.97,-91.96,96.75,69.32,0.92,5.36,0,grasp_drop,,E4
density50-fixedstep,density50-fixedstep,1000,new_positions,20,1150,38.29999923706055,192.2,True,1.8,1.0264,11.938,36.5,7.82,-91.87,96.75,68.18,0.04,5.3,0,timeout_other,,E4
density50-fixedstep,density50-fixedstep,1000,new_positions,21,1146,38.16666793823242,190.82,True,1.27,0.9805,10.424,36.9,7.91,-91.87,96.75,68.18,0.04,5.3,0,contact_no_grasp,,E5
density50-fixedstep,density50-fixedstep,1000,new_positions,22,1146,38.16666793823242,179.93,True,2.07,0.8993,9.921,36.1,8.88,-91.69,96.66,68.18,1.1,5.3,0,timeout_other,,E5
density50-fixedstep,density50-fixedstep,1000,new_positions,23,1148,38.233333587646484,179.67,True,1.0,0.8921,7.998,37.23,7.56,-92.13,96.75,68.18,0.92,5.3,0,timeout_other,,E5
density50-fixedstep,density50-fixedstep,1000,new_positions,24,1141,38.0,174.5,True,1.63,0.8827,9.011,36.37,7.91,-91.87,96.75,68.18,1.45,5.3,0,timeout_other,,E5
density50-fixedstep,density50-fixedstep,1000,new_positions,25,1142,38.03333282470703,182.67,True,1.27,0.8735,8.008,36.77,7.82,-91.87,96.75,68.18,-0.31,5.3,0,timeout_other,,E5
density50-fixedstep,density50-fixedstep,1000,spot_check,1,472,15.699999809265137,153.42,True,0.97,1.2731,10.52,14.73,3.52,-95.38,96.75,72.57,-4.0,1.66,1,success,,T1
density50-fixedstep,density50-fixedstep,1000,spot_check,2,530,17.633333206176758,136.28,True,1.27,1.1786,10.141,16.37,2.2,-95.38,96.57,70.99,-3.03,1.79,1,success,,T1
density50-fixedstep,density50-fixedstep,1000,spot_check,3,451,15.0,155.85,True,1.9,1.0782,12.362,13.1,3.08,-95.38,96.66,71.16,-2.59,1.99,1,success,,T3
density50-fixedstep,density50-fixedstep,1000,spot_check,4,465,15.466666221618652,152.09,True,2.2,1.0828,12.361,13.27,3.52,-95.21,96.66,71.16,-3.47,1.92,1,success,,T3
density50-fixedstep,density50-fixedstep,1000,spot_check,5,473,15.733333587646484,152.84,True,2.03,1.2092,10.54,13.7,3.16,-95.38,96.66,71.08,-4.0,1.99,1,success,,T10
density50-fixedstep,density50-fixedstep,1000,spot_check,6,701,23.33333396911621,149.8,True,0.87,1.1031,14.14,22.47,2.11,-95.38,96.66,70.99,-2.68,1.66,1,success,,T10
density50-seed2000,density50,2000,distractors,1,455,15.133333206176758,136.16,True,0.4,0.6152,9.549,14.73,3.52,-96.26,96.48,69.58,-1.45,1.79,1,success,,-
density50-seed2000,density50,2000,distractors,2,515,17.133333206176758,137.17,True,4.57,0.623,5.93,12.57,2.11,-96.0,96.57,69.58,-1.54,1.79,1,success,,-
density50-seed2000,density50,2000,distractors,3,501,16.66666603088379,152.21,True,0.9,0.5637,7.122,15.77,2.11,-96.35,96.48,69.58,-2.95,1.39,1,success,,-
density50-seed2000,density50,2000,distractors,4,385,12.800000190734863,135.38,True,0.57,0.6516,6.907,12.23,2.11,-96.0,96.48,69.58,-2.95,1.79,1,success,,-
density50-seed2000,density50,2000,distractors,5,501,16.66666603088379,130.67,True,3.4,0.6237,6.745,13.27,2.11,-96.44,96.48,69.58,-2.77,1.79,1,success,,-
density50-seed2000,density50,2000,distractors,6,454,15.100000381469727,153.84,True,1.33,0.6804,6.594,13.77,2.11,-96.35,96.57,69.58,-2.95,1.79,1,success,,-
density50-seed2000,density50,2000,distractors,7,401,13.333333015441895,133.27,True,0.67,0.6987,6.691,12.67,2.11,-96.26,96.57,69.58,-2.95,1.79,1,success,,-
density50-seed2000,density50,2000,distractors,8,1151,38.33333206176758,167.5,True,0.8,0.4127,9.885,37.53,2.11,-96.09,96.48,69.58,-2.95,1.79,0,contact_no_grasp,,-
density50-seed2000,density50,2000,distractors,9,1151,38.33333206176758,168.06,True,0.93,0.4237,11.089,37.4,3.52,-95.38,96.48,69.58,-2.77,1.79,0,contact_no_grasp,,-
density50-seed2000,density50,2000,distractors,10,716,23.83333396911621,142.21,True,1.93,0.6444,10.11,21.9,2.2,-95.38,96.48,69.58,-2.95,1.79,1,success,,-
density50-seed2000,density50,2000,distractors,11,449,14.933333396911621,144.68,True,1.2,0.6565,6.552,13.73,2.11,-96.18,96.57,70.99,-2.95,1.66,1,success,,-
density50-seed2000,density50,2000,distractors,12,1150,38.29999923706055,159.96,True,0.83,0.3794,6.235,37.47,2.11,-96.09,96.48,69.58,-2.59,1.39,0,contact_no_grasp,,-
density50-seed2000,density50,2000,distractors,13,507,16.866666793823242,127.65,True,2.1,0.6251,6.161,14.77,2.11,-95.38,96.48,69.58,-1.8,1.79,1,success,,-
density50-seed2000,density50,2000,distractors,14,601,20.0,155.96,True,6.7,0.6547,6.607,13.3,3.16,-96.26,96.57,69.58,-1.54,1.79,1,success,,-
density50-seed2000,density50,2000,distractors,15,489,16.266666412353516,145.43,True,0.7,0.6798,6.203,15.57,3.16,-96.09,96.57,69.58,-1.54,1.79,1,success,,-
density50-seed2000,density50,2000,in_distribution,1,651,21.66666603088379,145.42,True,8.47,0.6494,6.233,13.2,2.11,-96.97,96.57,71.52,-2.95,1.13,1,success,,-
density50-seed2000,density50,2000,in_distribution,2,744,24.766666412353516,141.55,True,11.57,0.6341,8.902,13.2,2.11,-96.88,96.66,72.04,-2.51,2.19,1,success,,-
density50-seed2000,density50,2000,in_distribution,3,445,14.800000190734863,145.67,True,0.87,0.6444,5.813,13.93,2.11,-96.97,96.84,71.52,-2.51,1.39,1,success,,-
density50-seed2000,density50,2000,in_distribution,4,501,16.66666603088379,138.4,True,5.03,0.6985,6.279,11.63,2.2,-96.97,96.48,71.52,-2.95,1.39,1,success,,-
density50-seed2000,density50,2000,in_distribution,5,472,15.699999809265137,148.98,True,1.77,0.6187,5.403,13.93,2.11,-96.97,96.57,72.04,-2.95,1.39,1,success,,-
density50-seed2000,density50,2000,in_distribution,6,458,15.233333587646484,136.79,True,1.93,0.627,5.403,13.3,2.2,-96.97,96.66,69.93,-1.45,1.39,1,success,,-
density50-seed2000,density50,2000,in_distribution,7,610,20.299999237060547,141.82,True,6.47,0.6233,5.143,13.83,2.11,-96.97,96.75,71.52,-1.54,2.19,1,success,,-
density50-seed2000,density50,2000,in_distribution,8,586,19.5,138.55,True,5.6,0.6465,5.854,13.9,2.64,-96.88,96.84,70.37,-1.54,1.39,1,success,,-
density50-seed2000,density50,2000,in_distribution,9,822,27.366666793823242,153.54,True,1.4,0.5932,10.141,25.97,2.99,-96.97,96.57,71.52,-2.95,1.39,1,success,,-
density50-seed2000,density50,2000,in_distribution,10,600,19.96666717529297,138.42,True,5.13,0.5994,7.392,14.83,2.11,-96.97,96.84,71.6,-2.42,1.39,1,success,,-
density50-seed2000,density50,2000,in_distribution,11,401,13.333333015441895,139.55,True,1.93,0.6861,7.194,11.4,3.6,-96.97,96.75,71.69,-2.86,1.39,1,success,,-
density50-seed2000,density50,2000,in_distribution,12,478,15.899999618530273,138.16,True,2.8,0.6815,5.293,13.1,2.11,-96.88,96.75,71.52,-2.95,1.39,1,success,,-
density50-seed2000,density50,2000,in_distribution,13,578,19.233333587646484,156.25,True,5.63,0.6649,9.346,13.6,3.16,-96.97,96.75,72.04,-2.51,1.39,1,success,,-
density50-seed2000,density50,2000,in_distribution,14,551,18.33333396911621,123.08,True,3.0,0.5663,7.364,15.33,3.16,-96.88,96.57,71.52,-2.95,1.39,1,success,,-
density50-seed2000,density50,2000,in_distribution,15,501,16.66666603088379,141.61,True,3.4,0.6271,5.378,13.27,3.52,-96.88,96.92,71.69,-2.51,1.39,1,success,,-
density50-seed2000,density50,2000,new_positions,1,1151,38.33333206176758,112.27,True,19.3,0.4386,8.556,19.03,6.24,-93.27,96.84,69.58,-2.42,4.11,0,timeout_other,,E1
density50-seed2000,density50,2000,new_positions,2,1151,38.33333206176758,137.37,True,7.8,0.5735,17.034,30.53,5.98,-93.27,96.84,69.58,-2.42,4.11,0,timeout_other,,E1
density50-seed2000,density50,2000,new_positions,3,1151,38.33333206176758,173.45,True,1.9,0.5159,6.842,36.43,7.65,-93.36,96.84,70.9,-0.92,4.11,0,timeout_other,,E1
density50-seed2000,density50,2000,new_positions,4,1151,38.33333206176758,111.71,True,3.97,0.4283,8.82,34.37,7.65,-93.27,96.84,69.76,-1.01,3.11,0,timeout_other,,E1
density50-seed2000,density50,2000,new_positions,5,1151,38.33333206176758,118.04,True,2.2,0.5352,9.919,36.13,6.24,-93.36,96.84,69.58,-2.42,4.11,0,timeout_other,,E1
density50-seed2000,density50,2000,new_positions,6,1151,38.33333206176758,119.2,True,19.7,0.4603,4.651,18.63,6.24,-93.36,96.84,69.58,-2.42,4.11,0,timeout_other,,E2
density50-seed2000,density50,2000,new_positions,7,1151,38.33333206176758,123.18,True,1.43,0.4101,4.776,36.9,6.24,-93.36,96.84,70.9,-1.1,4.11,0,timeout_other,,E2
density50-seed2000,density50,2000,new_positions,8,1151,38.33333206176758,119.04,True,2.3,0.4336,6.274,36.03,6.24,-93.36,96.84,70.81,-1.1,4.11,0,timeout_other,,E2
density50-seed2000,density50,2000,new_positions,9,1151,38.33333206176758,121.07,True,5.7,0.4572,4.711,32.63,6.24,-93.36,96.84,70.9,-1.1,4.11,0,timeout_other,,E2
density50-seed2000,density50,2000,new_positions,10,1151,38.33333206176758,119.05,True,2.43,0.4363,6.179,35.9,6.24,-93.36,96.84,70.73,-1.1,4.11,0,timeout_other,,E2
density50-seed2000,density50,2000,new_positions,11,1151,38.33333206176758,173.29,True,3.17,0.437,17.716,35.17,6.24,-93.36,96.84,70.81,-1.1,4.11,0,timeout_other,,E3
density50-seed2000,density50,2000,new_positions,12,1151,38.33333206176758,183.55,True,3.3,0.5014,9.884,35.03,6.33,-93.36,96.84,69.58,-2.24,4.11,0,timeout_other,,E3
density50-seed2000,density50,2000,new_positions,13,1151,38.33333206176758,171.02,True,4.2,0.4058,11.233,34.13,7.12,-93.54,96.84,70.9,-2.24,4.11,0,timeout_other,,E3
density50-seed2000,density50,2000,new_positions,14,1150,38.29999923706055,176.19,True,3.33,0.4338,12.181,34.97,6.24,-93.45,96.84,69.58,-2.24,4.11,0,timeout_other,,E3
density50-seed2000,density50,2000,new_positions,15,1151,38.33333206176758,168.94,True,2.17,0.4355,14.081,36.17,6.24,-93.45,96.84,69.58,-2.24,4.11,0,timeout_other,,E3
density50-seed2000,density50,2000,new_positions,16,1144,38.099998474121094,171.04,True,0.97,0.5101,8.15,37.13,6.24,-93.45,96.84,69.58,-2.42,4.11,0,contact_no_grasp,,E4
density50-seed2000,density50,2000,new_positions,17,402,13.366666793823242,120.8,True,0.67,0.7493,10.755,12.7,7.21,-93.63,96.84,69.58,-1.1,4.11,1,success,,E4
density50-seed2000,density50,2000,new_positions,18,1147,38.20000076293945,165.36,True,3.4,0.4804,14.963,34.8,6.24,-94.07,96.84,69.58,-2.42,3.18,0,timeout_other,,E4
density50-seed2000,density50,2000,new_positions,19,562,18.700000762939453,125.91,True,3.7,0.6623,5.71,15.0,7.21,-93.63,96.84,70.64,-2.42,4.11,1,success,,E4
density50-seed2000,density50,2000,new_positions,20,1148,38.233333587646484,174.58,True,9.1,0.5234,6.926,29.13,6.24,-93.89,96.75,69.58,-2.42,3.18,0,timeout_other,,E4
density50-seed2000,density50,2000,new_positions,21,1147,38.20000076293945,181.1,True,2.4,0.5906,9.561,35.8,7.3,-93.45,96.84,69.58,-1.01,4.11,0,contact_no_grasp,,E5
density50-seed2000,density50,2000,new_positions,22,1149,38.266666412353516,179.99,True,2.5,0.6028,12.519,35.77,7.3,-93.45,96.84,69.58,-1.1,4.11,0,contact_no_grasp,,E5
density50-seed2000,density50,2000,new_positions,23,1137,37.86666488647461,178.87,True,1.17,0.617,12.447,36.7,6.68,-93.63,96.84,69.58,-1.01,4.11,0,contact_no_grasp,,E5
density50-seed2000,density50,2000,new_positions,24,1145,38.13333511352539,177.12,True,0.77,0.6203,6.776,37.37,7.21,-93.63,96.84,69.58,-1.01,3.25,0,timeout_other,,E5
density50-seed2000,density50,2000,new_positions,25,1136,37.83333206176758,175.36,True,3.03,0.5949,14.891,34.8,7.3,-93.45,96.84,69.58,-1.01,4.11,0,contact_no_grasp,,E5
density50-seed2000,density50,2000,reach_e5,1,646,21.5,145.88,True,0.63,0.6214,6.999,20.87,6.86,-94.33,96.92,67.38,-0.48,6.89,1,success,,reach_e5
density50-seed2000,density50,2000,reach_e5,2,1149,38.266666412353516,169.76,True,1.87,0.5509,10.397,36.4,5.89,-95.38,96.92,68.79,-1.54,6.23,0,contact_no_grasp,,reach_e5
density50-seed2000,density50,2000,reach_e5,3,501,16.66666603088379,151.81,True,0.57,0.6726,7.745,16.1,7.3,-94.33,96.92,67.12,-0.48,6.95,1,success,,reach_e5
density50-seed2000,density50,2000,reach_e5,4,718,23.899999618530273,149.66,True,2.03,0.5618,7.748,21.87,6.33,-95.21,97.01,68.44,-1.54,6.03,1,success_after_missed_grasp,,reach_e5
density50-seed2000,density50,2000,reach_e5,5,1148,38.233333587646484,174.53,True,0.6,0.5558,10.035,37.63,6.33,-95.21,97.01,68.44,-0.4,5.89,0,contact_no_grasp,,reach_e5
density50-seed2000,density50,2000,spot_check,1,471,15.666666984558105,124.02,True,1.57,0.6418,7.282,14.1,2.73,-93.36,96.48,68.35,-3.56,3.11,1,success,,T1
density50-seed2000,density50,2000,spot_check,2,544,18.100000381469727,125.77,True,1.27,0.5704,4.249,16.83,2.2,-93.8,96.57,69.93,-4.7,3.18,1,success,,T1
density50-seed2000,density50,2000,spot_check,3,394,13.100000381469727,143.95,True,1.03,0.6168,6.563,12.07,2.11,-93.71,96.57,69.23,-3.56,3.11,1,success,,T3
density50-seed2000,density50,2000,spot_check,4,424,14.100000381469727,143.86,True,1.03,0.5996,5.294,13.07,2.11,-93.71,96.66,69.93,-5.05,3.11,1,success,,T3
density50-seed2000,density50,2000,spot_check,5,451,15.0,152.62,True,1.43,0.809,8.819,13.57,2.11,-93.63,96.48,68.35,-3.56,3.11,1,success,,T10
density50-seed2000,density50,2000,spot_check,6,471,15.666666984558105,152.45,True,0.93,0.7549,9.394,14.73,3.16,-93.71,96.57,69.93,-3.47,3.18,1,success,,T10
density50,density50,1000,distractors,1,451,15.0,143.12,True,0.6,0.6264,6.951,14.4,2.64,-98.46,96.66,63.16,-2.24,2.85,1,success,,-
density50,density50,1000,distractors,2,426,14.166666984558105,140.55,True,0.53,0.7032,6.227,13.63,2.73,-98.73,96.66,63.16,-0.92,2.78,1,success,,-
density50,density50,1000,distractors,3,457,15.199999809265137,141.77,True,1.53,0.5983,7.015,13.67,4.04,-98.46,96.66,63.16,-2.42,2.78,1,success,,-
density50,density50,1000,distractors,4,453,15.066666603088379,150.05,True,0.57,0.6158,5.716,14.5,3.08,-98.46,96.66,62.99,-1.1,2.78,1,success,,-
density50,density50,1000,distractors,5,501,16.66666603088379,151.91,True,0.53,0.6075,5.692,16.13,4.04,-98.46,96.75,62.11,-1.1,2.58,1,success,,-
density50,density50,1000,distractors,6,661,22.0,135.24,True,0.6,0.5197,6.714,21.4,2.64,-98.46,96.75,63.16,-2.24,3.31,1,success,,-
density50,density50,1000,distractors,7,472,15.699999809265137,137.98,True,0.5,0.577,7.828,15.2,4.04,-98.46,96.66,63.25,-1.1,2.78,1,success,,-
density50,density50,1000,distractors,8,601,20.0,146.32,True,0.53,0.6439,8.836,19.47,3.69,-98.46,96.66,63.25,-1.1,2.78,1,success,,-
density50,density50,1000,distractors,9,1150,38.29999923706055,150.67,True,0.63,0.6366,10.931,37.67,3.69,-98.73,96.66,63.16,-2.24,3.44,1,success,,-
density50,density50,1000,distractors,10,1147,38.20000076293945,158.87,True,0.57,0.4385,7.977,37.63,2.64,-97.49,96.75,62.11,-2.24,3.71,0,contact_no_grasp,,-
density50,density50,1000,distractors,11,1146,38.16666793823242,175.46,True,0.57,0.3729,11.531,37.6,2.64,-97.41,96.75,62.11,-1.1,3.71,0,timeout_other,,-
density50,density50,1000,distractors,12,1150,38.29999923706055,162.23,True,2.1,0.4152,17.198,36.2,2.64,-97.49,96.75,62.11,-2.42,3.71,0,contact_no_grasp,,-
density50,density50,1000,distractors,13,451,15.0,140.65,True,1.13,0.6308,11.939,13.87,2.81,-97.49,96.84,63.25,-2.42,3.71,1,success,,-
density50,density50,1000,distractors,14,1149,38.266666412353516,148.95,True,0.4,0.5595,6.884,37.87,2.99,-98.46,96.92,63.25,-1.1,2.78,1,success,,-
density50,density50,1000,distractors,15,1151,38.33333206176758,167.41,True,0.63,0.3456,6.514,37.7,2.64,-97.49,96.75,62.11,-2.24,3.71,0,contact_no_grasp,,-
density50,density50,1000,in_distribution,1,451,15.0,138.44,True,1.97,0.6683,5.819,13.03,1.76,-102.86,96.66,63.69,-2.15,1.39,1,success,,-
density50,density50,1000,in_distribution,2,551,18.33333396911621,132.57,True,5.1,0.623,5.793,13.23,1.14,-102.86,96.84,63.6,-3.47,1.39,1,success,,-
density50,density50,1000,in_distribution,3,1151,38.33333206176758,172.95,True,1.8,0.4316,6.876,36.53,2.2,-102.77,96.66,62.29,-2.15,1.39,0,contact_no_grasp,,-
density50,density50,1000,in_distribution,4,451,15.0,136.25,True,2.13,0.6262,5.204,12.87,1.23,-102.24,96.57,63.6,-3.47,1.79,1,success,,-
density50,density50,1000,in_distribution,5,978,32.56666564941406,139.5,True,17.1,0.5913,6.841,15.47,2.64,-102.86,96.57,63.69,-2.59,1.06,1,success,,-
density50,density50,1000,in_distribution,6,622,20.700000762939453,143.34,True,6.83,0.6261,5.413,13.87,1.14,-102.77,96.57,63.69,-2.07,1.46,1,success,,-
density50,density50,1000,in_distribution,7,544,18.100000381469727,131.1,True,3.73,0.5771,6.001,14.37,2.64,-103.21,96.57,63.69,-3.12,1.39,1,success,,-
density50,density50,1000,in_distribution,8,873,29.066667556762695,132.85,True,15.13,0.6194,6.369,13.93,2.11,-102.86,96.57,63.69,-2.42,1.46,1,success,,-
density50,density50,1000,in_distribution,9,503,16.733333587646484,130.78,True,3.8,0.6666,6.42,12.93,2.55,-102.86,96.57,63.69,-2.42,1.46,1,success,,-
density50,density50,1000,in_distribution,10,801,26.66666603088379,139.87,True,13.87,0.6753,5.118,12.8,1.05,-102.86,96.57,63.69,-3.47,1.46,1,success,,-
density50,density50,1000,in_distribution,11,551,18.33333396911621,129.21,True,5.43,0.6463,5.841,12.9,1.14,-102.86,96.57,63.69,-3.3,1.39,1,success,,-
density50,density50,1000,in_distribution,12,451,15.0,141.71,True,1.8,0.661,8.495,13.2,2.64,-102.77,96.66,62.64,-2.51,1.46,1,success,,-
density50,density50,1000,in_distribution,13,421,14.0,135.22,True,0.9,0.6847,7.959,13.1,1.23,-102.86,96.75,63.69,-2.51,1.39,1,success,,-
density50,density50,1000,in_distribution,14,452,15.033333778381348,148.52,True,2.1,0.6287,6.962,12.93,2.55,-102.77,96.57,63.6,-2.42,1.46,1,success,,-
density50,density50,1000,in_distribution,15,515,17.133333206176758,145.28,True,3.07,0.6834,10.478,14.07,2.11,-102.77,96.66,62.29,-2.59,1.39,1,success,,-
density50,density50,1000,new_positions,1,1151,38.33333206176758,173.9,True,1.3,0.6111,8.813,37.03,4.75,-93.8,96.84,68.0,1.98,4.57,0,timeout_other,,E1
density50,density50,1000,new_positions,2,1150,38.29999923706055,178.64,True,1.93,0.621,15.234,36.37,4.75,-93.8,96.84,68.0,1.98,4.57,0,timeout_other,,E1
density50,density50,1000,new_positions,3,1151,38.33333206176758,175.62,True,1.77,0.6626,11.791,36.57,4.75,-93.8,96.84,68.0,1.98,4.57,0,timeout_other,,E1
density50,density50,1000,new_positions,4,1151,38.33333206176758,117.02,True,1.13,0.7027,14.222,37.2,4.75,-93.8,96.84,68.0,1.98,4.57,0,timeout_other,,E1
density50,density50,1000,new_positions,5,1149,38.266666412353516,175.6,True,2.23,0.5837,11.301,36.03,5.19,-93.89,96.75,69.23,2.07,4.57,0,timeout_other,,E1
density50,density50,1000,new_positions,6,1149,38.266666412353516,120.72,True,5.3,0.4452,4.344,32.97,4.75,-93.89,96.84,68.0,1.98,4.57,0,timeout_other,,E2
density50,density50,1000,new_positions,7,1149,38.266666412353516,116.37,True,3.53,0.4319,7.229,34.73,3.69,-93.89,96.75,69.23,1.98,4.57,0,timeout_other,,E2
density50,density50,1000,new_positions,8,1134,37.766666412353516,119.99,True,1.17,0.4196,5.572,36.6,3.69,-93.89,96.84,69.23,1.98,4.57,0,timeout_other,,E2
density50,density50,1000,new_positions,9,1135,37.79999923706055,118.35,True,1.57,0.4476,4.875,36.23,3.69,-93.89,96.75,69.23,1.98,4.57,0,timeout_other,,E2
density50,density50,1000,new_positions,10,1142,38.03333282470703,119.38,True,2.17,0.4442,5.049,35.87,3.69,-93.89,96.75,69.23,1.98,4.57,0,timeout_other,,E2
density50,density50,1000,new_positions,11,1147,38.20000076293945,163.3,True,1.5,0.3678,9.991,36.7,3.69,-93.89,96.84,69.23,1.98,4.57,0,timeout_other,,E3
density50,density50,1000,new_positions,12,1141,38.0,157.44,True,1.57,0.3216,3.751,36.43,3.69,-93.8,96.84,68.0,1.1,4.57,0,timeout_other,,E3
density50,density50,1000,new_positions,13,1135,37.79999923706055,159.75,True,6.6,0.336,3.962,31.2,3.69,-93.8,96.84,67.91,1.1,4.57,0,timeout_other,,E3
density50,density50,1000,new_positions,14,1131,37.66666793823242,179.04,True,1.93,0.4082,9.565,35.73,3.78,-93.89,96.84,68.0,1.1,4.57,0,timeout_other,,E3
density50,density50,1000,new_positions,15,1121,37.33333206176758,165.86,True,1.77,0.3762,6.547,35.57,3.69,-93.8,96.84,68.0,0.66,4.57,0,timeout_other,,E3
density50,density50,1000,new_positions,16,1137,37.86666488647461,169.84,True,1.6,0.5173,24.764,36.27,3.69,-93.8,96.84,68.0,0.66,4.57,0,timeout_other,,E4
density50,density50,1000,new_positions,17,1130,37.63333511352539,163.94,True,1.63,0.5096,9.135,36.0,4.75,-93.8,96.84,68.0,1.98,4.57,0,timeout_other,,E4
density50,density50,1000,new_positions,18,1114,37.099998474121094,169.97,True,3.7,0.5407,11.184,33.4,5.1,-93.8,96.84,67.82,2.07,4.57,0,timeout_other,,E4
density50,density50,1000,new_positions,19,1113,37.06666564941406,164.31,True,1.83,0.4825,6.306,35.23,4.75,-93.89,96.84,67.91,2.07,4.57,0,timeout_other,,E4
density50,density50,1000,new_positions,20,1107,36.86666488647461,169.01,True,1.13,0.4951,13.243,35.73,4.75,-93.89,96.84,68.18,1.98,3.18,0,timeout_other,,E4
density50,density50,1000,new_positions,21,1111,37.0,171.01,True,2.2,0.5841,12.325,34.8,4.75,-93.89,96.84,69.23,1.98,3.18,0,contact_no_grasp,,E5
density50,density50,1000,new_positions,22,1101,36.66666793823242,164.26,True,2.5,0.5295,6.384,34.17,5.1,-93.8,96.84,68.0,1.1,4.57,0,contact_no_grasp,,E5
density50,density50,1000,new_positions,23,1107,36.86666488647461,166.67,True,0.73,0.503,13.619,36.13,4.66,-93.8,96.84,67.91,1.98,3.58,0,contact_no_grasp,,E5
density50,density50,1000,new_positions,24,1097,36.53333282470703,172.26,True,2.2,0.5446,7.602,34.33,4.75,-93.8,96.75,68.0,1.1,4.57,0,contact_no_grasp,,E5
density50,density50,1000,new_positions,25,1081,36.0,171.11,True,3.6,0.5019,6.575,32.4,4.75,-93.8,96.84,67.91,1.98,3.58,0,contact_no_grasp,,E5
density50,density50,1000,reach_e5,1,531,17.66666603088379,152.89,True,2.33,0.7004,6.394,15.33,4.84,-97.23,96.92,68.97,-1.45,5.1,1,success,,reach_e5
density50,density50,1000,reach_e5,2,535,17.799999237060547,153.95,True,1.43,0.6682,6.159,16.37,5.27,-96.97,96.92,68.97,-1.54,5.1,1,success,,reach_e5
density50,density50,1000,reach_e5,3,556,18.5,154.68,True,1.97,0.6673,6.966,16.53,4.75,-98.29,96.92,67.56,-1.98,5.1,1,success,,reach_e5
density50,density50,1000,reach_e5,4,707,23.53333282470703,153.89,True,1.97,0.6237,6.64,21.57,4.4,-97.76,96.92,68.97,-2.51,5.03,1,success,,reach_e5
density50,density50,1000,reach_e5,5,1151,38.33333206176758,161.22,True,1.37,0.5854,11.165,36.97,4.4,-97.23,96.84,68.97,-2.51,5.1,0,contact_no_grasp,,reach_e5
density50,density50,1000,spot_check,1,913,30.399999618530273,135.06,True,13.83,0.6184,7.84,16.57,1.58,-97.93,96.57,67.56,-1.8,1.79,1,success,,T1
density50,density50,1000,spot_check,2,499,16.600000381469727,131.31,True,2.2,0.6335,7.096,14.4,2.2,-98.02,96.57,69.05,-1.01,1.72,1,success,,T1
density50,density50,1000,spot_check,3,616,20.5,149.56,True,7.23,0.6262,6.395,13.27,2.02,-97.93,96.57,69.93,-0.57,1.79,1,success,,T3
density50,density50,1000,spot_check,4,585,19.46666717529297,148.97,True,4.3,0.5635,12.973,15.17,2.73,-98.02,96.66,69.23,-2.24,1.72,1,success,,T3
density50,density50,1000,spot_check,5,601,20.0,147.69,True,3.5,0.6445,7.649,16.5,2.64,-98.02,96.57,69.23,-2.24,1.79,1,success,,T10
density50,density50,1000,spot_check,6,786,26.16666603088379,149.41,True,13.67,0.7433,5.651,12.5,3.08,-98.02,96.75,69.23,-2.42,1.79,1,success,,T10
density5,density5,1000,distractors,1,1150,38.29999923706055,133.1,True,0.53,0.9261,9.481,37.77,3.08,-102.24,96.48,63.69,-1.54,1.79,1,success,,-
density5,density5,1000,distractors,2,1145,38.13333511352539,164.49,True,0.43,0.7553,6.73,37.7,3.08,-102.24,96.4,63.6,-2.51,1.79,0,contact_no_grasp,,-
density5,density5,1000,distractors,3,1151,38.33333206176758,162.35,True,0.33,0.72,8.122,38.0,3.16,-102.24,96.4,63.69,-1.63,1.79,0,timeout_other,,-
density5,density5,1000,distractors,4,1150,38.29999923706055,163.83,True,0.33,0.7759,9.145,37.97,2.99,-102.24,96.4,63.69,-1.54,1.79,0,contact_no_grasp,,-
density5,density5,1000,distractors,5,838,27.899999618530273,129.88,True,0.43,0.9948,11.447,27.47,3.08,-102.24,96.4,63.69,-1.54,1.79,1,success,,-
density5,density5,1000,distractors,6,1147,38.20000076293945,161.54,True,0.4,0.756,6.899,37.8,2.99,-102.33,96.57,64.66,-1.45,0.93,0,contact_no_grasp,,-
density5,density5,1000,distractors,7,1151,38.33333206176758,163.1,True,0.53,0.7228,6.57,37.8,3.08,-102.24,96.4,63.6,-1.54,1.79,0,timeout_other,,-
density5,density5,1000,distractors,8,1150,38.29999923706055,144.86,True,0.5,0.7523,8.907,37.8,2.99,-102.24,96.4,63.69,-1.63,1.79,0,grasp_drop,,-
density5,density5,1000,distractors,9,1150,38.29999923706055,164.18,True,0.43,0.7225,8.05,37.87,1.76,-102.24,96.48,63.69,-2.51,1.79,0,timeout_other,,-
density5,density5,1000,distractors,10,1146,38.16666793823242,164.02,True,0.4,0.7625,11.44,37.77,2.99,-102.24,96.4,63.69,-1.54,1.79,0,contact_no_grasp,,-
density5,density5,1000,distractors,11,358,11.899999618530273,127.77,True,0.53,0.9357,13.406,11.37,2.99,-102.24,96.4,63.69,-1.54,1.79,0,grasp_drop,,-
density5,density5,1000,distractors,12,1151,38.33333206176758,124.54,True,0.4,0.835,10.668,37.93,2.99,-102.24,96.48,63.69,-1.54,1.79,1,success,,-
density5,density5,1000,distractors,13,1149,38.266666412353516,164.33,True,0.4,0.7421,7.236,37.87,2.64,-102.24,96.4,63.69,-2.51,1.79,0,contact_no_grasp,,-
density5,density5,1000,distractors,14,601,20.0,121.82,True,0.47,1.0665,9.011,19.53,3.16,-102.24,96.4,63.69,-1.54,1.79,1,success,,-
density5,density5,1000,distractors,15,1149,38.266666412353516,159.3,True,0.4,0.7617,7.242,37.87,3.16,-102.33,96.4,64.66,-1.54,0.86,0,timeout_other,,-
density5,density5,1000,in_distribution,1,381,12.666666984558105,140.11,True,0.5,1.0581,8.252,12.17,1.93,-102.15,96.66,60.26,-3.74,1.59,1,success,,-
density5,density5,1000,in_distribution,2,401,13.333333015441895,127.79,True,0.37,0.9509,9.317,12.97,1.93,-102.15,96.75,60.44,-3.74,1.32,1,success,,-
density5,density5,1000,in_distribution,3,1149,38.266666412353516,158.03,True,0.5,0.764,8.521,37.77,1.67,-102.15,96.75,60.44,-3.74,1.52,0,contact_no_grasp,,-
density5,density5,1000,in_distribution,4,437,14.533333778381348,126.68,True,0.43,0.9649,6.712,14.1,1.58,-100.75,96.66,59.12,-3.74,2.19,1,success,,-
density5,density5,1000,in_distribution,5,400,13.300000190734863,126.63,True,0.5,0.9788,7.011,12.8,1.93,-102.15,96.75,60.44,-4.0,1.39,1,success,,-
density5,density5,1000,in_distribution,6,414,13.766666412353516,135.44,True,0.63,1.0156,7.303,13.13,2.11,-102.15,96.75,60.44,-3.65,1.46,1,success,,-
density5,density5,1000,in_distribution,7,403,13.399999618530273,125.35,True,0.5,0.952,8.765,12.9,2.02,-101.98,96.75,60.44,-3.65,1.46,1,success,,-
density5,density5,1000,in_distribution,8,410,13.633333206176758,131.14,True,0.43,0.9666,6.317,13.2,2.02,-102.15,96.75,60.44,-3.65,1.39,1,success,,-
density5,density5,1000,in_distribution,9,465,15.466666221618652,123.78,True,0.47,0.9349,9.075,15.0,2.11,-102.15,96.75,60.44,-3.65,1.59,1,success,,-
density5,density5,1000,in_distribution,10,442,14.699999809265137,141.35,True,0.43,0.9984,10.105,14.27,2.02,-102.15,96.75,60.44,-4.18,1.39,1,success,,-
density5,density5,1000,in_distribution,11,403,13.399999618530273,130.55,True,0.43,1.0541,9.112,12.97,1.14,-102.15,96.75,60.44,-3.65,1.39,1,success,,-
density5,density5,1000,in_distribution,12,482,16.03333282470703,126.41,True,0.47,0.9774,6.059,15.57,2.02,-101.98,96.75,60.44,-3.65,1.39,1,success,,-
density5,density5,1000,in_distribution,13,482,16.03333282470703,134.73,True,0.7,0.9792,8.051,15.33,2.02,-101.98,96.75,60.44,-3.65,1.59,1,success,,-
density5,density5,1000,in_distribution,14,1151,38.33333206176758,163.71,True,0.63,0.7644,8.805,37.7,2.02,-102.15,97.01,60.44,-3.65,1.32,0,timeout_other,,-
density5,density5,1000,in_distribution,15,422,14.033333778381348,130.73,True,0.5,0.9532,7.452,13.53,2.02,-100.75,96.84,59.47,-3.74,2.19,1,success,,-
density5,density5,1000,new_positions,1,1128,37.56666564941406,140.27,True,1.3,0.705,8.49,36.27,1.05,-97.93,96.48,69.58,-1.45,2.45,0,timeout_other,,E1
density5,density5,1000,new_positions,2,1101,36.66666793823242,123.65,True,1.77,0.7833,12.505,34.9,1.23,-98.02,96.48,69.58,-1.45,2.19,0,timeout_other,,E1
density5,density5,1000,new_positions,3,1101,36.66666793823242,130.77,True,2.67,0.7358,13.76,34.0,1.05,-97.93,96.48,69.58,-1.45,2.19,0,timeout_other,,E1
density5,density5,1000,new_positions,4,1126,37.5,145.31,True,5.47,0.7166,7.837,32.03,1.14,-98.02,96.48,69.58,-1.45,2.25,0,timeout_other,,E1
density5,density5,1000,new_positions,5,1104,36.766666412353516,137.48,True,1.83,0.8027,9.938,34.93,1.14,-97.93,96.57,69.58,-1.45,2.25,0,timeout_other,,E1
density5,density5,1000,new_positions,6,1089,36.266666412353516,120.11,True,1.17,0.8683,8.785,35.1,1.14,-98.02,96.57,69.58,-1.45,2.25,0,timeout_other,,E2
density5,density5,1000,new_positions,7,1053,35.06666564941406,122.59,True,3.43,0.8506,7.834,31.63,1.14,-97.93,96.57,70.99,-0.57,2.25,0,timeout_other,,E2
density5,density5,1000,new_positions,8,1071,35.66666793823242,122.68,True,2.0,0.9041,7.406,33.67,1.14,-97.93,96.57,70.99,-0.57,2.19,0,timeout_other,,E2
density5,density5,1000,new_positions,9,1054,35.099998474121094,117.19,True,2.3,0.8941,14.195,32.8,1.05,-97.93,96.57,70.99,-0.57,2.19,0,timeout_other,,E2
density5,density5,1000,new_positions,10,1051,35.0,122.6,True,2.07,0.8269,6.795,32.93,1.14,-97.93,96.57,69.58,-0.57,2.25,0,timeout_other,,E2
density5,density5,1000,new_positions,11,1006,33.5,137.92,True,0.87,0.8008,8.839,32.63,1.14,-97.93,96.57,70.99,-0.57,2.19,0,timeout_other,,E3
density5,density5,1000,new_positions,12,984,32.766666412353516,152.41,True,1.63,0.7473,5.966,31.13,1.14,-97.93,96.48,69.58,-1.45,2.19,0,timeout_other,,E3
density5,density5,1000,new_positions,13,994,33.099998474121094,145.73,True,1.2,0.7544,7.116,31.9,1.14,-98.02,96.57,69.58,-1.45,2.25,0,timeout_other,,E3
density5,density5,1000,new_positions,14,940,31.299999237060547,144.22,True,1.6,0.7652,6.454,29.7,1.05,-98.02,96.57,69.58,-1.45,2.58,0,timeout_other,,E3
density5,density5,1000,new_positions,15,938,31.233333587646484,154.32,True,1.37,0.8141,6.398,29.87,1.14,-98.02,96.57,69.58,-1.45,2.58,0,timeout_other,,E3
density5,density5,1000,new_positions,16,925,30.799999237060547,163.11,True,1.57,0.8917,7.24,29.23,1.14,-97.93,96.57,69.58,-1.45,2.19,0,timeout_other,,E4
density5,density5,1000,new_positions,17,919,30.600000381469727,163.18,True,1.33,0.8899,7.051,29.27,2.11,-98.02,96.57,69.58,-0.57,2.19,0,timeout_other,,E4
density5,density5,1000,new_positions,18,966,32.16666793823242,166.92,True,1.2,0.9055,10.44,30.97,2.11,-98.02,96.48,69.58,-0.57,2.58,0,timeout_other,,E4
density5,density5,1000,new_positions,19,964,32.099998474121094,171.53,True,1.2,0.9036,10.111,30.9,2.11,-97.93,96.57,69.58,-0.57,2.58,0,timeout_other,,E4
density5,density5,1000,new_positions,20,954,31.766666412353516,162.75,True,2.1,0.8733,8.869,29.67,2.11,-98.02,96.57,69.58,-0.57,2.58,0,timeout_other,,E4
density5,density5,1000,new_positions,21,980,32.63333511352539,172.79,True,1.67,0.9189,8.443,30.97,2.11,-98.02,96.57,69.58,-0.57,2.58,0,timeout_other,,E5
density5,density5,1000,new_positions,22,983,32.733333587646484,169.21,True,2.2,0.9472,7.652,30.53,2.11,-98.02,96.57,69.58,-0.57,2.25,0,timeout_other,,E5
density5,density5,1000,new_positions,23,1004,33.43333435058594,169.92,True,1.6,0.9063,8.724,31.83,2.11,-98.02,96.48,69.58,-0.57,2.52,0,timeout_other,,E5
density5,density5,1000,new_positions,24,1001,33.33333206176758,172.17,True,1.8,0.9005,9.839,31.53,2.11,-98.02,96.57,69.58,-0.57,2.45,0,timeout_other,,E5
density5,density5,1000,new_positions,25,1007,33.53333282470703,176.63,True,1.4,0.9656,12.127,32.13,2.11,-98.02,96.57,69.58,-0.57,2.25,0,timeout_other,,E5
density5,density5,1000,reach_e5,1,1150,38.29999923706055,168.59,True,1.4,0.9858,11.165,36.9,6.33,-95.21,96.92,67.91,-0.92,6.56,0,contact_no_grasp,,reach_e5
density5,density5,1000,reach_e5,2,1151,38.33333206176758,167.02,True,1.1,0.9478,10.179,37.23,6.24,-95.21,96.92,67.91,-0.92,6.56,0,contact_no_grasp,,reach_e5
density5,density5,1000,reach_e5,3,1151,38.33333206176758,173.72,True,1.07,0.8766,8.849,37.27,6.33,-95.21,96.84,67.91,-0.92,6.56,0,contact_no_grasp,,reach_e5
density5,density5,1000,reach_e5,4,1151,38.33333206176758,165.6,True,1.07,0.9275,7.921,37.27,6.33,-95.38,96.92,67.91,-2.51,6.56,0,timeout_other,,reach_e5
density5,density5,1000,reach_e5,5,1151,38.33333206176758,176.07,True,1.1,0.9876,10.966,37.23,6.33,-95.21,96.84,67.91,-1.01,6.56,0,timeout_other,,reach_e5
density5,density5,1000,spot_check,1,791,26.33333396911621,137.46,True,0.63,0.9159,8.346,25.7,3.16,-97.14,96.75,64.31,-1.89,3.18,1,success,,T1
density5,density5,1000,spot_check,2,510,16.96666717529297,128.83,True,0.5,0.9336,7.618,16.47,3.16,-97.14,96.66,64.31,-1.45,3.18,1,success,,T1
density5,density5,1000,spot_check,3,701,23.33333396911621,149.61,True,0.6,0.8976,18.008,22.73,3.16,-97.23,96.66,62.64,-1.89,3.18,1,success_after_missed_grasp,,T3
density5,density5,1000,spot_check,4,451,15.0,151.38,True,0.73,0.9612,6.504,14.27,4.04,-96.88,96.75,64.31,-1.89,3.18,1,success,,T3
density5,density5,1000,spot_check,5,1151,38.33333206176758,180.26,True,0.77,0.8228,9.932,37.57,4.04,-96.0,96.84,64.66,-1.98,3.18,0,contact_no_grasp,,T10
density5,density5,1000,spot_check,6,1151,38.33333206176758,177.57,True,0.77,0.8005,9.151,37.57,4.22,-96.0,96.84,64.31,-0.57,4.17,0,contact_no_grasp,,T10
density,density,1000,in_distribution,1,419,13.933333396911621,142.64,True,0.67,0.9554,7.47,13.27,-1.14,-102.42,96.31,53.05,-1.54,1.59,1,success,,-
density,density,1000,in_distribution,2,413,13.733333587646484,147.27,True,0.33,0.9642,8.668,13.4,-1.14,-102.68,96.31,52.97,-1.01,1.19,1,success,,-
density,density,1000,in_distribution,3,420,13.966666221618652,133.07,True,0.47,0.9414,8.208,13.5,-1.14,-102.59,96.13,53.05,-1.01,1.26,1,success,,-
density,density,1000,in_distribution,4,401,13.333333015441895,127.69,True,0.53,0.9532,6.959,12.8,-1.14,-102.95,96.31,53.05,-1.36,1.26,1,success,,-
density,density,1000,in_distribution,5,367,12.199999809265137,130.97,True,0.43,0.966,7.777,11.77,-1.05,-102.95,96.48,53.05,-1.36,1.26,1,success,,-
density,density,1000,in_distribution,6,403,13.399999618530273,130.74,True,0.43,0.9243,6.435,12.97,-1.14,-102.77,96.48,53.05,-1.36,1.26,1,success,,-
density,density,1000,in_distribution,7,401,13.333333015441895,133.48,True,0.4,0.9159,7.306,12.93,-1.14,-102.95,96.31,53.05,-1.01,1.59,1,success,,-
density,density,1000,in_distribution,8,430,14.300000190734863,136.14,True,0.57,0.9207,7.682,13.73,-1.14,-102.95,96.4,52.97,-1.27,1.26,1,success,,-
density,density,1000,in_distribution,9,391,13.0,141.86,True,0.53,0.9853,9.3,12.47,-1.14,-103.12,96.75,52.97,-1.19,1.26,1,success,,-
density,density,1000,in_distribution,10,424,14.100000381469727,141.32,True,0.67,0.912,10.42,13.43,-1.14,-102.42,96.13,52.97,-1.27,1.59,1,success,,-
density,density,1000,in_distribution,11,415,13.800000190734863,135.49,True,0.47,0.9075,7.0,13.33,-1.14,-102.77,96.31,53.05,-2.33,1.52,1,success,,-
density,density,1000,in_distribution,12,372,12.366666793823242,136.0,True,0.43,0.974,9.581,11.93,-1.05,-102.86,96.57,52.97,-1.1,1.59,1,success,,-
density,density,1000,in_distribution,13,396,13.166666984558105,131.15,True,0.37,0.9245,7.602,12.8,-1.14,-102.95,96.57,52.97,-1.1,1.59,1,success,,-
density,density,1000,in_distribution,14,450,14.966666221618652,125.83,True,0.7,0.8709,8.871,14.27,-1.14,-102.42,96.31,52.97,-1.89,1.59,1,success,,-
density,density,1000,in_distribution,15,388,12.899999618530273,127.07,True,0.47,0.9603,7.745,12.43,-1.14,-102.42,96.31,52.97,-2.15,1.46,1,success,,-
density,density,1000,new_positions,1,1149,38.266666412353516,104.06,True,0.87,0.903,10.103,37.4,-1.05,-102.42,96.57,72.22,-2.51,1.85,0,timeout_other,,E1
density,density,1000,new_positions,2,1116,37.16666793823242,102.72,True,0.73,0.8661,11.039,36.43,-1.05,-102.42,96.57,72.04,-2.51,1.85,0,timeout_other,,E1
density,density,1000,new_positions,3,1144,38.099998474121094,107.09,True,0.67,0.84,8.084,37.43,-1.05,-102.42,96.57,72.22,-2.51,1.85,0,timeout_other,,E1
density,density,1000,new_positions,4,1116,37.16666793823242,111.04,True,2.03,0.8902,9.194,35.13,-1.05,-102.42,96.57,72.22,-2.51,1.79,0,timeout_other,,E2
density,density,1000,new_positions,5,1118,37.233333587646484,108.55,True,2.7,0.8588,9.975,34.53,-1.05,-102.59,96.57,72.22,-2.51,1.85,0,timeout_other,,E2
density,density,1000,new_positions,6,1125,37.46666717529297,105.12,True,2.2,0.9121,12.537,35.27,-1.05,-102.77,96.57,72.22,-2.51,1.85,0,timeout_other,,E2
density,density,1000,new_positions,7,1151,38.33333206176758,118.04,True,0.97,0.8609,11.832,37.37,-1.05,-102.42,96.48,72.04,-2.51,1.85,0,timeout_other,,E3
density,density,1000,new_positions,8,1151,38.33333206176758,109.21,True,1.1,0.8636,18.884,37.23,-0.18,-102.42,96.48,72.04,-1.54,1.85,0,timeout_other,,E3
density,density,1000,new_positions,9,1148,38.233333587646484,114.5,True,1.3,0.8664,13.589,36.93,-0.18,-102.42,96.48,72.04,-1.63,1.85,0,timeout_other,,E3
density,density,1000,new_positions,10,1148,38.233333587646484,100.85,True,0.83,0.811,7.331,37.4,-0.18,-102.42,96.48,72.04,-1.45,1.85,0,timeout_other,,E4
density,density,1000,new_positions,11,1145,38.13333511352539,101.71,True,1.1,0.8305,7.896,37.03,-1.05,-102.42,96.57,72.04,-2.51,1.92,0,timeout_other,,E4
density,density,1000,new_positions,12,1146,38.16666793823242,110.66,True,0.83,0.8211,9.723,37.33,-1.14,-102.42,96.57,72.04,-2.51,1.85,0,timeout_other,,E4
density,density,1000,new_positions,13,1150,38.29999923706055,116.46,True,2.17,0.9293,10.333,36.13,-1.05,-102.42,96.57,72.04,-2.51,1.85,0,timeout_other,,E5
density,density,1000,new_positions,14,1146,38.16666793823242,107.67,True,0.97,0.9757,8.638,37.2,-0.09,-102.42,96.48,72.04,-2.95,1.85,0,timeout_other,,E5
density,density,1000,new_positions,15,1145,38.13333511352539,101.47,True,0.8,0.9926,8.955,37.33,-0.26,-102.42,96.48,72.04,-1.63,1.85,0,timeout_other,,E5
density,density,1000,trained_t2,1,397,13.199999809265137,132.99,True,0.77,0.9757,7.336,12.43,-0.79,-102.77,96.57,72.22,-0.57,1.66,1,success,,-
density,density,1000,trained_t2,2,399,13.266666412353516,134.79,True,0.63,0.977,8.058,12.63,-0.62,-102.77,96.48,72.22,-0.57,1.92,1,success,,-
density,density,1000,trained_t2,3,439,14.600000381469727,140.06,True,0.53,0.9362,7.07,14.07,-0.62,-103.47,96.84,72.22,-0.57,1.59,1,success,,-
density,density,1000,trained_t2,4,367,12.199999809265137,127.44,True,0.57,0.934,6.592,11.63,-0.62,-103.03,96.66,72.22,-1.01,1.26,1,success,,-
density,density,1000,trained_t2,5,401,13.333333015441895,130.22,True,0.73,0.9617,8.337,12.6,-0.62,-103.3,96.48,72.22,-0.92,1.19,1,success,,-
density,density,1000,trained_t2,6,392,13.033333778381348,129.91,True,0.63,0.9365,9.732,12.4,-0.62,-103.03,96.57,72.22,-0.57,1.52,1,success,,-
density,density,1000,trained_t2,7,397,13.199999809265137,139.64,True,0.53,0.9502,8.694,12.67,-0.62,-103.21,96.57,72.22,-0.57,1.59,1,success,,-
density,density,1000,trained_t2,8,385,12.800000190734863,133.6,True,0.6,0.9329,7.648,12.2,-0.62,-102.77,96.75,72.22,-1.45,1.26,1,success,,-
density,density,1000,trained_t2,9,401,13.333333015441895,132.37,True,0.57,0.9409,7.827,12.77,-0.62,-102.86,96.57,72.22,-1.89,1.19,1,success,,-
density,density,1000,trained_t2,10,417,13.866666793823242,136.22,True,0.6,0.9297,8.932,13.27,-0.7,-102.95,96.66,72.22,-0.57,1.59,1,success,,-
density,density,1000,trained_t2,11,361,12.0,136.22,True,0.53,0.9378,7.643,11.47,-0.62,-102.95,96.48,72.22,-0.92,1.59,1,success,,-
density,density,1000,trained_t2,12,401,13.333333015441895,122.97,True,0.7,0.9439,7.426,12.63,-0.62,-102.95,96.48,71.25,-0.57,1.59,1,success,,-
density,density,1000,trained_t2,13,399,13.266666412353516,132.75,True,0.53,0.9083,7.818,12.73,-0.62,-103.38,96.66,72.22,-0.57,1.26,1,success,,-
density,density,1000,trained_t2,14,408,13.566666603088379,138.39,True,0.53,1.0011,8.174,13.03,-0.62,-103.12,96.57,72.22,-0.57,1.39,1,success,,-
density,density,1000,trained_t2,15,401,13.333333015441895,135.36,True,0.6,0.952,7.13,12.73,-0.62,-102.95,96.57,72.22,-1.45,1.26,1,success,,-
randomized-runpod,randomized-runpod,1000,in_distribution_rebuilt,1,1151,38.33333206176758,194.2,True,0.67,0.8893,10.481,37.67,5.98,-97.49,96.92,66.86,-1.54,6.56,0,timeout_other,,-
randomized-runpod,randomized-runpod,1000,in_distribution_rebuilt,2,1150,38.29999923706055,184.42,True,0.87,0.8842,10.578,37.43,5.98,-97.49,96.92,66.86,-1.8,5.5,0,contact_no_grasp,,-
randomized-runpod,randomized-runpod,1000,in_distribution_rebuilt,3,1151,38.33333206176758,181.45,True,0.9,0.8679,9.542,37.43,6.68,-97.58,96.92,67.91,-1.54,6.56,0,timeout_other,,-
randomized-runpod,randomized-runpod,1000,in_distribution_rebuilt,4,1151,38.33333206176758,180.55,True,0.87,0.8419,10.582,37.47,5.89,-97.49,96.92,66.86,-1.8,6.56,0,contact_no_grasp,,-
randomized-runpod,randomized-runpod,1000,in_distribution_rebuilt,5,1151,38.33333206176758,185.11,True,0.83,0.8946,8.89,37.5,6.59,-97.49,96.92,66.86,-1.45,6.56,0,contact_no_grasp,,-
randomized-runpod,randomized-runpod,1000,in_distribution_rebuilt,6,1151,38.33333206176758,183.95,True,0.63,0.9125,9.204,37.7,5.89,-97.49,96.92,66.86,-1.45,5.5,0,contact_no_grasp,,-
randomized-runpod,randomized-runpod,1000,in_distribution_rebuilt,7,1151,38.33333206176758,186.41,True,0.77,0.8142,8.718,37.57,5.98,-97.49,96.92,66.86,-1.45,5.89,0,contact_no_grasp,,-
randomized-runpod,randomized-runpod,1000,in_distribution_rebuilt,8,1151,38.33333206176758,172.11,True,0.8,0.7853,8.669,37.53,5.98,-97.49,96.92,66.86,-1.45,6.56,0,contact_no_grasp,,-
randomized-runpod,randomized-runpod,1000,in_distribution_rebuilt,9,1151,38.33333206176758,188.81,True,0.87,0.8721,15.176,37.47,5.98,-97.49,96.92,66.86,-1.45,5.89,0,contact_no_grasp,,-
randomized-runpod,randomized-runpod,1000,in_distribution_rebuilt,10,489,16.266666412353516,104.08,True,0.63,0.7983,6.404,15.63,5.8,-97.58,96.92,66.86,-1.45,6.09,1,success,,-
randomized-runpod,randomized-runpod,1000,in_distribution_rebuilt,11,1151,38.33333206176758,180.89,True,0.87,0.8057,9.605,37.47,5.98,-98.46,96.92,67.91,-1.45,5.89,0,contact_no_grasp,,-
randomized-runpod,randomized-runpod,1000,in_distribution_rebuilt,12,1150,38.29999923706055,185.28,True,0.93,0.8648,13.508,37.37,5.98,-97.49,96.84,66.86,-1.45,5.89,0,contact_no_grasp,,-
randomized-runpod,randomized-runpod,1000,in_distribution_rebuilt,13,1151,38.33333206176758,185.65,True,0.97,0.8325,7.992,37.37,5.89,-97.49,96.92,66.95,-1.45,6.16,0,contact_no_grasp,,-
randomized-runpod,randomized-runpod,1000,in_distribution_rebuilt,14,1150,38.29999923706055,194.15,True,0.8,0.8826,15.371,37.5,5.89,-97.49,96.92,66.86,-1.45,5.76,0,contact_no_grasp,,-
randomized-runpod,randomized-runpod,1000,in_distribution_rebuilt,15,1149,38.266666412353516,188.66,True,0.83,0.8502,10.87,37.43,5.89,-97.49,96.92,66.86,-1.45,5.5,0,contact_no_grasp,,-
randomized-seed2000,randomized,2000,different_object,1,954,31.766666412353516,127.7,True,17.27,0.9432,11.504,14.5,-1.05,-102.68,96.57,77.58,-1.45,1.26,1,success,,-
randomized-seed2000,randomized,2000,different_object,2,1151,38.33333206176758,5.84,False,,,,,0.0,-102.95,96.75,76.44,-1.45,1.52,0,no_departure,,-
randomized-seed2000,randomized,2000,different_object,3,1151,38.33333206176758,94.83,True,35.67,1.0902,9.036,2.67,-0.09,-103.03,96.57,77.58,-1.45,1.19,0,timeout_other,,-
randomized-seed2000,randomized,2000,different_object,4,1151,38.33333206176758,5.4,False,,,,,0.0,-102.95,96.57,76.26,-2.51,1.19,0,no_departure,,-
randomized-seed2000,randomized,2000,different_object,5,1151,38.33333206176758,6.43,False,,,,,0.09,-102.77,96.75,77.58,-2.33,1.19,0,no_departure,,-
randomized-seed2000,randomized,2000,different_object,6,1151,38.33333206176758,5.19,False,,,,,-1.05,-102.95,96.57,77.58,-2.51,1.19,0,no_departure,,-
randomized-seed2000,randomized,2000,different_object,7,1151,38.33333206176758,163.23,True,17.3,0.9462,16.85,21.03,0.09,-102.95,96.57,77.58,-2.33,1.26,0,timeout_other,,-
randomized-seed2000,randomized,2000,different_object,8,1149,38.266666412353516,86.7,True,36.0,1.1807,8.713,2.27,0.0,-103.03,96.57,76.44,-2.42,1.92,0,timeout_other,,-
randomized-seed2000,randomized,2000,different_object,9,1151,38.33333206176758,15.29,False,,,,,0.0,-103.03,96.57,76.44,-2.51,1.52,0,no_departure,,-
randomized-seed2000,randomized,2000,different_object,10,1151,38.33333206176758,9.82,False,,,,,0.0,-102.77,96.75,77.58,-1.89,1.26,0,no_departure,,-
randomized-seed2000,randomized,2000,different_object,11,505,16.799999237060547,121.78,True,2.4,0.9337,7.453,14.4,-0.09,-103.21,96.75,77.58,-1.98,1.19,1,success,,-
randomized-seed2000,randomized,2000,different_object,12,1149,38.266666412353516,120.83,True,30.93,0.9077,9.386,7.33,0.09,-103.3,96.75,76.26,-1.54,1.19,0,contact_no_grasp,,-
randomized-seed2000,randomized,2000,different_object,13,1148,38.233333587646484,93.4,True,35.93,1.4831,13.654,2.3,0.0,-103.03,96.57,76.26,-2.42,1.85,0,timeout_other,,-
randomized-seed2000,randomized,2000,different_object,14,1150,38.29999923706055,6.67,False,,,,,0.0,-103.03,96.57,76.44,-2.42,1.26,0,no_departure,,-
randomized-seed2000,randomized,2000,different_object,15,1149,38.266666412353516,6.22,False,,,,,0.09,-102.86,96.75,77.76,-2.24,1.19,0,no_departure,,-
randomized-seed2000,randomized,2000,distractors,1,1149,38.266666412353516,186.58,True,2.7,0.828,10.1,35.57,-0.09,-101.63,96.66,76.44,-0.84,2.65,0,timeout_other,,-
randomized-seed2000,randomized,2000,distractors,2,1150,38.29999923706055,186.75,True,2.83,0.8502,10.833,35.47,-0.18,-101.54,96.66,76.44,-0.4,2.72,0,timeout_other,,-
randomized-seed2000,randomized,2000,distractors,3,1150,38.29999923706055,187.73,True,2.33,0.8295,25.519,35.97,-0.09,-101.54,96.66,76.62,-0.4,1.99,0,timeout_other,,-
randomized-seed2000,randomized,2000,distractors,4,1151,38.33333206176758,190.62,True,3.93,0.7999,7.364,34.4,0.44,-101.63,96.66,76.44,-0.4,2.72,0,timeout_other,,-
randomized-seed2000,randomized,2000,distractors,5,1151,38.33333206176758,184.76,True,2.9,0.7621,13.05,35.43,0.44,-101.54,96.66,76.44,-0.4,2.65,0,contact_no_grasp,,-
randomized-seed2000,randomized,2000,distractors,6,1151,38.33333206176758,194.36,True,1.73,0.7703,10.82,36.6,0.09,-101.54,96.66,76.35,-0.4,2.65,0,contact_no_grasp,,-
randomized-seed2000,randomized,2000,distractors,7,1150,38.29999923706055,191.91,True,4.73,0.8612,10.952,33.57,0.44,-101.54,96.57,76.35,-0.4,2.65,0,timeout_other,,-
randomized-seed2000,randomized,2000,distractors,8,1151,38.33333206176758,193.12,True,5.17,0.7766,6.886,33.17,0.0,-101.63,96.66,76.44,-0.4,3.05,0,contact_no_grasp,,-
randomized-seed2000,randomized,2000,distractors,9,1151,38.33333206176758,183.86,True,3.87,0.7347,9.808,34.47,0.0,-101.54,96.66,76.44,0.48,2.65,0,contact_no_grasp,,-
randomized-seed2000,randomized,2000,distractors,10,1151,38.33333206176758,193.46,True,1.8,0.8018,10.456,36.53,0.0,-101.63,96.66,76.44,0.4,2.65,0,contact_no_grasp,,-
randomized-seed2000,randomized,2000,distractors,11,1150,38.29999923706055,186.14,True,1.0,0.8358,14.591,37.3,-0.09,-101.63,96.57,76.44,0.4,2.65,0,timeout_other,,-
randomized-seed2000,randomized,2000,distractors,12,1150,38.29999923706055,182.15,True,4.7,0.7584,8.212,33.6,0.0,-101.54,96.66,76.44,-0.4,2.65,0,timeout_other,,-
randomized-seed2000,randomized,2000,distractors,13,1149,38.266666412353516,187.74,True,2.2,0.7806,8.371,36.07,-0.09,-101.63,96.66,76.44,-0.4,2.65,0,timeout_other,,-
randomized-seed2000,randomized,2000,distractors,14,1150,38.29999923706055,178.54,True,2.0,0.7684,6.556,36.3,0.0,-101.45,96.66,76.26,0.57,2.65,0,timeout_other,,-
randomized-seed2000,randomized,2000,distractors,15,1149,38.266666412353516,181.74,True,4.77,0.8254,12.248,33.5,-0.09,-101.63,96.66,76.44,-0.84,2.78,0,timeout_other,,-
randomized-seed2000,randomized,2000,in_distribution,1,1148,38.233333587646484,139.4,True,10.47,0.7897,9.245,27.77,0.44,-102.51,96.75,75.38,-1.36,1.92,0,contact_no_grasp,,-
randomized-seed2000,randomized,2000,in_distribution,2,1151,38.33333206176758,140.41,True,28.33,0.9377,6.723,10.0,0.62,-102.51,96.75,75.38,-0.57,1.92,0,contact_no_grasp,,-
randomized-seed2000,randomized,2000,in_distribution,3,848,28.233333587646484,120.61,True,14.33,0.9111,7.854,13.9,-0.44,-102.51,96.75,75.38,-0.57,1.85,1,success,,-
randomized-seed2000,randomized,2000,in_distribution,4,553,18.399999618530273,124.4,True,2.53,0.9084,6.216,15.87,0.62,-102.95,96.84,75.38,-0.48,1.26,1,success,,-
randomized-seed2000,randomized,2000,in_distribution,5,1150,38.29999923706055,142.84,True,8.77,0.9045,8.991,29.53,0.53,-103.3,96.84,76.62,-0.4,1.26,0,contact_no_grasp,,-
randomized-seed2000,randomized,2000,in_distribution,6,1151,38.33333206176758,184.88,True,10.53,0.8777,10.539,27.8,0.44,-102.51,96.75,75.38,-0.57,1.85,0,contact_no_grasp,,-
randomized-seed2000,randomized,2000,in_distribution,7,646,21.5,131.57,True,8.13,0.958,12.211,13.37,-0.44,-102.51,96.75,75.38,-0.57,1.19,1,success,,-
randomized-seed2000,randomized,2000,in_distribution,8,533,17.733333587646484,126.98,True,3.5,0.9507,7.558,14.23,0.44,-103.03,96.75,75.56,-0.57,1.13,1,success,,-
randomized-seed2000,randomized,2000,in_distribution,9,1145,38.13333511352539,183.08,True,8.5,0.8739,7.385,29.63,0.53,-103.3,96.75,76.79,-0.57,1.26,0,contact_no_grasp,,-
randomized-seed2000,randomized,2000,in_distribution,10,1150,38.29999923706055,159.23,True,1.83,0.8256,11.527,36.47,-0.44,-102.51,96.75,75.38,-0.57,1.85,0,timeout_other,,-
randomized-seed2000,randomized,2000,in_distribution,11,1149,38.266666412353516,181.48,True,6.17,0.9079,8.597,32.1,0.44,-102.51,96.75,75.38,-0.57,1.85,0,contact_no_grasp,,-
randomized-seed2000,randomized,2000,in_distribution,12,551,18.33333396911621,124.75,True,3.0,0.8909,8.442,15.33,-0.44,-102.42,96.75,75.38,-1.45,1.92,1,success,,-
randomized-seed2000,randomized,2000,in_distribution,13,1151,38.33333206176758,174.75,True,16.0,0.8779,11.404,22.33,0.62,-102.95,96.75,75.21,-0.57,1.19,0,contact_no_grasp,,-
randomized-seed2000,randomized,2000,in_distribution,14,1149,38.266666412353516,185.22,True,16.2,0.8204,8.358,22.07,0.44,-102.42,96.75,75.38,-1.45,1.72,0,timeout_other,,-
randomized-seed2000,randomized,2000,in_distribution,15,652,21.700000762939453,120.98,True,8.87,0.8926,6.495,12.83,0.44,-102.51,96.75,75.38,-1.36,1.85,1,success,,-
randomized-seed2000,randomized,2000,new_positions,1,1151,38.33333206176758,114.11,True,20.57,0.7934,8.802,17.77,-0.44,-101.19,96.75,75.12,-1.54,1.26,0,timeout_other,,E1
randomized-seed2000,randomized,2000,new_positions,2,1150,38.29999923706055,7.22,False,,,,,0.97,-99.25,96.66,73.63,-1.98,2.58,0,no_departure,,E1
randomized-seed2000,randomized,2000,new_positions,3,1151,38.33333206176758,6.16,False,,,,,0.88,-100.66,96.75,74.86,-1.98,1.26,0,no_departure,,E1
randomized-seed2000,randomized,2000,new_positions,4,1151,38.33333206176758,10.66,False,,,,,0.88,-101.19,96.75,74.86,-1.98,1.26,0,no_departure,,E2
randomized-seed2000,randomized,2000,new_positions,5,1151,38.33333206176758,116.02,True,6.07,0.8891,6.807,32.27,0.0,-100.66,96.75,75.12,-1.98,1.26,0,timeout_other,,E2
randomized-seed2000,randomized,2000,new_positions,6,1151,38.33333206176758,120.45,True,16.07,0.8962,6.866,22.27,-0.44,-99.34,96.66,73.63,-1.27,2.58,0,timeout_other,,E2
randomized-seed2000,randomized,2000,new_positions,7,1151,38.33333206176758,8.35,False,,,,,-0.09,-99.34,96.66,73.63,-1.1,2.32,0,no_departure,,E3
randomized-seed2000,randomized,2000,new_positions,8,1151,38.33333206176758,123.64,True,17.73,0.7418,8.599,20.6,-0.44,-102.24,96.66,75.12,-1.54,1.26,0,contact_no_grasp,,E3
randomized-seed2000,randomized,2000,new_positions,9,1151,38.33333206176758,15.54,False,,,,,-0.44,-99.34,96.66,73.63,-1.1,2.58,0,no_departure,,E3
randomized-seed2000,randomized,2000,new_positions,10,1151,38.33333206176758,153.91,True,4.4,0.7554,8.291,33.93,-0.44,-100.75,96.75,75.03,-1.54,1.26,0,timeout_other,,E4
randomized-seed2000,randomized,2000,new_positions,11,1151,38.33333206176758,9.33,False,,,,,1.05,-99.25,96.66,73.63,-1.89,2.65,0,no_departure,,E4
randomized-seed2000,randomized,2000,new_positions,12,1150,38.29999923706055,15.92,False,,,,,0.88,-101.19,96.66,75.03,-1.98,1.59,0,no_departure,,E4
randomized-seed2000,randomized,2000,new_positions,13,1151,38.33333206176758,161.28,True,18.27,0.959,9.06,20.07,0.88,-100.66,96.66,75.03,-1.98,1.59,0,timeout_other,,E5
randomized-seed2000,randomized,2000,new_positions,14,1151,38.33333206176758,152.06,True,20.9,0.8557,6.668,17.43,-0.09,-99.25,96.66,73.8,-1.1,2.58,0,timeout_other,,E5
randomized-seed2000,randomized,2000,new_positions,15,1151,38.33333206176758,8.23,False,,,,,0.97,-99.25,96.66,73.63,-1.1,2.58,0,no_departure,,E5
randomized-seed2000,randomized,2000,reduced_lighting,1,851,28.33333396911621,122.44,True,12.67,0.84,8.401,15.67,0.0,-103.21,96.57,75.56,-1.63,1.66,1,success_after_missed_grasp,,-
randomized-seed2000,randomized,2000,reduced_lighting,2,1151,38.33333206176758,133.92,True,25.5,0.9073,9.635,12.83,-0.09,-102.95,96.57,73.8,-1.98,1.66,0,contact_no_grasp,,-
randomized-seed2000,randomized,2000,reduced_lighting,3,1151,38.33333206176758,178.71,True,5.97,0.908,10.441,32.37,0.0,-102.42,96.57,74.15,-2.07,2.65,0,timeout_other,,-
randomized-seed2000,randomized,2000,reduced_lighting,4,1151,38.33333206176758,123.18,True,32.5,0.8708,14.265,5.83,-1.05,-102.42,96.57,74.15,-1.63,2.65,0,timeout_other,,-
randomized-seed2000,randomized,2000,reduced_lighting,5,551,18.33333396911621,121.97,True,5.4,0.9305,7.802,12.93,-0.09,-102.42,96.57,74.15,-2.07,2.58,1,success,,-
randomized-seed2000,randomized,2000,reduced_lighting,6,555,18.46666717529297,122.33,True,2.2,0.8335,7.899,16.27,-0.09,-103.12,96.75,73.8,-1.63,1.66,1,success,,-
randomized-seed2000,randomized,2000,reduced_lighting,7,1151,38.33333206176758,7.04,False,,,,,-0.09,-103.12,96.66,75.56,-1.63,1.66,0,no_departure,,-
randomized-seed2000,randomized,2000,reduced_lighting,8,1151,38.33333206176758,186.79,True,7.47,0.8584,7.68,30.87,-0.09,-103.12,96.57,75.56,-1.63,1.26,0,contact_no_grasp,,-
randomized-seed2000,randomized,2000,reduced_lighting,9,888,29.566667556762695,128.26,True,15.8,0.9251,11.19,13.77,-0.09,-102.42,96.66,74.15,-2.07,2.58,1,success,,-
randomized-seed2000,randomized,2000,reduced_lighting,10,1151,38.33333206176758,165.63,True,19.53,0.8235,15.018,18.8,-1.05,-102.86,96.75,74.15,-2.51,1.52,0,contact_no_grasp,,-
randomized-seed2000,randomized,2000,reduced_lighting,11,951,31.66666603088379,121.87,True,13.87,0.8166,8.259,17.8,-0.09,-102.42,96.57,74.15,-3.03,1.59,1,success,,-
randomized-seed2000,randomized,2000,reduced_lighting,12,1151,38.33333206176758,131.47,True,28.2,0.7946,10.404,10.13,0.44,-103.38,96.75,75.3,-2.07,1.52,0,grasp_drop,,-
randomized-seed2000,randomized,2000,reduced_lighting,13,1151,38.33333206176758,177.0,True,4.27,0.8186,8.123,34.07,0.0,-102.42,96.66,74.15,-1.63,2.58,0,contact_no_grasp,,-
randomized-seed2000,randomized,2000,reduced_lighting,14,1150,38.29999923706055,10.1,False,,,,,-0.09,-102.42,96.57,74.15,-2.15,2.58,0,no_departure,,-
randomized-seed2000,randomized,2000,reduced_lighting,15,1148,38.233333587646484,176.84,True,17.83,0.893,11.897,20.4,0.0,-103.12,96.57,75.47,-1.98,1.26,0,contact_no_grasp,,-
randomized,randomized,1000,different_object,1,1151,38.33333206176758,8.33,False,,,,,1.58,-100.75,96.57,74.86,-0.92,2.65,0,no_departure,,-
randomized,randomized,1000,different_object,2,1151,38.33333206176758,5.54,False,,,,,0.53,-101.71,96.84,76.09,-0.92,1.99,0,no_departure,,-
randomized,randomized,1000,different_object,3,1151,38.33333206176758,7.07,False,,,,,0.53,-101.71,96.75,76.09,-1.45,1.99,0,no_departure,,-
randomized,randomized,1000,different_object,4,1151,38.33333206176758,137.63,True,4.47,0.7665,6.89,33.87,0.62,-101.71,96.57,76.09,-1.45,1.99,0,contact_no_grasp,,-
randomized,randomized,1000,different_object,5,1151,38.33333206176758,151.34,True,19.27,0.7759,10.63,19.07,1.49,-100.4,96.57,74.86,-0.22,2.65,0,timeout_other,,-
randomized,randomized,1000,different_object,6,1150,38.29999923706055,157.73,True,1.97,0.8093,8.302,36.33,1.67,-100.75,96.57,74.86,-0.13,2.65,0,timeout_other,,-
randomized,randomized,1000,different_object,7,1151,38.33333206176758,156.44,True,2.03,0.8312,9.731,36.3,1.49,-100.75,96.57,74.68,-0.04,2.65,0,timeout_other,,-
randomized,randomized,1000,different_object,8,1143,38.06666564941406,158.29,True,6.43,0.8669,13.557,31.63,1.58,-100.75,96.57,74.68,-0.4,2.65,0,contact_no_grasp,,-
randomized,randomized,1000,different_object,9,1140,37.96666717529297,7.52,False,,,,,1.49,-100.75,96.57,74.86,-0.92,2.25,0,no_departure,,-
randomized,randomized,1000,different_object,10,1142,38.03333282470703,157.27,True,12.47,0.7996,8.04,25.57,0.53,-101.71,96.57,76.18,-0.92,1.99,0,timeout_other,,-
randomized,randomized,1000,different_object,11,1140,37.96666717529297,171.37,True,2.37,0.864,9.649,35.6,1.49,-100.75,96.66,74.68,-0.13,2.65,0,grasp_drop,,-
randomized,randomized,1000,different_object,12,1150,38.29999923706055,157.49,True,11.07,0.8795,23.638,27.23,0.53,-100.75,96.57,74.68,-0.92,1.99,0,timeout_other,,-
randomized,randomized,1000,different_object,13,1150,38.29999923706055,188.18,True,2.67,0.8284,9.609,35.63,1.67,-100.75,96.57,74.86,-0.92,1.99,0,timeout_other,,-
randomized,randomized,1000,different_object,14,1146,38.16666793823242,149.76,True,5.8,0.7995,10.773,32.37,0.62,-100.75,96.66,74.86,-1.36,2.05,0,timeout_other,,-
randomized,randomized,1000,different_object,15,1135,37.79999923706055,152.02,True,8.47,0.8736,8.084,29.33,1.49,-100.75,96.57,74.68,-0.92,2.65,0,timeout_other,,-
randomized,randomized,1000,distractors,1,1151,38.33333206176758,172.05,True,9.63,0.7544,7.653,28.7,2.02,-101.98,96.57,75.82,-1.45,2.25,0,timeout_other,,-
randomized,randomized,1000,distractors,2,1151,38.33333206176758,179.48,True,4.13,0.7799,6.369,34.2,2.2,-101.98,96.57,75.74,-0.57,2.25,0,contact_no_grasp,,-
randomized,randomized,1000,distractors,3,1151,38.33333206176758,181.94,True,3.0,0.7697,9.767,35.33,2.11,-101.98,96.57,75.74,-0.57,1.26,0,timeout_other,,-
randomized,randomized,1000,distractors,4,701,23.33333396911621,127.22,True,7.53,0.8456,8.081,15.8,1.05,-101.98,96.57,75.74,-1.89,2.25,1,success,,-
randomized,randomized,1000,distractors,5,1151,38.33333206176758,168.88,True,4.57,0.8322,9.138,33.77,2.11,-102.07,96.57,75.74,-1.45,1.52,0,timeout_other,,-
randomized,randomized,1000,distractors,6,1149,38.266666412353516,182.18,True,3.03,0.7723,9.606,35.23,2.02,-101.98,96.57,75.74,-1.45,2.25,0,timeout_other,,-
randomized,randomized,1000,distractors,7,1147,38.20000076293945,178.73,True,1.1,0.7447,10.758,37.1,2.11,-101.98,96.57,75.74,-1.45,2.25,0,contact_no_grasp,,-
randomized,randomized,1000,distractors,8,1146,38.16666793823242,176.82,True,1.8,0.8114,11.959,36.37,2.02,-101.98,96.57,75.74,-1.45,2.25,0,grasp_drop,,-
randomized,randomized,1000,distractors,9,1150,38.29999923706055,183.83,True,2.37,0.7645,9.447,35.93,2.11,-101.98,96.57,75.74,-1.45,2.25,0,timeout_other,,-
randomized,randomized,1000,distractors,10,1148,38.233333587646484,186.26,True,1.53,0.823,8.781,36.7,2.02,-101.98,96.57,75.74,-1.45,2.25,0,timeout_other,,-
randomized,randomized,1000,distractors,11,1145,38.13333511352539,187.59,True,4.57,0.7605,8.333,33.57,2.46,-101.98,96.48,75.74,-0.57,2.25,0,timeout_other,,-
randomized,randomized,1000,distractors,12,1132,37.70000076293945,192.2,True,4.5,0.81,9.519,33.2,1.05,-102.24,96.57,75.91,-1.45,2.25,0,timeout_other,,-
randomized,randomized,1000,distractors,13,1126,37.5,184.45,True,9.6,0.7611,9.904,27.9,2.02,-101.98,96.48,75.91,-1.89,2.25,0,timeout_other,,-
randomized,randomized,1000,distractors,14,1117,37.20000076293945,189.76,True,7.3,0.7972,10.358,29.9,1.05,-101.98,96.57,75.91,-1.89,2.25,0,timeout_other,,-
randomized,randomized,1000,distractors,15,1109,36.93333435058594,182.94,True,5.4,0.7689,7.418,31.53,2.46,-102.15,96.57,75.91,-0.57,2.25,0,timeout_other,,-
randomized,randomized,1000,in_distribution,1,714,23.766666412353516,123.88,True,9.37,0.8667,7.481,14.4,1.49,-102.59,96.57,75.21,-0.04,2.19,1,success,,-
randomized,randomized,1000,in_distribution,2,1144,38.099998474121094,175.32,True,5.63,0.8699,8.099,32.47,1.49,-102.95,96.57,74.86,-0.04,1.19,0,contact_no_grasp,,-
randomized,randomized,1000,in_distribution,3,1142,38.03333282470703,4.97,False,,,,,0.53,-102.59,96.57,75.21,-0.92,2.19,0,no_departure,,-
randomized,randomized,1000,in_distribution,4,1142,38.03333282470703,188.63,True,9.37,0.8927,8.774,28.67,1.49,-103.12,96.92,76.26,-0.84,1.19,0,contact_no_grasp,,-
randomized,randomized,1000,in_distribution,5,559,18.600000381469727,127.72,True,2.87,0.8876,9.469,15.73,0.44,-102.59,96.57,75.21,-0.13,2.19,1,success,,-
randomized,randomized,1000,in_distribution,6,856,28.5,122.08,True,12.37,0.8456,7.689,16.13,1.67,-103.3,96.84,76.26,0.04,1.19,1,success,,-
randomized,randomized,1000,in_distribution,7,1145,38.13333511352539,185.46,True,6.0,0.832,9.213,32.13,1.49,-103.47,96.92,76.26,-0.22,1.26,0,contact_no_grasp,,-
randomized,randomized,1000,in_distribution,8,537,17.866666793823242,119.51,True,4.37,0.9015,7.828,13.5,0.53,-102.59,96.57,75.21,-0.92,1.72,1,success,,-
randomized,randomized,1000,in_distribution,9,816,27.16666603088379,124.18,True,12.3,0.9853,8.605,14.87,1.32,-103.3,96.75,75.21,-0.04,1.26,1,success,,-
randomized,randomized,1000,in_distribution,10,1145,38.13333511352539,175.3,True,7.6,0.8367,6.606,30.53,1.58,-103.03,96.75,75.21,-0.13,1.19,0,contact_no_grasp,,-
randomized,randomized,1000,in_distribution,11,1144,38.099998474121094,149.54,True,4.7,0.8873,11.952,33.4,0.44,-102.51,96.57,75.21,-0.92,1.26,0,timeout_other,,-
randomized,randomized,1000,in_distribution,12,489,16.266666412353516,126.25,True,2.57,1.0051,7.768,13.7,1.58,-102.51,96.57,75.21,-0.04,2.19,1,success,,-
randomized,randomized,1000,in_distribution,13,1142,38.03333282470703,182.98,True,1.83,0.882,9.367,36.2,0.62,-103.21,96.66,75.21,-0.04,1.26,0,timeout_other,,-
randomized,randomized,1000,in_distribution,14,1146,38.16666793823242,188.34,True,8.4,0.8568,8.465,29.77,1.49,-102.51,96.57,75.21,-0.04,2.19,0,timeout_other,,-
randomized,randomized,1000,in_distribution,15,1144,38.099998474121094,185.52,True,6.47,0.894,10.492,31.63,0.44,-102.51,96.57,75.21,-0.92,2.19,0,timeout_other,,-
randomized,randomized,1000,in_distribution_rebuilt,1,1148,38.233333587646484,181.3,True,0.7,0.8744,8.883,37.53,7.3,-100.22,96.92,67.65,-1.27,5.76,0,timeout_other,,-
randomized,randomized,1000,in_distribution_rebuilt,2,359,11.933333396911621,108.46,True,0.63,0.9268,5.974,11.3,7.47,-100.22,96.92,67.65,-1.8,4.77,1,success,,-
randomized,randomized,1000,in_distribution_rebuilt,3,451,15.0,110.21,True,0.67,0.8309,8.14,14.33,7.47,-100.84,96.92,67.56,-0.4,4.9,1,success,,-
randomized,randomized,1000,in_distribution_rebuilt,4,1146,38.16666793823242,176.05,True,0.93,0.9128,14.585,37.23,7.3,-101.8,96.92,69.58,-1.27,4.9,0,contact_no_grasp,,-
randomized,randomized,1000,in_distribution_rebuilt,5,1109,36.93333435058594,170.2,True,0.93,0.8143,12.018,36.0,7.47,-100.22,96.92,67.65,-1.01,5.76,0,grasp_drop,,-
randomized,randomized,1000,in_distribution_rebuilt,6,1105,36.79999923706055,173.49,True,0.77,0.8036,10.449,36.03,7.47,-100.31,96.92,67.65,-1.01,4.7,0,grasp_drop,,-
randomized,randomized,1000,in_distribution_rebuilt,7,1115,37.13333511352539,181.66,True,0.57,0.9173,16.276,36.57,7.47,-100.31,96.92,67.65,-3.21,5.76,0,timeout_other,,-
randomized,randomized,1000,in_distribution_rebuilt,8,1106,36.83333206176758,153.33,True,0.73,0.7676,10.271,36.1,7.47,-100.31,96.92,67.56,-1.01,5.1,0,grasp_drop,,-
randomized,randomized,1000,in_distribution_rebuilt,9,401,13.333333015441895,110.75,True,0.63,0.8495,9.258,12.7,7.47,-100.31,96.92,67.56,-1.01,5.76,1,success,,-
randomized,randomized,1000,in_distribution_rebuilt,10,1106,36.83333206176758,188.04,True,2.33,0.9063,9.19,34.5,7.38,-101.54,96.92,68.97,-1.98,5.1,0,contact_no_grasp,,-
randomized,randomized,1000,in_distribution_rebuilt,11,917,30.53333282470703,180.09,True,0.8,0.909,12.433,29.73,7.56,-100.31,96.92,67.65,-1.8,5.76,0,timeout_other,,-
randomized,randomized,1000,in_distribution_rebuilt,12,788,26.233333587646484,180.81,True,0.77,0.8571,7.698,25.47,7.47,-100.31,96.92,67.65,-1.01,5.76,0,contact_no_grasp,,-
randomized,randomized,1000,in_distribution_rebuilt,13,1001,33.33333206176758,167.43,True,0.6,0.8177,7.509,32.73,7.56,-100.31,96.92,67.65,-1.36,5.76,0,grasp_drop,,-
randomized,randomized,1000,in_distribution_rebuilt,14,416,13.833333015441895,108.17,True,0.63,0.8142,7.909,13.2,7.47,-100.31,96.92,67.65,-0.92,4.77,1,success,,-
randomized,randomized,1000,in_distribution_rebuilt,15,1053,35.06666564941406,175.07,True,0.7,0.8165,13.376,34.37,7.38,-101.1,97.01,68.97,-0.92,5.1,0,grasp_drop,,-
randomized,randomized,1000,new_positions,1,1143,38.06666564941406,6.63,False,,,,,0.53,-102.33,96.84,77.14,-1.89,1.59,0,no_departure,,E1
randomized,randomized,1000,new_positions,2,1129,37.599998474121094,10.12,False,,,,,0.53,-102.33,96.84,77.14,-1.89,1.59,0,no_departure,,E1
randomized,randomized,1000,new_positions,3,1138,37.900001525878906,130.38,True,5.5,0.8424,7.235,32.4,-0.44,-102.33,96.66,77.14,-1.89,1.59,0,timeout_other,,E1
randomized,randomized,1000,new_positions,4,1144,38.099998474121094,103.49,True,13.83,0.8401,6.475,24.27,0.44,-101.54,96.57,75.91,-1.71,2.32,0,timeout_other,,E2
randomized,randomized,1000,new_positions,5,1150,38.29999923706055,109.49,True,15.97,0.8123,13.128,22.33,-0.53,-101.54,96.66,75.91,-0.66,2.32,0,timeout_other,,E2
randomized,randomized,1000,new_positions,6,1151,38.33333206176758,92.11,True,25.87,0.9372,6.023,12.47,-0.44,-101.54,96.66,75.91,-0.57,2.32,0,timeout_other,,E2
randomized,randomized,1000,new_positions,7,1151,38.33333206176758,9.62,False,,,,,-0.44,-101.54,96.66,75.91,-1.89,2.25,0,no_departure,,E3
randomized,randomized,1000,new_positions,8,1150,38.29999923706055,136.42,True,28.27,0.9593,11.31,10.03,-0.53,-102.33,96.66,77.14,-1.89,1.59,0,timeout_other,,E3
randomized,randomized,1000,new_positions,9,1151,38.33333206176758,167.43,True,13.63,0.7717,7.808,24.7,0.44,-101.54,96.66,75.91,-1.89,2.25,0,timeout_other,,E3
randomized,randomized,1000,new_positions,10,1147,38.20000076293945,143.94,True,19.93,0.826,8.567,18.27,0.44,-101.54,96.66,75.91,-1.89,1.85,0,timeout_other,,E4
randomized,randomized,1000,new_positions,11,1146,38.16666793823242,8.18,False,,,,,0.44,-101.54,96.66,75.91,-1.71,2.32,0,no_departure,,E4
randomized,randomized,1000,new_positions,12,1151,38.33333206176758,164.31,True,10.67,0.9203,20.458,27.67,0.44,-102.33,96.84,77.14,-1.89,1.59,0,timeout_other,,E4
randomized,randomized,1000,new_positions,13,1149,38.266666412353516,162.84,True,4.8,0.9395,10.011,33.47,0.44,-101.54,96.75,75.91,-1.54,2.65,0,timeout_other,,E5
randomized,randomized,1000,new_positions,14,1132,37.70000076293945,13.01,False,,,,,0.44,-101.54,96.66,75.91,-1.1,2.38,0,no_departure,,E5
randomized,randomized,1000,new_positions,15,1127,37.53333282470703,7.73,False,,,,,0.44,-102.24,96.84,75.91,-1.89,1.59,0,no_departure,,E5
randomized,randomized,1000,new_positions_rebuilt,1,1130,37.63333511352539,178.25,True,0.93,0.747,6.741,36.7,6.42,-99.08,96.92,67.47,-1.8,6.16,0,timeout_other,,E1
randomized,randomized,1000,new_positions_rebuilt,2,1146,38.16666793823242,182.07,True,0.93,0.7908,8.007,37.23,6.51,-99.08,96.92,67.47,-1.98,6.16,0,timeout_other,,E1
randomized,randomized,1000,new_positions_rebuilt,3,1134,37.766666412353516,169.1,True,1.2,0.7824,7.995,36.57,6.51,-99.08,96.92,67.47,-1.8,6.16,0,timeout_other,,E1
randomized,randomized,1000,new_positions_rebuilt,4,1147,38.20000076293945,125.29,True,1.2,0.7541,6.43,37.0,6.51,-99.08,97.01,67.47,-1.54,6.16,0,timeout_other,,E1
randomized,randomized,1000,new_positions_rebuilt,5,1139,37.93333435058594,184.27,True,0.97,0.805,7.312,36.97,6.42,-99.08,96.92,67.47,-1.8,6.16,0,timeout_other,,E1
randomized,randomized,1000,new_positions_rebuilt,6,1148,38.233333587646484,120.07,True,0.87,0.8252,7.014,37.37,6.51,-99.08,96.92,67.47,-1.98,6.16,0,timeout_other,,E2
randomized,randomized,1000,new_positions_rebuilt,7,1141,38.0,119.46,True,1.8,0.831,6.764,36.2,6.59,-99.08,96.92,67.38,-1.71,6.16,0,timeout_other,,E2
randomized,randomized,1000,new_positions_rebuilt,8,1150,38.29999923706055,125.33,True,1.07,0.8654,12.359,37.23,6.42,-99.08,96.92,67.12,-1.98,5.5,0,timeout_other,,E2
randomized,randomized,1000,new_positions_rebuilt,9,1123,37.400001525878906,123.17,True,0.97,0.8177,7.987,36.43,6.68,-99.08,96.92,67.38,-1.8,6.16,0,timeout_other,,E2
randomized,randomized,1000,new_positions_rebuilt,10,1138,37.900001525878906,118.26,True,0.73,0.8739,14.134,37.17,6.42,-99.08,96.92,67.47,-1.98,5.5,0,timeout_other,,E2
randomized,randomized,1000,new_positions_rebuilt,11,1126,37.5,175.19,True,0.63,0.8483,10.522,36.87,6.33,-99.08,96.92,67.47,-1.45,5.5,0,timeout_other,,E3
randomized,randomized,1000,new_positions_rebuilt,12,1144,38.099998474121094,177.86,True,0.9,0.8158,7.319,37.2,6.42,-99.08,96.92,67.38,-1.8,5.5,0,timeout_other,,E3
randomized,randomized,1000,new_positions_rebuilt,13,1150,38.29999923706055,173.08,True,0.7,0.8132,9.35,37.6,6.33,-99.08,96.92,67.38,-1.8,6.16,0,timeout_other,,E3
randomized,randomized,1000,new_positions_rebuilt,14,1148,38.233333587646484,174.03,True,0.77,0.8346,8.31,37.47,6.33,-99.08,96.92,67.38,-1.98,6.16,0,timeout_other,,E3
randomized,randomized,1000,new_positions_rebuilt,15,1141,38.0,178.06,True,0.63,0.8011,6.911,37.37,6.42,-99.08,96.92,67.47,-1.54,6.16,0,timeout_other,,E3
randomized,randomized,1000,new_positions_rebuilt,16,1128,37.56666564941406,183.34,True,0.7,0.8358,10.604,36.87,6.51,-99.08,96.92,67.38,-1.98,6.16,0,timeout_other,,E4
randomized,randomized,1000,new_positions_rebuilt,17,1149,38.266666412353516,171.28,True,0.47,0.8574,12.822,37.8,6.59,-99.08,96.92,67.38,-1.98,6.16,0,timeout_other,,E4
randomized,randomized,1000,new_positions_rebuilt,18,1144,38.099998474121094,180.14,True,0.93,0.8421,6.687,37.17,7.38,-99.08,96.92,67.38,-1.8,5.3,0,timeout_other,,E4
randomized,randomized,1000,new_positions_rebuilt,19,1140,37.96666717529297,176.77,True,0.67,0.7968,11.412,37.3,6.42,-99.08,97.01,67.38,-1.54,6.16,0,timeout_other,,E4
randomized,randomized,1000,new_positions_rebuilt,20,1146,38.16666793823242,180.1,True,0.77,0.7656,8.366,37.4,6.59,-99.08,96.92,67.38,-1.98,6.16,0,timeout_other,,E4
randomized,randomized,1000,new_positions_rebuilt,21,1143,38.06666564941406,187.06,True,0.87,0.9019,11.443,37.2,6.51,-99.08,96.92,67.38,-1.98,6.16,0,timeout_other,,E5
randomized,randomized,1000,new_positions_rebuilt,22,1131,37.66666793823242,186.61,True,0.9,0.8956,10.808,36.77,6.68,-99.08,96.84,67.38,-0.48,6.16,0,timeout_other,,E5
randomized,randomized,1000,new_positions_rebuilt,23,1101,36.66666793823242,187.97,True,1.03,0.912,7.075,35.63,6.59,-99.08,96.92,67.47,-0.48,5.5,0,timeout_other,,E5
randomized,randomized,1000,new_positions_rebuilt,24,1049,34.93333435058594,189.94,True,0.9,0.8925,9.401,34.03,6.51,-99.08,96.92,67.47,-1.98,5.5,0,timeout_other,,E5
randomized,randomized,1000,new_positions_rebuilt,25,1082,36.03333282470703,192.14,True,0.87,0.8741,8.689,35.17,6.51,-99.08,96.92,67.38,-0.92,6.16,0,timeout_other,,E5
randomized,randomized,1000,reduced_lighting,1,1151,38.33333206176758,139.86,True,3.8,0.8813,9.049,34.53,1.67,-103.03,96.84,74.86,-0.04,1.26,0,contact_no_grasp,,-
randomized,randomized,1000,reduced_lighting,2,1151,38.33333206176758,158.97,True,4.77,0.8177,8.401,33.57,1.67,-102.42,96.66,73.63,-0.04,2.25,0,timeout_other,,-
randomized,randomized,1000,reduced_lighting,3,603,20.066667556762695,123.8,True,6.07,0.9433,7.066,14.0,1.58,-102.42,96.57,73.63,-0.13,2.25,1,success,,-
randomized,randomized,1000,reduced_lighting,4,501,16.66666603088379,125.16,True,2.3,0.8435,6.363,14.37,0.53,-102.77,96.57,73.63,-0.22,1.59,1,success,,-
randomized,randomized,1000,reduced_lighting,5,951,31.66666603088379,124.57,True,17.33,0.9293,7.704,14.33,1.67,-102.95,96.57,75.12,-0.04,1.59,1,success,,-
randomized,randomized,1000,reduced_lighting,6,1151,38.33333206176758,157.7,True,7.27,0.8732,15.405,31.07,1.58,-103.03,96.84,74.86,-0.13,1.39,0,contact_no_grasp,,-
randomized,randomized,1000,reduced_lighting,7,1151,38.33333206176758,182.33,True,5.5,0.7821,9.341,32.83,1.49,-102.42,96.57,73.63,-0.04,2.25,0,timeout_other,,-
randomized,randomized,1000,reduced_lighting,8,1151,38.33333206176758,163.49,True,4.77,0.8778,10.653,33.57,1.67,-102.42,96.57,73.63,-0.04,2.25,0,timeout_other,,-
randomized,randomized,1000,reduced_lighting,9,483,16.066667556762695,122.69,True,2.5,0.8739,9.265,13.57,1.58,-102.42,96.66,73.63,-0.04,2.25,1,success,,-
randomized,randomized,1000,reduced_lighting,10,1151,38.33333206176758,189.2,True,10.63,0.9051,8.344,27.7,1.67,-103.12,96.75,74.86,-0.04,1.59,0,contact_no_grasp,,-
randomized,randomized,1000,reduced_lighting,11,1149,38.266666412353516,170.7,True,11.53,0.782,9.489,26.73,0.53,-102.42,96.57,73.63,-0.13,2.25,0,contact_no_grasp,,-
randomized,randomized,1000,reduced_lighting,12,1147,38.20000076293945,170.61,True,7.17,0.8248,10.387,31.03,1.58,-102.42,96.66,73.63,-0.04,2.25,0,timeout_other,,-
randomized,randomized,1000,reduced_lighting,13,564,18.766666412353516,121.51,True,2.53,0.864,7.441,16.23,1.58,-102.42,96.66,73.63,-0.04,2.25,1,success,,-
randomized,randomized,1000,reduced_lighting,14,1150,38.29999923706055,171.9,True,3.17,0.7568,12.084,35.13,0.53,-103.21,96.75,75.12,-0.04,1.26,0,grasp_drop,,-
randomized,randomized,1000,reduced_lighting,15,1151,38.33333206176758,183.66,True,2.67,0.8158,8.156,35.67,1.58,-102.42,96.57,73.63,-0.92,2.25,0,timeout_other,,-
recovery-seed2000,recovery,2000,different_object,1,1151,38.33333206176758,130.01,True,17.17,0.8289,7.573,21.17,0.09,-103.38,96.66,78.11,-1.36,1.52,0,grasp_drop,,-
recovery-seed2000,recovery,2000,different_object,2,877,29.200000762939453,151.97,True,5.7,0.8352,12.062,23.5,-1.05,-102.51,96.84,78.11,-1.36,1.52,1,success_after_drop,Succeeded,-
recovery-seed2000,recovery,2000,different_object,3,482,16.03333282470703,134.67,True,2.23,0.9054,8.467,13.8,-1.05,-103.3,96.84,78.11,-1.36,1.26,1,success,,-
recovery-seed2000,recovery,2000,different_object,4,1151,38.33333206176758,135.56,True,2.23,0.7622,11.204,36.1,-1.05,-103.03,96.66,78.11,-1.36,1.52,0,grasp_drop,,-
recovery-seed2000,recovery,2000,different_object,5,801,26.66666603088379,129.89,True,6.97,0.899,8.487,19.7,-0.09,-102.51,96.66,78.11,-1.36,1.59,1,success,,-
recovery-seed2000,recovery,2000,different_object,6,1144,38.099998474121094,143.34,True,8.97,0.8165,8.394,29.13,-0.97,-102.51,96.75,78.11,-2.24,1.52,1,success,,-
recovery-seed2000,recovery,2000,different_object,7,1150,38.29999923706055,165.84,True,2.73,0.8596,7.752,35.57,0.09,-103.3,96.75,78.11,-1.36,1.52,0,deliberate_drop,Failed,-
recovery-seed2000,recovery,2000,different_object,8,1148,38.233333587646484,134.36,True,13.6,0.8278,8.623,24.63,0.0,-102.51,96.66,77.32,-1.45,1.92,0,deliberate_drop,Failed,-
recovery-seed2000,recovery,2000,different_object,9,1151,38.33333206176758,126.93,True,10.23,0.8249,13.767,28.1,-1.05,-102.51,96.75,77.93,-1.36,1.92,0,deliberate_drop,Failed,-
recovery-seed2000,recovery,2000,different_object,10,1149,38.266666412353516,131.17,True,3.63,0.766,10.05,34.63,-0.97,-102.51,96.66,77.41,-1.36,1.85,0,deliberate_drop,Failed,-
recovery-seed2000,recovery,2000,different_object,11,1150,38.29999923706055,133.84,True,3.07,0.7165,9.782,35.23,-1.05,-102.51,96.75,77.93,-1.36,1.85,0,deliberate_drop,Failed,-
recovery-seed2000,recovery,2000,different_object,12,1149,38.266666412353516,139.9,True,6.17,0.7757,11.437,32.1,-1.05,-102.51,96.66,77.23,-2.24,1.85,0,deliberate_drop,Failed,-
recovery-seed2000,recovery,2000,different_object,13,1147,38.20000076293945,132.12,True,1.97,0.6419,7.876,36.23,-1.05,-102.51,96.66,77.41,-2.24,1.85,0,deliberate_drop,Failed,-
recovery-seed2000,recovery,2000,different_object,14,951,31.66666603088379,139.98,True,19.07,0.9628,8.089,12.6,-1.05,-102.51,96.66,77.23,-2.24,1.85,1,success,,-
recovery-seed2000,recovery,2000,different_object,15,1148,38.233333587646484,128.95,True,11.33,0.7858,9.893,26.9,0.09,-102.51,96.66,77.93,-1.36,1.59,0,deliberate_drop,Failed,-
recovery-seed2000,recovery,2000,distractors,1,569,18.933332443237305,130.76,True,3.1,0.8694,9.568,15.83,-0.09,-101.71,96.75,75.91,-1.1,3.44,1,success,,-
recovery-seed2000,recovery,2000,distractors,2,439,14.600000381469727,151.77,True,0.8,0.9147,8.28,13.8,-0.44,-102.51,96.75,75.74,-0.57,2.58,1,success,,-
recovery-seed2000,recovery,2000,distractors,3,451,15.0,140.08,True,1.97,0.8898,9.754,13.03,1.14,-101.89,96.75,75.91,-1.45,2.58,1,success,,-
recovery-seed2000,recovery,2000,distractors,4,917,30.53333282470703,137.71,True,8.7,0.8887,9.937,21.83,-0.09,-102.77,96.75,77.23,-1.89,2.58,1,success,,-
recovery-seed2000,recovery,2000,distractors,5,626,20.83333396911621,130.48,True,1.63,0.8999,14.064,19.2,0.88,-101.89,96.75,75.74,-0.57,2.58,1,success,,-
recovery-seed2000,recovery,2000,distractors,6,1150,38.29999923706055,183.98,True,3.03,0.7476,9.231,35.27,1.05,-101.98,96.66,75.82,-0.57,2.58,0,contact_no_grasp,,-
recovery-seed2000,recovery,2000,distractors,7,419,13.933333396911621,128.65,True,1.27,0.8793,8.772,12.67,-0.35,-101.8,96.75,75.91,-0.57,3.38,1,success,,-
recovery-seed2000,recovery,2000,distractors,8,1151,38.33333206176758,179.56,True,3.3,0.7504,11.317,35.03,1.14,-102.15,96.66,75.91,-0.48,2.58,0,deliberate_drop,Failed,-
recovery-seed2000,recovery,2000,distractors,9,442,14.699999809265137,132.03,True,1.13,0.848,7.909,13.57,-0.44,-101.8,96.75,75.91,-0.57,3.77,1,success,,-
recovery-seed2000,recovery,2000,distractors,10,451,15.0,131.62,True,2.3,0.8219,7.646,12.7,0.53,-101.8,96.75,75.74,-0.57,2.58,1,success,,-
recovery-seed2000,recovery,2000,distractors,11,695,23.133333206176758,150.93,True,3.17,0.9524,8.478,19.97,-0.44,-101.63,96.66,76.88,-0.31,2.58,1,success,,-
recovery-seed2000,recovery,2000,distractors,12,435,14.466666221618652,132.96,True,1.1,0.9181,8.755,13.37,-0.35,-102.07,96.66,75.91,-0.92,2.58,1,success,,-
recovery-seed2000,recovery,2000,distractors,13,447,14.866666793823242,136.87,True,1.87,0.8816,8.114,13.0,0.97,-102.07,96.75,75.91,-0.57,2.58,1,success,,-
recovery-seed2000,recovery,2000,distractors,14,451,15.0,140.09,True,1.4,0.8976,8.656,13.6,-0.44,-101.8,96.66,77.14,-0.31,2.58,1,success,,-
recovery-seed2000,recovery,2000,distractors,15,1151,38.33333206176758,184.69,True,1.97,0.7293,9.919,36.37,-0.44,-103.21,96.66,77.23,-1.8,2.58,0,deliberate_drop,Succeeded,-
recovery-seed2000,recovery,2000,in_distribution,1,752,25.03333282470703,134.14,True,2.43,0.7726,8.017,22.6,0.09,-101.98,96.66,76.0,-0.92,2.25,1,success_after_drop,Succeeded,-
recovery-seed2000,recovery,2000,in_distribution,2,1150,38.29999923706055,133.04,True,0.93,0.6993,7.644,37.37,-0.44,-102.77,96.75,76.18,0.04,1.26,0,deliberate_drop,Failed,-
recovery-seed2000,recovery,2000,in_distribution,3,475,15.800000190734863,139.7,True,0.83,0.8329,6.967,14.97,0.0,-101.89,96.66,74.86,-0.92,1.92,1,success_after_missed_grasp,,-
recovery-seed2000,recovery,2000,in_distribution,4,451,15.0,131.22,True,2.3,0.9083,10.027,12.7,0.09,-102.77,96.84,74.86,-0.04,1.79,1,success,,-
recovery-seed2000,recovery,2000,in_distribution,5,747,24.866666793823242,127.88,True,2.6,0.7694,10.6,22.27,1.49,-103.21,96.75,76.18,-0.04,1.52,1,success_after_drop,Succeeded,-
recovery-seed2000,recovery,2000,in_distribution,6,426,14.166666984558105,128.95,True,1.6,0.9551,10.378,12.57,0.09,-103.21,96.66,76.18,-0.04,1.52,1,success,,-
recovery-seed2000,recovery,2000,in_distribution,7,482,16.03333282470703,129.42,True,3.0,0.8851,7.148,13.03,0.0,-103.21,96.66,76.26,-0.04,1.52,1,success,,-
recovery-seed2000,recovery,2000,in_distribution,8,1151,38.33333206176758,134.77,True,0.6,0.7071,8.337,37.73,-0.09,-103.21,96.84,76.18,-0.92,1.26,0,deliberate_drop,Failed,-
recovery-seed2000,recovery,2000,in_distribution,9,406,13.5,138.59,True,2.07,0.9308,11.358,11.43,0.09,-101.98,96.66,76.0,-1.27,1.92,1,success,,-
recovery-seed2000,recovery,2000,in_distribution,10,1008,33.56666564941406,141.19,True,1.5,0.7686,12.888,32.07,0.0,-102.86,96.57,74.86,-0.04,1.59,1,success_after_missed_grasp,,-
recovery-seed2000,recovery,2000,in_distribution,11,1151,38.33333206176758,128.17,True,1.53,0.6986,8.213,36.8,0.0,-103.12,96.84,76.26,-0.57,1.52,0,deliberate_drop,Failed,-
recovery-seed2000,recovery,2000,in_distribution,12,1150,38.29999923706055,126.72,True,0.9,0.7328,9.404,37.4,0.0,-101.89,96.66,74.86,-0.92,2.25,0,deliberate_drop,Failed,-
recovery-seed2000,recovery,2000,in_distribution,13,1150,38.29999923706055,184.47,True,0.93,0.6714,9.041,37.37,0.09,-101.89,96.66,74.86,-0.92,2.25,0,deliberate_drop,Failed,-
recovery-seed2000,recovery,2000,in_distribution,14,1149,38.266666412353516,130.46,True,0.5,0.7004,9.263,37.77,0.0,-101.89,96.75,74.86,-1.36,2.25,0,deliberate_drop,Succeeded,-
recovery-seed2000,recovery,2000,in_distribution,15,444,14.766666412353516,126.69,True,1.0,0.8748,10.555,13.77,0.0,-101.89,96.66,74.86,-0.92,1.92,1,success,,-
recovery-seed2000,recovery,2000,new_positions,1,1151,38.33333206176758,11.35,False,,,,,0.88,-100.84,96.57,74.68,-1.1,1.92,0,no_departure,,E1
recovery-seed2000,recovery,2000,new_positions,2,1150,38.29999923706055,130.57,True,32.27,0.8204,6.021,6.03,0.0,-102.24,96.57,76.18,-0.92,1.26,0,timeout_other,,E1
recovery-seed2000,recovery,2000,new_positions,3,1150,38.29999923706055,152.31,True,19.9,0.726,9.841,18.4,1.05,-100.92,96.57,74.86,-1.01,1.92,0,timeout_other,,E1
recovery-seed2000,recovery,2000,new_positions,4,1151,38.33333206176758,12.35,False,,,,,0.88,-100.84,96.57,74.86,-1.1,1.85,0,no_departure,,E2
recovery-seed2000,recovery,2000,new_positions,5,1151,38.33333206176758,9.08,False,,,,,-0.09,-102.24,96.57,76.18,-0.92,1.52,0,no_departure,,E2
recovery-seed2000,recovery,2000,new_positions,6,1151,38.33333206176758,8.95,False,,,,,0.0,-102.24,96.57,76.18,-1.1,1.19,0,no_departure,,E2
recovery-seed2000,recovery,2000,new_positions,7,1151,38.33333206176758,172.14,True,1.93,0.7608,13.406,36.4,-0.09,-102.24,96.57,76.18,-0.92,1.19,0,contact_no_grasp,,E3
recovery-seed2000,recovery,2000,new_positions,8,1150,38.29999923706055,162.29,True,3.27,0.7659,9.21,35.03,0.88,-100.92,96.57,74.86,-1.1,1.92,0,timeout_other,,E3
recovery-seed2000,recovery,2000,new_positions,9,1149,38.266666412353516,173.11,True,2.6,0.7642,7.91,35.67,0.88,-100.84,96.57,74.68,-1.27,1.92,0,contact_no_grasp,,E3
recovery-seed2000,recovery,2000,new_positions,10,1151,38.33333206176758,175.32,True,3.43,0.8188,7.55,34.9,1.05,-100.84,96.57,74.68,-1.54,1.92,0,timeout_other,,E4
recovery-seed2000,recovery,2000,new_positions,11,1149,38.266666412353516,150.37,True,23.7,0.7774,7.732,14.57,0.97,-100.84,96.57,74.86,-1.1,1.92,0,timeout_other,,E4
recovery-seed2000,recovery,2000,new_positions,12,1150,38.29999923706055,9.54,False,,,,,0.88,-100.84,96.57,74.86,-1.01,1.92,0,no_departure,,E4
recovery-seed2000,recovery,2000,new_positions,13,1143,38.06666564941406,175.53,True,0.83,0.7975,9.2,37.23,0.88,-102.24,96.57,76.26,-1.01,1.52,0,timeout_other,,E5
recovery-seed2000,recovery,2000,new_positions,14,1136,37.83333206176758,179.83,True,5.0,0.7925,8.754,32.83,0.97,-100.84,96.57,74.68,-1.1,1.92,0,timeout_other,,E5
recovery-seed2000,recovery,2000,new_positions,15,1139,37.93333435058594,163.61,True,18.73,0.7898,7.288,19.2,0.97,-100.84,96.57,74.68,-1.1,1.92,0,timeout_other,,E5
recovery-seed2000,recovery,2000,reduced_lighting,1,712,23.700000762939453,149.85,True,0.83,0.8598,8.689,22.87,-0.09,-103.12,96.75,74.86,-2.68,2.05,1,success_after_missed_grasp,,-
recovery-seed2000,recovery,2000,reduced_lighting,2,401,13.333333015441895,131.69,True,0.67,0.9556,8.987,12.67,-0.44,-103.21,96.75,75.12,-3.03,2.05,1,success,,-
recovery-seed2000,recovery,2000,reduced_lighting,3,1151,38.33333206176758,126.88,True,0.5,0.7844,10.196,37.83,-0.44,-102.77,96.75,75.12,-2.68,2.05,0,deliberate_drop,Failed,-
recovery-seed2000,recovery,2000,reduced_lighting,4,1151,38.33333206176758,186.48,True,1.2,0.8487,10.439,37.13,-0.44,-101.71,96.75,74.68,-3.03,3.05,0,deliberate_drop,Failed,-
recovery-seed2000,recovery,2000,reduced_lighting,5,848,28.233333587646484,131.72,True,3.73,0.7809,8.009,24.5,0.97,-101.71,96.75,73.27,-2.95,3.05,1,success_after_drop,Succeeded,-
recovery-seed2000,recovery,2000,reduced_lighting,6,1151,38.33333206176758,127.88,True,2.37,0.7196,12.776,35.97,-0.44,-102.59,96.75,75.12,-2.95,2.05,0,deliberate_drop,Failed,-
recovery-seed2000,recovery,2000,reduced_lighting,7,1151,38.33333206176758,194.38,True,1.6,0.7753,10.876,36.73,-0.44,-101.71,96.75,74.07,-2.95,3.05,0,deliberate_drop,Failed,-
recovery-seed2000,recovery,2000,reduced_lighting,8,1151,38.33333206176758,139.14,True,1.13,0.6893,8.68,37.2,-0.09,-101.71,96.75,73.63,-4.0,3.05,0,deliberate_drop,Failed,-
recovery-seed2000,recovery,2000,reduced_lighting,9,770,25.633333206176758,135.45,True,1.5,0.7966,7.337,24.13,-0.44,-101.71,96.75,73.63,-4.0,2.91,1,success_after_drop,Succeeded,-
recovery-seed2000,recovery,2000,reduced_lighting,10,1151,38.33333206176758,150.41,True,0.6,0.7588,8.162,37.73,-0.44,-103.03,96.75,75.12,-2.68,2.25,0,deliberate_drop,Failed,-
recovery-seed2000,recovery,2000,reduced_lighting,11,1151,38.33333206176758,124.56,True,1.23,0.7614,8.096,37.1,0.88,-101.63,96.75,73.63,-2.68,3.05,0,deliberate_drop,Failed,-
recovery-seed2000,recovery,2000,reduced_lighting,12,1150,38.29999923706055,125.72,True,1.3,0.7857,10.386,37.0,-0.09,-102.77,96.92,74.77,-2.95,2.25,0,deliberate_drop,Failed,-
recovery-seed2000,recovery,2000,reduced_lighting,13,1151,38.33333206176758,191.12,True,1.2,0.746,8.642,37.13,-0.09,-102.15,96.84,75.12,-2.95,2.25,0,deliberate_drop,Failed,-
recovery-seed2000,recovery,2000,reduced_lighting,14,1148,38.233333587646484,144.24,True,2.7,0.697,10.782,35.53,-0.09,-101.63,96.75,73.63,-3.03,3.18,1,success_after_drop,Succeeded,-
recovery-seed2000,recovery,2000,reduced_lighting,15,1151,38.33333206176758,128.27,True,0.97,0.7765,8.749,37.37,-0.09,-101.63,96.75,74.77,-2.68,2.91,0,deliberate_drop,Failed,-
recovery,recovery,1000,different_object,1,1146,38.16666793823242,182.65,True,8.3,0.745,9.53,29.87,1.05,-99.87,96.84,75.38,-0.92,3.38,0,deliberate_drop,Failed,-
recovery,recovery,1000,different_object,2,771,25.66666603088379,130.26,True,13.43,0.968,10.37,12.23,2.2,-99.78,96.66,74.15,-1.1,3.38,1,success,,-
recovery,recovery,1000,different_object,3,513,17.066667556762695,156.31,True,3.27,0.9611,9.018,13.8,1.05,-100.66,96.92,76.09,-0.57,2.58,1,success,,-
recovery,recovery,1000,different_object,4,1151,38.33333206176758,127.85,True,16.07,0.8013,9.549,22.27,1.05,-100.75,96.92,75.65,-1.89,2.58,0,deliberate_drop,Failed,-
recovery,recovery,1000,different_object,5,483,16.066667556762695,137.99,True,2.37,0.9881,10.675,13.7,1.05,-99.87,96.84,74.33,-0.92,3.38,1,success,,-
recovery,recovery,1000,different_object,6,448,14.899999618530273,140.7,True,1.97,0.9118,10.225,12.93,1.05,-100.66,96.84,75.65,-1.01,2.58,1,success,,-
recovery,recovery,1000,different_object,7,1151,38.33333206176758,142.11,True,4.4,0.8911,14.609,33.93,1.05,-100.66,96.84,75.74,-1.01,2.58,1,success,,-
recovery,recovery,1000,different_object,8,599,19.933332443237305,143.97,True,5.7,0.9091,8.521,14.23,1.05,-99.87,96.84,75.65,-1.89,2.58,1,success,,-
recovery,recovery,1000,different_object,9,563,18.733333587646484,128.26,True,3.8,0.8763,8.332,14.93,1.05,-100.75,96.84,75.74,-1.89,2.58,1,success,,-
recovery,recovery,1000,different_object,10,717,23.866666793823242,139.62,True,10.6,0.9284,12.903,13.27,1.05,-100.75,96.84,75.74,-1.89,2.65,1,success,,-
recovery,recovery,1000,different_object,11,551,18.33333396911621,138.52,True,5.3,0.8856,8.1,13.03,1.05,-100.75,96.92,75.74,-1.89,2.65,1,success,,-
recovery,recovery,1000,different_object,12,598,19.899999618530273,139.4,True,5.2,0.8642,7.545,14.7,1.05,-100.75,96.92,75.65,-1.1,2.58,1,success,,-
recovery,recovery,1000,different_object,13,1151,38.33333206176758,133.88,True,3.2,0.7027,8.411,35.13,1.05,-100.75,96.92,75.65,-1.01,2.58,0,deliberate_drop,Failed,-
recovery,recovery,1000,different_object,14,1145,38.13333511352539,172.59,True,4.33,0.8467,13.03,33.8,1.05,-99.87,96.84,74.33,-1.01,3.38,0,deliberate_drop,Failed,-
recovery,recovery,1000,different_object,15,654,21.766666412353516,132.94,True,7.03,0.9324,9.905,14.73,1.14,-99.87,96.84,74.15,-1.89,3.38,1,success,,-
recovery,recovery,1000,distractors,1,474,15.766666412353516,136.33,True,4.0,0.9218,9.518,11.77,0.53,-101.98,96.75,75.21,-1.63,2.65,1,success,,-
recovery,recovery,1000,distractors,2,442,14.699999809265137,146.25,True,1.67,0.9195,9.81,13.03,0.53,-102.51,96.75,76.62,-2.51,1.99,1,success,,-
recovery,recovery,1000,distractors,3,485,16.133333206176758,141.54,True,3.97,0.8318,8.628,12.17,0.53,-101.98,96.75,76.79,-1.63,1.66,1,success,,-
recovery,recovery,1000,distractors,4,451,15.0,135.7,True,1.7,0.9169,9.75,13.3,0.53,-101.98,96.66,75.21,-1.63,1.66,1,success,,-
recovery,recovery,1000,distractors,5,433,14.399999618530273,145.96,True,1.27,0.9165,10.999,13.13,0.53,-101.89,96.75,75.21,-1.63,1.66,1,success,,-
recovery,recovery,1000,distractors,6,1151,38.33333206176758,184.37,True,1.83,0.7007,9.7,36.5,0.53,-102.51,96.75,76.62,-2.51,1.66,0,contact_no_grasp,,-
recovery,recovery,1000,distractors,7,419,13.933333396911621,144.83,True,1.27,0.897,7.728,12.67,0.53,-101.98,96.75,75.21,-2.51,2.65,1,success,,-
recovery,recovery,1000,distractors,8,394,13.100000381469727,149.23,True,0.87,0.9529,8.93,12.23,0.53,-102.24,96.75,75.21,-1.63,1.99,1,success,,-
recovery,recovery,1000,distractors,9,1151,38.33333206176758,181.15,True,1.63,0.6941,11.181,36.7,0.53,-101.89,96.75,75.21,-1.45,1.66,0,contact_no_grasp,,-
recovery,recovery,1000,distractors,10,416,13.833333015441895,147.73,True,1.4,0.9437,7.142,12.43,0.62,-102.15,96.75,75.21,-2.95,2.65,1,success,,-
recovery,recovery,1000,distractors,11,1001,33.33333206176758,144.02,True,18.8,0.8409,7.475,14.53,0.53,-101.89,96.84,75.21,-2.95,1.99,1,success,,-
recovery,recovery,1000,distractors,12,498,16.566667556762695,151.4,True,4.1,0.9199,8.212,12.47,0.53,-101.98,96.75,75.21,-1.63,1.66,1,success,,-
recovery,recovery,1000,distractors,13,586,19.5,152.48,True,5.33,0.8723,8.06,14.17,0.53,-102.07,96.75,76.44,-2.51,1.66,1,success,,-
recovery,recovery,1000,distractors,14,381,12.666666984558105,144.74,True,0.77,0.9188,9.176,11.9,0.53,-101.98,96.75,76.62,-2.51,1.99,1,success,,-
recovery,recovery,1000,distractors,15,601,20.0,139.13,True,1.1,0.8933,8.4,18.9,0.53,-103.12,96.75,76.62,-1.63,1.66,1,success,,-
recovery,recovery,1000,in_distribution,1,1142,38.03333282470703,123.65,True,2.7,0.9701,14.071,35.33,-0.44,-102.42,96.75,75.74,-0.57,2.05,0,deliberate_drop,Failed,-
recovery,recovery,1000,in_distribution,2,489,16.266666412353516,135.96,True,2.3,0.9117,9.895,13.97,-0.09,-102.42,96.66,75.74,-0.92,1.92,1,success,,-
recovery,recovery,1000,in_distribution,3,427,14.199999809265137,135.0,True,1.23,0.9204,8.347,12.97,-0.44,-103.21,97.01,76.79,-0.48,1.26,1,success,,-
recovery,recovery,1000,in_distribution,4,1147,38.20000076293945,167.27,True,6.73,0.8714,7.986,31.47,-0.44,-103.12,96.75,76.7,-1.36,1.26,0,deliberate_drop,Failed,-
recovery,recovery,1000,in_distribution,5,1146,38.16666793823242,188.98,True,0.57,0.71,10.409,37.6,0.44,-102.42,96.75,75.74,-0.84,2.25,0,deliberate_drop,Failed,-
recovery,recovery,1000,in_distribution,6,1148,38.233333587646484,142.5,True,11.6,0.8343,9.824,26.63,-0.44,-102.42,96.75,75.74,-0.57,2.25,0,deliberate_drop,Failed,-
recovery,recovery,1000,in_distribution,7,1146,38.16666793823242,139.75,True,1.27,0.8329,12.207,36.9,-0.35,-102.42,96.75,75.65,-1.45,2.25,0,grasp_drop,,-
recovery,recovery,1000,in_distribution,8,398,13.233333587646484,137.91,True,1.3,0.9495,8.319,11.93,-0.44,-102.42,96.66,75.74,-0.57,2.25,1,success,,-
recovery,recovery,1000,in_distribution,9,459,15.266666412353516,129.67,True,1.17,0.8811,10.048,14.1,0.18,-102.33,96.75,76.79,-0.57,1.59,1,success,,-
recovery,recovery,1000,in_distribution,10,451,15.0,130.46,True,1.07,0.92,10.269,13.93,0.44,-103.21,96.75,76.79,-1.45,1.26,1,success,,-
recovery,recovery,1000,in_distribution,11,499,16.600000381469727,137.36,True,3.23,0.9475,21.227,13.37,-0.44,-103.12,96.66,76.79,-1.45,1.66,1,success,,-
recovery,recovery,1000,in_distribution,12,1144,38.099998474121094,128.3,True,1.27,0.6936,13.583,36.83,-0.44,-103.21,96.84,76.79,-0.48,1.59,0,deliberate_drop,Failed,-
recovery,recovery,1000,in_distribution,13,1143,38.06666564941406,130.98,True,1.37,0.7365,13.734,36.7,-0.44,-102.51,96.66,75.74,-1.45,1.59,0,deliberate_drop,Failed,-
recovery,recovery,1000,in_distribution,14,418,13.899999618530273,139.38,True,1.5,0.8799,10.965,12.4,-0.44,-102.24,96.75,76.53,-0.4,2.25,1,success,,-
recovery,recovery,1000,in_distribution,15,442,14.699999809265137,132.04,True,1.37,0.9256,9.927,13.33,-0.44,-103.21,96.84,76.79,-0.57,1.52,1,success,,-
recovery,recovery,1000,new_positions,1,1151,38.33333206176758,177.21,True,2.43,0.8154,8.612,35.9,0.97,-101.98,96.57,76.97,-1.54,2.25,0,timeout_other,,E1
recovery,recovery,1000,new_positions,2,1151,38.33333206176758,11.06,False,,,,,0.97,-102.07,96.66,76.79,-1.54,2.25,0,no_departure,,E1
recovery,recovery,1000,new_positions,3,1151,38.33333206176758,175.3,True,12.07,0.8966,11.72,26.27,0.53,-102.07,96.75,77.85,-1.36,1.59,0,timeout_other,,E1
recovery,recovery,1000,new_positions,4,1151,38.33333206176758,8.48,False,,,,,1.41,-102.07,96.66,76.79,-1.54,2.19,0,no_departure,,E2
recovery,recovery,1000,new_positions,5,1151,38.33333206176758,8.51,False,,,,,0.0,-103.12,96.75,77.85,-1.36,1.66,0,no_departure,,E2
recovery,recovery,1000,new_positions,6,1151,38.33333206176758,172.92,True,4.1,0.8382,10.429,34.23,0.09,-102.77,96.75,77.76,-1.36,1.52,0,timeout_other,,E2
recovery,recovery,1000,new_positions,7,1151,38.33333206176758,172.09,True,2.2,0.7935,12.332,36.13,0.97,-101.98,96.66,76.79,-1.54,2.25,0,timeout_other,,E3
recovery,recovery,1000,new_positions,8,1151,38.33333206176758,167.29,True,5.63,0.7597,8.57,32.7,-0.09,-102.07,96.57,76.79,-2.42,2.25,0,contact_no_grasp,,E3
recovery,recovery,1000,new_positions,9,1151,38.33333206176758,161.19,True,4.17,0.706,8.386,34.17,-0.35,-101.98,96.66,76.97,-2.33,2.25,0,contact_no_grasp,,E3
recovery,recovery,1000,new_positions,10,1151,38.33333206176758,162.54,True,15.4,0.7516,8.117,22.93,1.05,-101.98,96.57,76.79,-1.54,2.25,0,timeout_other,,E4
recovery,recovery,1000,new_positions,11,1151,38.33333206176758,172.14,True,2.83,0.7405,12.418,35.5,1.05,-101.89,96.66,76.79,-1.54,2.25,0,timeout_other,,E4
recovery,recovery,1000,new_positions,12,1150,38.29999923706055,169.75,True,10.2,0.7699,9.788,28.1,1.05,-101.89,96.66,76.79,-1.54,2.25,0,timeout_other,,E4
recovery,recovery,1000,new_positions,13,1150,38.29999923706055,183.6,True,3.87,0.8885,12.045,34.43,1.05,-101.89,96.57,76.79,-1.63,2.25,0,timeout_other,,E5
recovery,recovery,1000,new_positions,14,1137,37.86666488647461,184.89,True,3.7,0.8303,8.486,34.17,1.05,-101.98,96.57,76.88,-1.45,2.25,0,timeout_other,,E5
recovery,recovery,1000,new_positions,15,1135,37.79999923706055,179.89,True,1.33,0.811,9.19,36.47,0.97,-102.07,96.57,76.79,-1.54,1.92,0,timeout_other,,E5
recovery,recovery,1000,reduced_lighting,1,1151,38.33333206176758,184.72,True,2.3,0.8444,8.513,36.03,1.14,-101.89,96.84,74.33,0.92,2.25,0,deliberate_drop,Failed,-
recovery,recovery,1000,reduced_lighting,2,1150,38.29999923706055,185.98,True,0.97,0.8256,9.293,37.33,1.14,-101.89,96.75,73.1,-0.4,2.65,0,deliberate_drop,Failed,-
recovery,recovery,1000,reduced_lighting,3,1151,38.33333206176758,127.94,True,7.63,0.8786,8.519,30.7,1.76,-101.89,96.75,73.1,0.92,2.65,0,deliberate_drop,Failed,-
recovery,recovery,1000,reduced_lighting,4,1151,38.33333206176758,191.94,True,1.83,0.8525,12.191,36.5,1.14,-101.89,96.75,72.75,0.92,2.65,0,grasp_drop,,-
recovery,recovery,1000,reduced_lighting,5,459,15.266666412353516,139.42,True,2.1,0.9161,9.051,13.17,1.05,-101.89,96.75,73.1,-0.22,2.65,1,success,,-
recovery,recovery,1000,reduced_lighting,6,1151,38.33333206176758,130.68,True,1.03,0.801,9.121,37.3,1.05,-102.77,96.84,74.51,0.57,1.99,0,deliberate_drop,Failed,-
recovery,recovery,1000,reduced_lighting,7,479,15.933333396911621,137.67,True,4.0,0.9776,8.374,11.93,1.14,-101.89,96.75,73.89,0.57,2.65,1,success,,-
recovery,recovery,1000,reduced_lighting,8,410,13.633333206176758,137.4,True,1.3,0.9597,9.856,12.33,1.05,-102.77,96.84,74.51,-0.31,1.99,1,success,,-
recovery,recovery,1000,reduced_lighting,9,1144,38.099998474121094,130.89,True,4.33,0.8094,8.975,33.77,1.05,-102.77,96.66,74.51,0.48,1.99,0,deliberate_drop,Failed,-
recovery,recovery,1000,reduced_lighting,10,1127,37.53333282470703,151.82,True,5.5,0.7906,9.515,32.03,1.14,-101.89,96.66,74.51,0.75,2.65,0,deliberate_drop,Failed,-
recovery,recovery,1000,reduced_lighting,11,502,16.700000762939453,132.93,True,5.3,0.942,7.982,11.4,2.46,-101.89,96.84,73.1,-0.4,2.65,1,success,,-
recovery,recovery,1000,reduced_lighting,12,582,19.366666793823242,129.61,True,4.03,0.8527,7.398,15.33,1.14,-102.42,96.75,73.1,0.92,1.99,1,success,,-
recovery,recovery,1000,reduced_lighting,13,504,16.766666412353516,129.39,True,3.97,0.9547,11.186,12.8,1.05,-102.77,96.84,74.51,0.92,1.99,1,success,,-
recovery,recovery,1000,reduced_lighting,14,1149,38.266666412353516,131.69,True,1.2,0.8592,10.851,37.07,1.14,-103.21,96.84,74.51,-0.4,1.99,0,deliberate_drop,Failed,-
recovery,recovery,1000,reduced_lighting,15,643,21.399999618530273,141.67,True,5.43,0.8816,8.04,15.97,1.32,-101.89,96.84,73.63,0.75,2.65,1,success,,-
