policy,condition,seed,cell,episode,success,failure_mode,frames,duration_s,n_releases,n_kept,nearest_release_deg,max_travel_deg,n_rel_12,n_rel_11,n_rel_10,n_rel_9,n_rel_8
clean-seed2000,clean,2000,different_object,1,1,success,831,27.667,1,1,2.502792741910728,47.26848670377571,1,1,1,1,1
clean-seed2000,clean,2000,different_object,2,1,success,742,24.7,1,1,2.03681400154122,47.36549912026609,1,1,1,1,1
clean-seed2000,clean,2000,different_object,3,0,no_departure,1151,38.333,0,0,,,0,0,0,0,0
clean-seed2000,clean,2000,different_object,4,1,success,1151,38.333,1,1,2.4923338112529585,46.82214491780154,1,1,1,1,1
clean-seed2000,clean,2000,different_object,5,1,success,757,25.2,1,1,2.6767138493303015,46.9625182045695,1,1,1,1,1
clean-seed2000,clean,2000,different_object,6,1,success,464,15.433,1,1,4.359726036997419,44.78746226805917,1,1,1,1,1
clean-seed2000,clean,2000,different_object,7,1,success,1151,38.333,1,1,2.6151760414435508,46.97378403421937,1,1,1,1,1
clean-seed2000,clean,2000,different_object,8,1,success,774,25.767,1,1,2.7193365698572656,47.35354579820142,1,1,1,1,2
clean-seed2000,clean,2000,different_object,9,0,no_departure,1151,38.333,0,0,,,0,0,0,0,0
clean-seed2000,clean,2000,different_object,10,1,success,891,29.667,1,1,3.137619619354826,45.7644613571109,1,1,1,1,1
clean-seed2000,clean,2000,different_object,11,1,success,601,20.0,1,1,3.1442521119670666,46.51442512212815,1,2,2,2,2
clean-seed2000,clean,2000,different_object,12,0,timeout_other,1151,38.333,0,0,,,0,0,0,0,0
clean-seed2000,clean,2000,different_object,13,1,success,1150,38.3,1,1,4.2929542408053685,44.55562354307393,1,1,1,1,1
clean-seed2000,clean,2000,different_object,14,1,success,889,29.6,1,1,1.2703051888046666,48.20581024373129,1,1,1,1,2
clean-seed2000,clean,2000,different_object,15,1,success,1101,36.667,1,1,2.6085417396407387,46.94025430547341,1,1,1,1,1
clean-seed2000,clean,2000,distractors,1,0,grasp_drop,449,14.933,1,0,44.70385607897036,5.090354857130748,1,1,1,1,2
clean-seed2000,clean,2000,distractors,2,1,success,483,16.067,1,1,3.42314788355473,46.9070339483141,1,1,1,1,1
clean-seed2000,clean,2000,distractors,3,0,contact_no_grasp,1149,38.267,8,0,44.13102292543546,5.05238175635651,8,8,8,8,8
clean-seed2000,clean,2000,distractors,4,0,contact_no_grasp,1151,38.333,6,0,44.831906968798336,3.6767709468232965,6,6,6,6,6
clean-seed2000,clean,2000,distractors,5,1,success,510,16.967,1,1,3.534152579876821,45.163772096442706,1,1,1,1,1
clean-seed2000,clean,2000,distractors,6,1,success,677,22.533,1,1,2.7561517886697438,45.82883416661342,1,1,1,1,1
clean-seed2000,clean,2000,distractors,7,1,success,478,15.9,1,1,1.8547931479609723,49.27731421114994,1,1,1,1,1
clean-seed2000,clean,2000,distractors,8,1,success,536,17.833,1,1,3.254771945217673,46.70701888537178,1,1,1,1,1
clean-seed2000,clean,2000,distractors,9,1,success,601,20.0,1,1,5.043560268473282,43.93305935928116,1,1,1,1,1
clean-seed2000,clean,2000,distractors,10,0,contact_no_grasp,1151,38.333,8,0,39.805899592502186,4.7676622003392755,8,8,9,10,9
clean-seed2000,clean,2000,distractors,11,1,success,482,16.033,1,1,4.496153479142546,45.06524719663977,1,1,1,1,1
clean-seed2000,clean,2000,distractors,12,1,success,538,17.9,1,1,4.140461186440728,44.87228797690196,1,1,1,1,1
clean-seed2000,clean,2000,distractors,13,1,success,446,14.833,1,1,2.657359128663156,47.389575828308566,1,2,2,2,2
clean-seed2000,clean,2000,distractors,14,1,success,536,17.833,1,1,3.294270193638429,46.25521153469995,1,1,1,1,1
clean-seed2000,clean,2000,distractors,15,0,contact_no_grasp,1151,38.333,6,0,46.743130454367346,2.6320050067686154,6,6,5,5,5
clean-seed2000,clean,2000,in_distribution,1,1,success,401,13.333,1,1,3.3346712281512545,47.14139649413789,1,1,1,1,1
clean-seed2000,clean,2000,in_distribution,2,1,success,618,20.567,1,1,2.6355439088272483,46.560000441657614,1,1,1,1,1
clean-seed2000,clean,2000,in_distribution,3,1,success,445,14.8,1,1,2.5706192962023273,47.383970955937386,1,1,1,1,1
clean-seed2000,clean,2000,in_distribution,4,1,success,443,14.733,1,1,2.8946941745856627,48.00311757875238,1,1,1,1,1
clean-seed2000,clean,2000,in_distribution,5,1,success,431,14.333,1,1,2.4532064468980757,47.656847550514435,1,1,1,1,1
clean-seed2000,clean,2000,in_distribution,6,1,success,487,16.2,1,1,2.5380520568370777,48.03231067771342,1,1,1,1,1
clean-seed2000,clean,2000,in_distribution,7,1,success,435,14.467,1,1,3.2329350150949843,46.49526579404205,1,1,1,1,2
clean-seed2000,clean,2000,in_distribution,8,1,success,711,23.667,1,1,2.813837829843056,46.603301608646554,1,1,1,1,1
clean-seed2000,clean,2000,in_distribution,9,1,success,601,20.0,1,1,3.8973783420923844,45.09008376471966,1,1,1,1,1
clean-seed2000,clean,2000,in_distribution,10,1,success,651,21.667,1,1,4.3845499407433515,45.29675303056101,1,1,1,1,1
clean-seed2000,clean,2000,in_distribution,11,1,success,620,20.633,1,1,3.1453846652609165,46.7650486727525,1,1,1,1,1
clean-seed2000,clean,2000,in_distribution,12,1,success,429,14.267,1,1,2.8215051794586294,47.558375117237894,1,1,1,1,1
clean-seed2000,clean,2000,in_distribution,13,1,success,508,16.9,1,1,2.7329416829080238,45.872430231664495,1,1,1,1,1
clean-seed2000,clean,2000,in_distribution,14,1,success,580,19.3,1,1,3.086560643222054,46.79716180528586,1,1,1,1,1
clean-seed2000,clean,2000,in_distribution,15,1,success,541,18.0,1,1,1.3376360248813874,48.810463440927975,1,1,1,1,1
clean-seed2000,clean,2000,near_1in,1,1,success,549,18.267,1,1,2.2973501072726243,48.31679684814773,1,1,1,2,2
clean-seed2000,clean,2000,near_1in,2,0,contact_no_grasp,1147,38.2,3,0,48.85669743113618,2.0998714041898126,3,3,4,4,5
clean-seed2000,clean,2000,near_1in,3,1,success,597,19.867,1,1,2.0117169100199312,47.177819118597704,1,1,1,1,1
clean-seed2000,clean,2000,near_1in,4,0,contact_no_grasp,1148,38.233,2,0,49.3600359566783,2.848720707818856,2,2,2,2,2
clean-seed2000,clean,2000,near_1in,5,0,contact_no_grasp,1148,38.233,3,1,29.131256656000886,18.56690750476537,3,3,4,4,4
clean-seed2000,clean,2000,near_1in,6,1,success,513,17.067,1,1,4.310383982711084,45.07713900622522,1,1,1,1,1
clean-seed2000,clean,2000,near_1in,7,0,contact_no_grasp,1150,38.3,1,0,44.30045633565791,4.989093556597858,1,1,1,1,1
clean-seed2000,clean,2000,near_1in,8,0,contact_no_grasp,1148,38.233,4,0,45.900534323218224,2.01157747703342,4,4,4,4,4
clean-seed2000,clean,2000,near_2in,1,0,timeout_other,1131,37.667,0,0,,,0,0,0,0,0
clean-seed2000,clean,2000,near_2in,2,0,timeout_other,1150,38.3,4,0,41.242972223918414,7.6077186945411,4,4,4,4,4
clean-seed2000,clean,2000,near_2in,3,0,timeout_other,1145,38.133,2,0,48.17707137691511,2.093957160231973,2,2,2,3,3
clean-seed2000,clean,2000,near_2in,4,0,timeout_other,1149,38.267,2,2,29.707079610019285,17.007984871109183,2,2,2,2,2
clean-seed2000,clean,2000,near_2in,5,0,timeout_other,1149,38.267,2,0,48.14722516016002,1.7321100012271415,2,2,2,2,2
clean-seed2000,clean,2000,near_2in,6,0,timeout_other,1149,38.267,2,0,48.170259774436914,1.6734723258164976,2,2,2,2,2
clean-seed2000,clean,2000,near_2in,7,0,timeout_other,1149,38.267,3,0,49.39363986223745,4.751916814849814,3,3,3,3,3
clean-seed2000,clean,2000,near_2in,8,0,contact_no_grasp,1146,38.167,0,0,,,0,0,0,0,0
clean-seed2000,clean,2000,new_positions,1,0,timeout_other,1151,38.333,4,0,47.882321668404074,2.794018021887652,4,4,3,3,3
clean-seed2000,clean,2000,new_positions,2,0,timeout_other,1151,38.333,2,0,49.528384757156886,0.6695868557744333,2,1,1,1,1
clean-seed2000,clean,2000,new_positions,3,0,timeout_other,1151,38.333,0,0,,,0,0,0,0,0
clean-seed2000,clean,2000,new_positions,4,0,no_departure,1151,38.333,0,0,,,0,0,0,0,0
clean-seed2000,clean,2000,new_positions,5,0,no_departure,1151,38.333,0,0,,,0,0,0,0,0
clean-seed2000,clean,2000,new_positions,6,0,no_departure,1151,38.333,0,0,,,0,0,0,0,0
clean-seed2000,clean,2000,new_positions,7,0,no_departure,1151,38.333,0,0,,,0,0,0,0,0
clean-seed2000,clean,2000,new_positions,8,0,timeout_other,1151,38.333,1,0,48.15802964621575,0.4037136378755122,1,1,1,1,1
clean-seed2000,clean,2000,new_positions,9,0,timeout_other,1150,38.3,3,0,48.62651592470871,3.615690864149549,3,3,3,3,3
clean-seed2000,clean,2000,new_positions,10,0,timeout_other,1151,38.333,3,0,48.096689040100614,4.00448410743337,3,3,3,3,3
clean-seed2000,clean,2000,new_positions,11,0,timeout_other,1148,38.233,3,0,45.9850325685687,1.8961493097792683,3,3,3,3,3
clean-seed2000,clean,2000,new_positions,12,0,timeout_other,1151,38.333,2,0,47.378098448675544,2.1929361668667866,2,2,2,2,2
clean-seed2000,clean,2000,new_positions,13,0,timeout_other,1151,38.333,2,0,44.73041318727781,1.3535839144011739,2,2,2,2,2
clean-seed2000,clean,2000,new_positions,14,0,timeout_other,1149,38.267,0,0,,,0,0,0,0,0
clean-seed2000,clean,2000,new_positions,15,0,timeout_other,1151,38.333,3,0,47.57186999497715,2.594433546299861,3,3,3,3,4
clean-seed2000,clean,2000,reduced_lighting,1,0,no_departure,1151,38.333,0,0,,,0,0,0,0,0
clean-seed2000,clean,2000,reduced_lighting,2,1,success,575,19.133,1,1,1.970764072384707,47.277646635607624,1,1,1,1,1
clean-seed2000,clean,2000,reduced_lighting,3,0,contact_no_grasp,1151,38.333,5,1,38.811503326974915,10.778525980312075,5,5,5,4,4
clean-seed2000,clean,2000,reduced_lighting,4,1,success,803,26.733,1,1,3.2421872156457248,45.278697308719714,1,1,1,1,1
clean-seed2000,clean,2000,reduced_lighting,5,0,timeout_other,1151,38.333,0,0,,,0,0,0,0,0
clean-seed2000,clean,2000,reduced_lighting,6,0,timeout_other,1150,38.3,0,0,,,0,0,0,0,0
clean-seed2000,clean,2000,reduced_lighting,7,1,success,696,23.167,1,1,4.128187637646004,44.889956531962284,1,1,1,1,1
clean-seed2000,clean,2000,reduced_lighting,8,1,success,889,29.6,1,1,4.25804771803924,44.58340547339406,1,1,1,1,1
clean-seed2000,clean,2000,reduced_lighting,9,1,success,757,25.2,1,1,3.247555084052852,45.12204492524554,1,1,1,1,1
clean-seed2000,clean,2000,reduced_lighting,10,1,success,804,26.767,1,1,1.3543420905610013,48.31788598086801,1,1,1,1,1
clean-seed2000,clean,2000,reduced_lighting,11,0,contact_no_grasp,1151,38.333,6,1,37.75231632892456,11.66875628985393,6,5,5,5,4
clean-seed2000,clean,2000,reduced_lighting,12,1,success,519,17.267,1,1,2.6017952680228866,47.3926623074129,1,1,1,1,1
clean-seed2000,clean,2000,reduced_lighting,13,0,contact_no_grasp,1149,38.267,6,0,45.948119653465696,1.930227223266506,6,6,6,6,6
clean-seed2000,clean,2000,reduced_lighting,14,1,success,651,21.667,1,1,3.8122486892346394,45.626966492532276,1,1,1,2,2
clean-seed2000,clean,2000,reduced_lighting,15,1,success,648,21.567,1,1,2.333061719840291,46.40130548203526,1,1,1,1,1
clean,clean,1000,different_object,1,1,success,604,20.1,1,1,4.894314711173283,44.325628383274676,1,2,1,1,1
clean,clean,1000,different_object,2,1,success,1112,37.033,1,1,5.912503641824291,43.29463400180276,1,1,1,1,1
clean,clean,1000,different_object,3,1,success,701,23.333,1,1,3.231169245103292,45.75660223329541,1,1,1,1,1
clean,clean,1000,different_object,4,1,success,648,21.567,2,1,1.53241890870898,47.43247173661088,2,2,2,2,2
clean,clean,1000,different_object,5,1,success,667,22.2,1,1,1.6901640432845646,46.62115470114454,1,1,1,1,1
clean,clean,1000,different_object,6,1,success,563,18.733,1,1,3.194822606647218,45.838459060420604,1,2,2,2,2
clean,clean,1000,different_object,7,1,success,759,25.267,1,1,2.7537582295519023,46.983056135866335,1,1,1,2,2
clean,clean,1000,different_object,8,1,success,601,20.0,1,1,2.3421890862420263,46.65150568206734,1,1,2,2,2
clean,clean,1000,different_object,9,1,success,435,14.467,1,1,3.033357776269451,45.80284514414346,1,1,1,1,1
clean,clean,1000,different_object,10,1,success,1151,38.333,1,1,4.208000079432448,45.41496735128567,1,1,1,1,1
clean,clean,1000,different_object,11,1,success,501,16.667,1,1,2.34121936009905,46.75646768190146,1,1,1,1,1
clean,clean,1000,different_object,12,1,success,684,22.767,1,1,3.7629174900916986,45.34029481989512,1,1,1,1,1
clean,clean,1000,different_object,13,1,success,451,15.0,1,1,3.2937310548499816,45.584967942750325,1,1,1,1,2
clean,clean,1000,different_object,14,1,success,471,15.667,1,1,1.7062730760776397,47.55191630691992,1,1,1,1,1
clean,clean,1000,different_object,15,1,success,754,25.1,1,1,5.259024009652361,44.90300622350951,1,1,1,1,2
clean,clean,1000,distractors,1,1,success,451,15.0,1,1,3.1849281434458057,45.8764194968609,1,1,1,1,1
clean,clean,1000,distractors,2,1,success,441,14.667,1,1,2.033416341659663,46.897792602906755,1,1,1,1,1
clean,clean,1000,distractors,3,1,success,603,20.067,1,1,1.1113026667862265,47.66124569277858,1,1,1,1,1
clean,clean,1000,distractors,4,1,success,451,15.0,1,1,3.5097900197250347,45.98258641761148,1,1,1,1,1
clean,clean,1000,distractors,5,1,success,478,15.9,1,1,1.8956681904018886,47.34196697858375,1,1,1,1,1
clean,clean,1000,distractors,6,1,success,857,28.533,1,1,2.6122143964882163,46.514600613612984,1,1,1,1,1
clean,clean,1000,distractors,7,1,success,651,21.667,1,1,1.7849891483815448,46.90653642090865,1,1,1,1,1
clean,clean,1000,distractors,8,0,cube_out_of_bounds,408,13.567,0,0,,,0,0,0,0,0
clean,clean,1000,distractors,9,1,success,548,18.233,1,1,2.0697159411610393,47.16500462182397,1,1,1,1,1
clean,clean,1000,distractors,10,0,contact_no_grasp,1149,38.267,6,0,46.85829990737068,2.6105751445231107,6,6,5,5,4
clean,clean,1000,distractors,11,1,success,413,13.733,1,1,2.518635823690712,45.83422374530733,1,1,1,1,1
clean,clean,1000,distractors,12,1,success,490,16.3,1,1,1.324792581058606,48.03748496273006,1,1,1,1,1
clean,clean,1000,distractors,13,1,success,601,20.0,2,1,1.0407297612165642,47.499234486850106,2,2,2,2,2
clean,clean,1000,distractors,14,1,success,455,15.133,1,1,3.5941760952604547,46.26139353886145,1,1,1,1,1
clean,clean,1000,distractors,15,1,success,551,18.333,1,1,1.9267555118847532,48.0690788575712,1,1,1,1,1
clean,clean,1000,in_distribution,1,1,success,472,15.7,1,1,3.5474627948654422,46.120757919461525,1,1,1,1,1
clean,clean,1000,in_distribution,2,1,success,451,15.0,1,1,2.621578766854004,46.340737400291495,1,1,1,1,1
clean,clean,1000,in_distribution,3,1,success,472,15.7,1,1,2.4054148689261687,47.989130726492355,1,1,1,1,2
clean,clean,1000,in_distribution,4,1,success,419,13.933,1,1,1.5530672006302915,47.194071077445436,1,1,1,1,1
clean,clean,1000,in_distribution,5,1,success,451,15.0,1,1,2.002761416721892,47.73994186398626,1,1,1,1,1
clean,clean,1000,in_distribution,6,1,success,801,26.667,2,1,3.5861143421016557,42.50784416282965,2,2,2,2,3
clean,clean,1000,in_distribution,7,1,success,460,15.3,1,1,2.53450604332917,45.47516635815413,1,1,1,1,1
clean,clean,1000,in_distribution,8,1,success,451,15.0,1,1,1.8281781455554302,47.09029228824099,1,1,1,1,1
clean,clean,1000,in_distribution,9,1,success_after_missed_grasp,458,15.233,1,1,1.2643258139864848,46.86555644541495,1,1,1,1,1
clean,clean,1000,in_distribution,10,1,success,611,20.333,2,1,1.8598172701607005,47.63259896936825,2,2,2,2,2
clean,clean,1000,in_distribution,11,1,success,451,15.0,1,1,2.502300642076978,47.69748739818186,1,1,1,1,1
clean,clean,1000,in_distribution,12,1,success,601,20.0,1,1,1.0794247290263392,47.941755262350455,1,1,1,1,1
clean,clean,1000,in_distribution,13,1,success,554,18.433,1,1,3.4795493994267126,45.796480411734876,1,1,1,1,1
clean,clean,1000,in_distribution,14,1,success,474,15.767,1,1,1.9877071420283663,46.78712622522036,1,1,1,1,1
clean,clean,1000,in_distribution,15,1,success,426,14.167,1,1,3.109928148562954,45.66193452777762,1,1,1,1,1
clean,clean,1000,near_1in,1,0,contact_no_grasp,1148,38.233,2,0,49.17560526126513,0.8532884473898079,2,2,2,2,2
clean,clean,1000,near_1in,2,0,contact_no_grasp,1149,38.267,3,0,46.10118441204895,2.63747599903796,3,3,3,3,3
clean,clean,1000,near_1in,3,0,contact_no_grasp,1151,38.333,2,0,51.54840753574895,3.728280411406814,2,2,2,2,2
clean,clean,1000,near_1in,4,0,contact_no_grasp,1146,38.167,4,0,47.25010002537395,2.295674671496208,4,4,4,5,5
clean,clean,1000,near_1in,5,0,timeout_other,1151,38.333,0,0,,,0,0,0,0,0
clean,clean,1000,near_1in,6,0,contact_no_grasp,1151,38.333,2,0,49.475051628483584,2.2431267315282355,2,2,2,2,2
clean,clean,1000,near_1in,7,0,no_departure,1147,38.2,0,0,,,0,0,0,0,0
clean,clean,1000,near_1in,8,0,contact_no_grasp,1146,38.167,1,1,29.812620890057527,20.201777583788555,1,1,1,1,1
clean,clean,1000,near_2in,1,0,no_departure,1148,38.233,0,0,,,0,0,0,0,0
clean,clean,1000,near_2in,2,0,timeout_other,1142,38.033,0,0,,,0,0,0,0,0
clean,clean,1000,near_2in,3,0,timeout_other,1148,38.233,2,0,46.505855111733496,3.40767013295595,2,2,2,2,2
clean,clean,1000,near_2in,4,0,timeout_other,1147,38.2,2,0,46.91979610387443,2.0703363682119402,2,2,2,2,2
clean,clean,1000,near_2in,5,0,timeout_other,1147,38.2,2,1,36.24629001749457,12.532263045556332,2,2,2,2,2
clean,clean,1000,near_2in,6,0,timeout_other,1151,38.333,3,0,44.85110067150518,5.308411168389853,3,3,3,3,3
clean,clean,1000,near_2in,7,0,timeout_other,1151,38.333,3,0,50.09029039967761,5.233438311365475,3,3,3,3,3
clean,clean,1000,near_2in,8,0,timeout_other,1148,38.233,3,0,44.9688011821093,3.7377081034423796,3,3,4,3,3
clean,clean,1000,new_positions,1,0,timeout_other,1146,38.167,2,0,46.36326375733252,2.000734997975826,2,2,2,2,2
clean,clean,1000,new_positions,2,0,timeout_other,1148,38.233,2,0,48.21978093858921,1.425421444175953,2,2,3,2,1
clean,clean,1000,new_positions,3,0,timeout_other,1144,38.1,2,0,46.980724214540686,1.5025906585465592,2,2,2,2,2
clean,clean,1000,new_positions,4,0,no_departure,1140,37.967,0,0,,,0,0,0,0,0
clean,clean,1000,new_positions,5,0,timeout_other,1143,38.067,2,0,49.879798314171865,1.0232130528507355,2,2,2,2,2
clean,clean,1000,new_positions,6,0,no_departure,1143,38.067,0,0,,,0,0,0,0,0
clean,clean,1000,new_positions,7,0,timeout_other,1139,37.933,2,0,47.29120483501666,2.3126267870926966,2,2,2,2,2
clean,clean,1000,new_positions,8,0,timeout_other,1143,38.067,3,0,48.803373348415704,2.394894300476203,3,2,2,2,2
clean,clean,1000,new_positions,9,0,timeout_other,1146,38.167,0,0,,,0,0,0,0,0
clean,clean,1000,new_positions,10,0,timeout_other,1148,38.233,4,0,47.59953251871998,2.9929801359210018,4,3,3,3,3
clean,clean,1000,new_positions,11,0,timeout_other,1145,38.133,3,1,37.72559096589453,10.58016632673696,3,3,3,3,3
clean,clean,1000,new_positions,12,0,timeout_other,1144,38.1,2,0,44.36009449345114,2.372663871405571,2,2,2,2,3
clean,clean,1000,new_positions,13,0,timeout_other,1080,35.967,1,0,47.597958522928195,1.3790030418430774,1,1,1,1,1
clean,clean,1000,new_positions,14,0,timeout_other,1068,35.567,1,0,47.6723940503547,0.0679767171085146,1,1,1,1,1
clean,clean,1000,new_positions,15,0,timeout_other,1062,35.367,5,0,45.002153610179874,5.099795213500279,5,4,2,1,1
clean,clean,1000,reduced_lighting,1,1,success,746,24.833,1,1,2.010213472660201,47.11555220691315,1,1,1,1,1
clean,clean,1000,reduced_lighting,2,1,success,593,19.733,1,1,3.4403840420699616,45.06161072360359,1,1,1,1,1
clean,clean,1000,reduced_lighting,3,1,success,539,17.933,1,1,2.1631244500454123,46.464223702323316,1,1,1,1,1
clean,clean,1000,reduced_lighting,4,1,success,621,20.667,1,1,4.0493612047176235,44.80419728078783,1,1,1,1,1
clean,clean,1000,reduced_lighting,5,1,success,504,16.767,1,1,3.857807726049021,44.71845069394733,1,1,1,1,1
clean,clean,1000,reduced_lighting,6,0,timeout_other,1151,38.333,0,0,,,0,0,0,0,0
clean,clean,1000,reduced_lighting,7,1,success,604,20.1,1,1,3.4062084322921997,45.88228127429233,1,1,2,2,2
clean,clean,1000,reduced_lighting,8,1,success,514,17.1,1,1,5.171817406025692,43.82230794963821,1,1,1,1,1
clean,clean,1000,reduced_lighting,9,1,success,633,21.067,2,1,2.9643118275368714,45.69933049676154,2,2,2,2,2
clean,clean,1000,reduced_lighting,10,0,contact_no_grasp,1151,38.333,4,0,39.700271810540045,9.90282347100925,4,4,5,5,5
clean,clean,1000,reduced_lighting,11,1,success,621,20.667,1,1,2.302674555106183,45.83757436623419,1,1,1,1,1
clean,clean,1000,reduced_lighting,12,1,success,613,20.4,1,1,3.6611740402731634,44.64728980144396,1,1,1,1,1
clean,clean,1000,reduced_lighting,13,1,success,784,26.1,1,1,3.7063350551631906,45.58347897891511,1,1,1,1,1
clean,clean,1000,reduced_lighting,14,0,contact_no_grasp,1151,38.333,5,0,40.90200583782253,9.053197729918809,5,6,6,6,6
clean,clean,1000,reduced_lighting,15,1,success,1061,35.333,1,1,2.0142732962886463,47.01347224764948,1,1,1,1,1
color-seed2000,color,2000,different_object,1,1,success,400,13.3,1,1,1.2459028264604406,48.48736552544988,1,1,1,1,1
color-seed2000,color,2000,different_object,2,1,success,372,12.367,1,1,2.508515211668641,48.11590613697182,1,1,1,1,1
color-seed2000,color,2000,different_object,3,1,success,368,12.233,1,1,1.9259685139888667,47.41836185939242,1,1,1,1,1
color-seed2000,color,2000,different_object,4,1,success,401,13.333,1,1,2.9601036502820754,46.87119750159743,1,1,1,1,1
color-seed2000,color,2000,different_object,5,1,success,413,13.733,1,1,2.221993701848408,48.60856681979779,1,1,1,1,1
color-seed2000,color,2000,different_object,6,1,success,399,13.267,1,1,2.66010186156009,47.719056568100896,1,1,1,1,1
color-seed2000,color,2000,different_object,7,1,success,401,13.333,1,1,2.106978030043134,48.11886235435546,1,1,1,1,1
color-seed2000,color,2000,different_object,8,1,success,383,12.733,1,1,2.998512765982543,47.0952494703898,1,1,1,1,1
color-seed2000,color,2000,different_object,9,1,success,399,13.267,1,1,2.1194560173717356,47.666678692046055,1,1,1,1,1
color-seed2000,color,2000,different_object,10,1,success,382,12.7,1,1,1.9622789686336368,48.34972773481659,1,1,1,1,1
color-seed2000,color,2000,different_object,11,1,success,344,11.433,1,1,2.0613104417948414,47.98667927327642,1,1,1,1,1
color-seed2000,color,2000,different_object,12,1,success,401,13.333,1,1,1.7158093195471302,48.26657371805611,1,1,1,1,1
color-seed2000,color,2000,different_object,13,1,success,412,13.7,1,1,1.5753347181075092,48.59472832116411,1,1,1,1,1
color-seed2000,color,2000,different_object,14,1,success,362,12.033,1,1,0.9514570619643656,49.41968665349252,1,1,1,1,1
color-seed2000,color,2000,different_object,15,1,success,373,12.4,1,1,2.718290857710546,47.36485143004372,1,1,1,1,1
color-seed2000,color,2000,distractors,1,1,success,446,14.833,1,1,3.0721214933207115,47.25533207917571,1,1,1,1,1
color-seed2000,color,2000,distractors,2,1,success,406,13.5,1,1,2.049729812986609,48.08367902543284,1,1,1,1,1
color-seed2000,color,2000,distractors,3,1,success,403,13.4,1,1,2.68383482339517,48.31392747191123,1,1,1,1,1
color-seed2000,color,2000,distractors,4,1,success,410,13.633,1,1,4.64650445187792,45.461076382031884,1,1,1,1,1
color-seed2000,color,2000,distractors,5,1,success,408,13.567,1,1,4.125084875826584,45.448006789388444,1,1,1,1,1
color-seed2000,color,2000,distractors,6,1,success,440,14.633,1,1,3.5461040927509337,46.53322442129177,1,1,1,1,1
color-seed2000,color,2000,distractors,7,1,success,518,17.233,1,1,2.6920557853237135,47.926990458147365,1,1,1,1,1
color-seed2000,color,2000,distractors,8,1,success,479,15.933,1,1,2.220065104705842,47.421506232594844,1,1,1,1,1
color-seed2000,color,2000,distractors,9,1,success,503,16.733,1,1,2.2463562620002016,47.242678600362275,1,1,1,1,1
color-seed2000,color,2000,distractors,10,1,success,404,13.433,1,1,3.5428475497334624,47.113258153276405,1,1,1,1,1
color-seed2000,color,2000,distractors,11,1,success,462,15.367,1,1,2.871507588301288,46.909472737196076,1,1,1,1,1
color-seed2000,color,2000,distractors,12,1,success,411,13.667,1,1,2.6071124790941873,47.69060161889049,1,1,1,1,1
color-seed2000,color,2000,distractors,13,1,success,424,14.1,1,1,3.2885531514522093,46.71773291189925,1,1,1,1,1
color-seed2000,color,2000,distractors,14,1,success,439,14.6,1,1,4.111032892706209,45.8340482538225,1,1,1,1,2
color-seed2000,color,2000,distractors,15,1,success,401,13.333,1,1,1.3523881647505185,47.68723290605797,1,1,1,1,1
color-seed2000,color,2000,in_distribution,1,0,timeout_other,1148,38.233,8,2,19.505287058877578,33.96534022269603,8,7,7,7,7
color-seed2000,color,2000,in_distribution,2,1,success,401,13.333,1,1,2.2151784809890778,47.798152570423504,1,1,1,1,1
color-seed2000,color,2000,in_distribution,3,1,success,429,14.267,1,1,1.002045648550169,49.87641138412072,1,1,1,1,1
color-seed2000,color,2000,in_distribution,4,1,success,620,20.633,2,1,1.2128778618821876,47.05324006546446,2,2,2,2,2
color-seed2000,color,2000,in_distribution,5,1,success,385,12.8,1,1,2.5373066703241953,46.85753992202028,1,1,1,1,1
color-seed2000,color,2000,in_distribution,6,0,contact_no_grasp,1151,38.333,6,0,45.57011461352252,3.0638805049829685,6,4,4,4,4
color-seed2000,color,2000,in_distribution,7,1,success,406,13.5,1,1,1.9262308466208289,46.77983518724236,1,1,1,1,1
color-seed2000,color,2000,in_distribution,8,1,success,370,12.3,1,1,3.015294817665893,47.859051734040726,1,1,1,1,1
color-seed2000,color,2000,in_distribution,9,0,contact_no_grasp,1150,38.3,11,2,25.230010615941772,23.821721176510565,11,11,11,11,11
color-seed2000,color,2000,in_distribution,10,1,success,384,12.767,1,1,2.6608617215974952,46.746133585392705,1,1,1,1,1
color-seed2000,color,2000,in_distribution,11,1,success,370,12.3,1,1,2.8975002291523815,46.55418208479974,1,1,1,1,1
color-seed2000,color,2000,in_distribution,12,1,success,389,12.933,1,1,2.4915413857853714,46.817991016263704,1,1,1,1,1
color-seed2000,color,2000,in_distribution,13,1,success,374,12.433,1,1,2.9966529180814554,46.77083627337076,1,1,1,1,1
color-seed2000,color,2000,in_distribution,14,1,success,401,13.333,1,1,1.8798612924332154,48.20539774828241,1,1,1,1,1
color-seed2000,color,2000,in_distribution,15,1,success,347,11.533,1,1,2.750635566636266,47.22997265502246,1,1,1,1,1
color-seed2000,color,2000,new_positions,1,0,timeout_other,1151,38.333,8,0,47.99543407173471,1.4423120472932212,8,8,8,8,9
color-seed2000,color,2000,new_positions,2,0,timeout_other,1151,38.333,9,0,47.88495765905766,1.7802724632649287,9,7,7,7,6
color-seed2000,color,2000,new_positions,3,0,timeout_other,1151,38.333,9,0,47.87761234536271,1.568613449844591,9,8,8,8,6
color-seed2000,color,2000,new_positions,4,0,timeout_other,1150,38.3,9,0,48.933537372823906,1.851914600458656,9,9,9,9,8
color-seed2000,color,2000,new_positions,5,0,timeout_other,1151,38.333,7,0,48.566486981753386,2.396412211360456,7,7,7,8,7
color-seed2000,color,2000,new_positions,6,0,timeout_other,1151,38.333,9,0,47.06389994158796,2.337381941597151,9,9,9,10,11
color-seed2000,color,2000,new_positions,7,0,timeout_other,1151,38.333,2,0,47.425812231453136,0.7904769693451144,2,1,1,1,1
color-seed2000,color,2000,new_positions,8,0,timeout_other,1151,38.333,3,0,47.563413838275125,0.587445985730497,3,3,3,3,2
color-seed2000,color,2000,new_positions,9,0,timeout_other,1149,38.267,6,0,46.450177272087615,1.55714680004197,6,6,5,3,3
color-seed2000,color,2000,new_positions,10,0,timeout_other,1147,38.2,9,0,46.18713362823276,2.8584885276806986,9,9,9,9,9
color-seed2000,color,2000,new_positions,11,0,timeout_other,1149,38.267,5,0,45.353467661713765,2.2101687070008893,5,5,6,6,5
color-seed2000,color,2000,new_positions,12,0,timeout_other,1147,38.2,8,0,39.73447636736685,6.880604101767807,8,8,7,7,7
color-seed2000,color,2000,new_positions,13,0,timeout_other,1151,38.333,8,0,47.16685373989465,2.3663941215016635,8,8,8,8,8
color-seed2000,color,2000,new_positions,14,0,timeout_other,1145,38.133,7,0,47.730854425089944,2.976834919316616,7,7,7,7,7
color-seed2000,color,2000,new_positions,15,0,timeout_other,1123,37.4,9,0,48.57401864207655,2.756006928111539,9,9,9,9,9
color-seed2000,color,2000,reduced_lighting,1,0,contact_no_grasp,1151,38.333,9,0,47.397606950540734,2.0226081119098183,9,9,9,9,9
color-seed2000,color,2000,reduced_lighting,2,1,success,351,11.667,1,1,2.4909986286157952,46.60153402946429,1,1,1,1,1
color-seed2000,color,2000,reduced_lighting,3,1,success,376,12.5,1,1,2.5852067997300203,46.879733262684326,1,1,1,1,1
color-seed2000,color,2000,reduced_lighting,4,1,success,401,13.333,1,1,4.111809035458702,45.902594865959074,1,1,1,1,1
color-seed2000,color,2000,reduced_lighting,5,1,success,460,15.3,1,1,2.104481347063075,48.149714481064834,1,1,1,1,1
color-seed2000,color,2000,reduced_lighting,6,1,success,383,12.733,1,1,1.4766361360103168,48.60726058420966,1,1,1,1,1
color-seed2000,color,2000,reduced_lighting,7,1,success,385,12.8,1,1,2.2888849046177704,47.89121371471935,1,1,1,1,1
color-seed2000,color,2000,reduced_lighting,8,1,success,432,14.367,1,1,1.6076251513162738,48.49029279578448,1,1,1,1,1
color-seed2000,color,2000,reduced_lighting,9,1,success,359,11.933,1,1,3.6224989735596047,46.91679091303255,1,1,1,1,1
color-seed2000,color,2000,reduced_lighting,10,1,success,369,12.267,1,1,1.5718321251731702,47.907588698525515,1,1,1,1,1
color-seed2000,color,2000,reduced_lighting,11,1,success,380,12.633,1,1,2.0652092474629775,46.19321419240962,1,1,1,1,1
color-seed2000,color,2000,reduced_lighting,12,1,success,354,11.767,1,1,3.2401934876428093,46.31628980818313,1,1,1,1,1
color-seed2000,color,2000,reduced_lighting,13,1,success,437,14.533,1,1,1.3768954601475265,48.84464085989631,1,1,1,1,1
color-seed2000,color,2000,reduced_lighting,14,1,success,350,11.633,1,1,1.553577392369693,49.11366749695048,1,1,1,1,1
color-seed2000,color,2000,reduced_lighting,15,1,success,426,14.167,1,1,2.799765945626465,46.72988162654497,1,1,1,1,1
color-slowpace,color-slowpace,1000,different_object,1,1,success,688,22.9,1,1,3.0398563887798637,46.846648594817424,1,1,1,1,1
color-slowpace,color-slowpace,1000,different_object,2,1,success,619,20.6,1,1,3.824355792497361,47.24600208343066,1,1,1,1,1
color-slowpace,color-slowpace,1000,different_object,3,1,success,589,19.6,1,1,1.602767474648548,48.770149247562294,1,1,1,2,2
color-slowpace,color-slowpace,1000,different_object,4,1,success,1151,38.333,1,1,3.296187935637608,47.784612588233095,1,1,1,1,2
color-slowpace,color-slowpace,1000,different_object,5,1,success,555,18.467,1,1,3.523688221647358,46.802140697721455,1,1,1,2,2
color-slowpace,color-slowpace,1000,different_object,6,1,success,521,17.333,1,1,2.76094433447712,48.52238964560275,1,1,1,1,1
color-slowpace,color-slowpace,1000,different_object,7,1,success,590,19.633,1,1,2.8910197085476206,47.45246510154757,1,1,1,1,1
color-slowpace,color-slowpace,1000,different_object,8,0,timeout_other,1151,38.333,0,0,,,0,0,0,0,0
color-slowpace,color-slowpace,1000,different_object,9,1,success,656,21.833,1,1,1.6143824780775198,47.1040348997747,1,1,2,2,2
color-slowpace,color-slowpace,1000,different_object,10,1,success,598,19.9,1,1,1.3912477689017386,48.634032986194384,1,1,1,1,1
color-slowpace,color-slowpace,1000,different_object,11,1,success,545,18.133,1,1,3.2106421689498497,46.5247809289237,1,1,1,1,1
color-slowpace,color-slowpace,1000,different_object,12,1,success,711,23.667,1,1,3.445393690745167,46.41748688245095,1,1,1,1,1
color-slowpace,color-slowpace,1000,different_object,13,1,success,576,19.167,2,1,1.5671770778487577,48.98918071253606,2,2,2,2,2
color-slowpace,color-slowpace,1000,different_object,14,1,success,795,26.467,1,1,2.272352521232424,50.125920473356864,1,2,2,2,2
color-slowpace,color-slowpace,1000,different_object,15,1,success,693,23.067,1,1,3.030468498936731,47.52613895974609,1,1,1,1,1
color-slowpace,color-slowpace,1000,in_distribution,1,1,success,755,25.133,1,1,2.720056627702238,47.482736478085506,1,1,1,1,1
color-slowpace,color-slowpace,1000,in_distribution,2,1,success,842,28.033,1,1,2.1899873115583937,47.723226752353824,1,1,1,1,1
color-slowpace,color-slowpace,1000,in_distribution,3,1,success,600,19.967,1,1,3.120213396926456,46.219376897173845,1,1,1,1,1
color-slowpace,color-slowpace,1000,in_distribution,4,0,no_departure,1147,38.2,0,0,,,0,0,0,0,0
color-slowpace,color-slowpace,1000,in_distribution,5,1,success,602,20.033,1,1,4.1880157604485895,45.992084668079094,1,1,1,1,2
color-slowpace,color-slowpace,1000,in_distribution,6,1,success,547,18.2,1,1,2.2906126816075947,47.5313150539533,1,1,1,1,1
color-slowpace,color-slowpace,1000,in_distribution,7,1,success,542,18.033,1,1,2.7816867043078197,47.03797773385593,1,1,1,1,1
color-slowpace,color-slowpace,1000,in_distribution,8,0,contact_no_grasp,1151,38.333,6,0,49.5447000376744,3.294689800536588,6,7,8,7,7
color-slowpace,color-slowpace,1000,in_distribution,9,1,success,641,21.333,1,1,3.243952985637417,47.60780039429023,1,1,1,1,1
color-slowpace,color-slowpace,1000,in_distribution,10,0,timeout_other,1149,38.267,0,0,,,0,0,0,0,0
color-slowpace,color-slowpace,1000,in_distribution,11,1,success,872,29.033,1,1,3.0607362570935344,46.295722929837254,1,1,1,1,1
color-slowpace,color-slowpace,1000,in_distribution,12,1,success,810,26.967,1,1,3.448096621449668,46.62665283127236,1,1,1,1,1
color-slowpace,color-slowpace,1000,in_distribution,13,0,no_departure,1149,38.267,0,0,,,0,0,0,0,0
color-slowpace,color-slowpace,1000,in_distribution,14,1,success,636,21.167,1,1,2.402874765372541,47.64609914936623,1,1,1,1,1
color-slowpace,color-slowpace,1000,in_distribution,15,0,timeout_other,1150,38.3,0,0,,,0,0,0,0,0
color,color,1000,different_object,1,1,success,401,13.333,1,1,0.9322760235914807,47.08932979886027,1,1,1,1,1
color,color,1000,different_object,2,1,success,392,13.033,1,1,2.134389076297392,46.503177384383925,1,1,1,1,1
color,color,1000,different_object,3,1,success,401,13.333,1,1,1.5298878511081817,48.96201571619868,1,1,1,1,1
color,color,1000,different_object,4,1,success,389,12.933,1,1,1.221572831738822,49.30858064249877,1,1,1,1,1
color,color,1000,different_object,5,1,success,385,12.8,1,1,1.6729948248202469,48.08204713554298,1,1,1,1,1
color,color,1000,different_object,6,1,success,401,13.333,1,1,1.5109130604597318,46.697886091398345,1,1,1,1,1
color,color,1000,different_object,7,1,success,353,11.733,1,1,1.3108129655608387,47.746556264692856,1,1,1,1,1
color,color,1000,different_object,8,1,success,401,13.333,1,1,3.101063114793181,47.293970962077964,1,1,1,1,1
color,color,1000,different_object,9,1,success,413,13.733,1,1,2.53321609045614,47.00423632981383,1,1,1,1,1
color,color,1000,different_object,10,1,success,384,12.767,1,1,1.1260403331308346,46.798243701243884,1,1,1,1,1
color,color,1000,different_object,11,1,success,400,13.3,1,1,1.5382354563762881,47.764946686788726,1,1,1,1,1
color,color,1000,different_object,12,1,success,392,13.033,1,1,2.4952158518234206,47.59481945198449,1,1,1,1,1
color,color,1000,different_object,13,1,success,401,13.333,1,1,1.5057785776355281,48.43208389853779,1,1,1,1,1
color,color,1000,different_object,14,1,success,340,11.3,1,1,2.9078162337554936,47.51984116738842,1,1,1,1,1
color,color,1000,different_object,15,1,success,401,13.333,1,1,1.311905716662256,49.06372298220591,1,1,1,1,1
color,color,1000,distractors,1,1,success,403,13.4,1,1,3.7270973260901137,46.56936843040453,1,1,1,1,1
color,color,1000,distractors,2,1,success,358,11.9,1,1,2.6262898990859433,47.35998470742317,1,1,1,1,1
color,color,1000,distractors,3,1,success,403,13.4,1,1,1.4986576035706598,48.11572340872473,1,1,1,1,1
color,color,1000,distractors,4,1,success,371,12.333,1,1,2.2449613760743894,48.66867536713798,1,1,1,1,1
color,color,1000,distractors,5,1,success,418,13.9,1,1,3.792231804820606,45.85717151843709,1,1,1,1,1
color,color,1000,distractors,6,1,success,441,14.667,1,1,4.327321624783043,46.29742175977804,1,1,1,1,1
color,color,1000,distractors,7,1,success,385,12.8,1,1,2.487114296472182,48.97745173010148,1,1,1,1,1
color,color,1000,distractors,8,1,success,434,14.433,1,1,4.033827494524299,46.291478568771154,1,1,1,1,1
color,color,1000,distractors,9,1,success,418,13.9,1,1,2.719966168173979,47.390634204789244,1,1,1,1,1
color,color,1000,distractors,10,1,success,414,13.767,1,1,3.63205330893474,46.98034235001844,1,1,1,1,1
color,color,1000,distractors,11,0,contact_no_grasp,1151,38.333,11,0,44.797130707752906,4.537113428227052,11,11,11,11,10
color,color,1000,distractors,12,1,success,429,14.267,1,1,3.4316854538321913,47.37764602572124,1,1,1,1,1
color,color,1000,distractors,13,1,success,394,13.1,1,1,4.5801795257554865,46.33753694218154,1,1,1,1,1
color,color,1000,distractors,14,0,contact_no_grasp,1151,38.333,10,1,38.06551616282012,11.195974992959044,10,9,8,8,8
color,color,1000,distractors,15,1,success,475,15.8,1,1,2.1131546066329285,47.707821494690634,1,1,1,1,1
color,color,1000,in_distribution,1,1,success,355,11.8,1,1,2.5921323812138333,46.677813122076785,1,1,1,1,1
color,color,1000,in_distribution,2,1,success,464,15.433,1,1,2.05036664806558,47.72311458253878,1,1,1,1,1
color,color,1000,in_distribution,3,1,success,431,14.333,1,1,1.9832384413321726,46.9573204000755,1,1,1,1,1
color,color,1000,in_distribution,4,1,success,635,21.133,3,1,1.748407315151983,46.780320050313854,3,3,3,3,3
color,color,1000,in_distribution,5,1,success,405,13.467,1,1,2.0440181983720827,47.57899988968186,1,1,1,1,1
color,color,1000,in_distribution,6,1,success,351,11.667,1,1,2.1519545074954998,48.2734486422041,1,1,1,1,1
color,color,1000,in_distribution,7,1,success,380,12.633,1,1,1.9974369688883336,47.17208398450583,1,1,1,1,1
color,color,1000,in_distribution,8,0,contact_no_grasp,1146,38.167,8,2,14.676865002594614,34.38065981804769,8,8,8,8,8
color,color,1000,in_distribution,9,1,success,425,14.133,1,1,1.8285942593854365,47.001489978535766,1,1,1,1,1
color,color,1000,in_distribution,10,1,success,446,14.833,1,1,1.5554046748406058,48.137748494666205,1,1,1,1,1
color,color,1000,in_distribution,11,0,grasp_drop,1148,38.233,5,0,48.5746518587744,3.757241933975493,5,5,5,5,5
color,color,1000,in_distribution,12,1,success,400,13.3,1,1,1.6077481762747148,48.89607795685721,1,1,1,1,1
color,color,1000,in_distribution,13,1,success,343,11.4,1,1,2.5461952235713134,48.24062087939746,1,1,1,1,1
color,color,1000,in_distribution,14,1,success,401,13.333,1,1,2.5179031015117808,47.31492319801424,1,1,1,1,1
color,color,1000,in_distribution,15,1,success,395,13.133,1,1,3.2350770967242504,46.716256612398,1,1,1,1,1
color,color,1000,new_positions,1,0,timeout_other,1149,38.267,8,0,46.809833501317925,3.3552542638992335,8,8,7,5,5
color,color,1000,new_positions,2,0,timeout_other,1149,38.267,6,0,48.82842521017287,0.7540923378871653,6,5,5,5,5
color,color,1000,new_positions,3,0,timeout_other,1151,38.333,9,0,48.757137674329925,2.1795879588763043,9,8,7,7,7
color,color,1000,new_positions,4,0,timeout_other,1150,38.3,3,0,45.95346762077661,3.3825115289554404,3,3,3,3,3
color,color,1000,new_positions,5,0,timeout_other,1151,38.333,7,0,48.807536295906374,1.1349179059215828,7,7,6,6,6
color,color,1000,new_positions,6,0,timeout_other,1151,38.333,5,0,49.0378191170055,0.7874103913369979,5,4,3,3,2
color,color,1000,new_positions,7,0,timeout_other,1151,38.333,2,0,47.919809906106835,1.1418434874054029,2,1,1,1,1
color,color,1000,new_positions,8,0,timeout_other,1151,38.333,8,0,46.61952474575821,1.6390778039803422,8,4,3,3,3
color,color,1000,new_positions,9,0,timeout_other,1151,38.333,5,0,46.66352245111477,2.0557796209238646,5,5,5,4,4
color,color,1000,new_positions,10,0,timeout_other,1151,38.333,7,0,46.728170257583216,4.213865349932043,7,8,8,7,6
color,color,1000,new_positions,11,0,timeout_other,1151,38.333,7,0,46.403565286364255,1.5255782338687496,7,8,7,7,7
color,color,1000,new_positions,12,0,timeout_other,1151,38.333,9,0,48.43408498861595,2.0965370659780334,9,9,9,9,9
color,color,1000,new_positions,13,0,timeout_other,1151,38.333,8,0,45.19801296239379,2.4835627300795977,8,8,7,6,6
color,color,1000,new_positions,14,0,timeout_other,1150,38.3,8,0,39.77300398504935,2.6142098083687184,8,8,8,7,7
color,color,1000,new_positions,15,0,timeout_other,1115,37.133,7,1,46.76219027697236,12.793723195368942,7,7,7,7,6
color,color,1000,reduced_lighting,1,1,success,332,11.033,1,1,2.8655336410547996,45.94285116522668,1,1,1,1,1
color,color,1000,reduced_lighting,2,0,contact_no_grasp,1151,38.333,11,0,47.793249789304625,2.2488347277616256,11,10,10,9,9
color,color,1000,reduced_lighting,3,1,success,390,12.967,1,1,1.9744946233302691,48.57514021491404,1,1,1,1,1
color,color,1000,reduced_lighting,4,1,success,383,12.733,1,1,2.888640622954302,46.2320032381288,1,1,1,1,1
color,color,1000,reduced_lighting,5,0,contact_no_grasp,1151,38.333,7,0,40.54079551389667,1.267312662296753,7,6,6,8,8
color,color,1000,reduced_lighting,6,1,success,379,12.6,1,1,2.7490651892256217,47.57102859605132,1,1,1,1,1
color,color,1000,reduced_lighting,7,1,success,438,14.567,1,1,3.6507730037134856,45.460671123345264,1,1,1,1,1
color,color,1000,reduced_lighting,8,1,success,337,11.2,1,1,1.9495549313881604,48.25119197987027,1,1,1,1,1
color,color,1000,reduced_lighting,9,1,success,351,11.667,1,1,2.469462024126937,46.41808391533749,1,1,1,1,1
color,color,1000,reduced_lighting,10,1,success,351,11.667,1,1,1.2552563416828342,49.567117592655556,1,1,1,1,1
color,color,1000,reduced_lighting,11,0,contact_no_grasp,1151,38.333,8,1,41.41755006751318,10.463875175583178,8,8,10,9,10
color,color,1000,reduced_lighting,12,1,success,379,12.6,1,1,2.1982842594906806,47.388246073243096,1,1,1,1,1
color,color,1000,reduced_lighting,13,1,success_after_missed_grasp,566,18.833,4,1,2.912331973406385,46.60224323216587,4,3,3,3,3
color,color,1000,reduced_lighting,14,1,success,405,13.467,1,1,1.6917380390763448,47.587452428002756,1,1,1,1,1
color,color,1000,reduced_lighting,15,1,success,426,14.167,1,1,1.6175793178063351,47.31283901048306,1,1,1,1,1
density10-seed2000,density10,2000,distractors,1,1,success,446,14.833,1,1,5.867018781823088,38.73730648739006,1,1,1,1,1
density10-seed2000,density10,2000,distractors,2,0,timeout_other,1151,38.333,5,0,31.142839899829237,2.5978777928384753,5,4,4,4,4
density10-seed2000,density10,2000,distractors,3,1,success,1151,38.333,3,3,4.643995104563903,36.683337866222026,3,3,3,3,3
density10-seed2000,density10,2000,distractors,4,0,grasp_drop,1150,38.3,3,2,7.414918808886011,38.8618023177573,3,2,2,2,2
density10-seed2000,density10,2000,distractors,5,0,grasp_drop,1150,38.3,4,2,6.374276014129567,36.835033067547386,4,4,4,4,4
density10-seed2000,density10,2000,distractors,6,0,timeout_other,1147,38.2,5,0,33.91749313742722,2.3559926326443392,5,4,4,4,5
density10-seed2000,density10,2000,distractors,7,0,contact_no_grasp,1150,38.3,5,0,32.49876909057504,3.079063232206636,5,4,4,3,3
density10-seed2000,density10,2000,distractors,8,0,contact_no_grasp,1151,38.333,3,0,31.852774305920413,6.782270071569506,3,3,3,3,3
density10-seed2000,density10,2000,distractors,9,0,contact_no_grasp,1147,38.2,6,0,31.601227389661325,1.9883033711554576,6,4,4,4,4
density10-seed2000,density10,2000,distractors,10,1,success,657,21.867,3,1,5.747129150635001,36.40832099920628,3,3,3,3,3
density10-seed2000,density10,2000,distractors,11,0,grasp_drop,1150,38.3,3,2,4.811341613469327,40.16837622451075,3,3,3,3,3
density10-seed2000,density10,2000,distractors,12,0,contact_no_grasp,1146,38.167,3,0,33.49464730932408,1.519080525953619,3,3,3,3,3
density10-seed2000,density10,2000,distractors,13,1,success,1122,37.367,2,2,5.002933085139798,39.54411501996778,2,2,2,2,3
density10-seed2000,density10,2000,distractors,14,0,contact_no_grasp,1108,36.9,4,1,20.921852515236587,22.65051045555223,4,4,4,4,4
density10-seed2000,density10,2000,distractors,15,1,success,431,14.333,2,1,6.332342595207965,38.07871770106184,2,2,2,2,2
density10-seed2000,density10,2000,in_distribution,1,1,success,451,15.0,1,1,0.1092426700245106,52.16144439671207,1,1,1,1,1
density10-seed2000,density10,2000,in_distribution,2,1,success,462,15.367,1,1,3.2092110992127267,47.644541436289536,1,1,1,1,1
density10-seed2000,density10,2000,in_distribution,3,1,success,416,13.833,1,1,0.929732301656724,51.37238040519843,1,1,1,1,1
density10-seed2000,density10,2000,in_distribution,4,0,contact_no_grasp,1151,38.333,7,1,26.61063016955491,14.183710285431356,7,6,6,6,6
density10-seed2000,density10,2000,in_distribution,5,1,success,411,13.667,1,1,1.1231022076528525,49.31285033223278,1,1,1,1,1
density10-seed2000,density10,2000,in_distribution,6,1,success,451,15.0,1,1,1.1041599824345774,50.18962207315967,1,1,1,1,1
density10-seed2000,density10,2000,in_distribution,7,1,success,449,14.933,1,1,3.328178043212535,47.79033686718158,1,1,1,1,1
density10-seed2000,density10,2000,in_distribution,8,1,success,440,14.633,1,1,3.386542530847823,47.76081992310936,1,1,1,1,1
density10-seed2000,density10,2000,in_distribution,9,1,success,348,11.567,1,1,1.850849112528703,48.274687937741305,1,1,1,1,1
density10-seed2000,density10,2000,in_distribution,10,1,success,424,14.1,1,1,4.137188360708169,46.55892397327129,1,1,1,1,1
density10-seed2000,density10,2000,in_distribution,11,1,success,413,13.733,1,1,0.34780977472196284,51.42294004473518,1,1,1,1,1
density10-seed2000,density10,2000,in_distribution,12,1,success,427,14.2,1,1,3.963489783728118,47.61382499887255,1,1,1,1,1
density10-seed2000,density10,2000,in_distribution,13,1,success,442,14.7,2,1,2.322128781254424,48.39260916959439,2,2,2,2,2
density10-seed2000,density10,2000,in_distribution,14,0,contact_no_grasp,1150,38.3,3,1,17.602273680093713,23.15308731186638,3,2,2,2,2
density10-seed2000,density10,2000,in_distribution,15,1,success,369,12.267,2,1,2.781735552453082,48.77092900869592,2,2,2,2,2
density10-seed2000,density10,2000,new_positions,1,0,timeout_other,1124,37.433,3,0,23.09414918550893,5.1476537315231,3,3,3,2,2
density10-seed2000,density10,2000,new_positions,2,0,contact_no_grasp,1119,37.267,3,0,44.456767436084576,6.542322554470772,3,3,4,5,4
density10-seed2000,density10,2000,new_positions,3,0,timeout_other,1126,37.5,5,0,42.00168860226444,5.79861497042819,5,5,5,7,6
density10-seed2000,density10,2000,new_positions,4,0,timeout_other,1120,37.3,1,0,12.088177445530016,7.481466140134989,1,2,2,2,3
density10-seed2000,density10,2000,new_positions,5,0,timeout_other,1101,36.667,4,0,30.25797935648234,8.008968214866734,4,5,5,4,3
density10-seed2000,density10,2000,new_positions,6,0,timeout_other,1099,36.6,2,0,33.30572730919489,2.215730158798493,2,1,2,3,3
density10-seed2000,density10,2000,new_positions,7,0,timeout_other,1096,36.5,4,0,44.94786859664329,5.0222551150638,4,4,4,4,4
density10-seed2000,density10,2000,new_positions,8,0,timeout_other,1095,36.467,4,0,49.75128402093323,3.7381857297516063,4,6,5,4,4
density10-seed2000,density10,2000,new_positions,9,0,timeout_other,1094,36.433,4,0,47.440223992870045,5.134859135845588,4,6,5,5,3
density10-seed2000,density10,2000,new_positions,10,0,timeout_other,1095,36.467,6,0,45.00008907311896,6.325436789507378,6,6,6,6,6
density10-seed2000,density10,2000,new_positions,11,0,contact_no_grasp,1085,36.133,3,0,11.944793665661463,9.418600852979663,3,3,3,4,4
density10-seed2000,density10,2000,new_positions,12,0,contact_no_grasp,1089,36.267,4,0,20.236525701544384,1.311268756270306,4,4,4,4,4
density10-seed2000,density10,2000,new_positions,13,0,timeout_other,1101,36.667,3,0,20.14992155837595,5.591383498618682,3,2,2,2,2
density10-seed2000,density10,2000,new_positions,14,0,timeout_other,1084,36.1,3,0,21.273671330938186,3.7727390080598706,3,3,5,4,4
density10-seed2000,density10,2000,new_positions,15,1,success_after_missed_grasp,751,25.0,1,0,32.795861248570446,3.9440637008694805,1,2,2,3,3
density10-seed2000,density10,2000,new_positions,16,0,timeout_other,1074,35.767,5,0,55.95286930254056,1.6751078340874912,5,3,4,3,3
density10-seed2000,density10,2000,new_positions,17,0,timeout_other,1117,37.2,2,0,47.746364615805916,8.709819692799428,2,2,2,2,2
density10-seed2000,density10,2000,new_positions,18,0,timeout_other,1122,37.367,3,0,53.8133639606376,2.843472245989041,3,3,3,3,3
density10-seed2000,density10,2000,new_positions,19,0,contact_no_grasp,1121,37.333,4,0,48.119218890209794,7.845131535657913,4,4,4,5,4
density10-seed2000,density10,2000,new_positions,20,0,timeout_other,1120,37.3,5,0,52.36171468083708,3.0528100679141446,5,4,4,4,4
density10-seed2000,density10,2000,new_positions,21,0,timeout_other,1117,37.2,6,0,48.76294155766327,3.0395740297387093,6,6,4,5,4
density10-seed2000,density10,2000,new_positions,22,0,contact_no_grasp,1107,36.867,5,0,53.07479447780037,5.442781560862279,5,5,5,5,5
density10-seed2000,density10,2000,new_positions,23,0,contact_no_grasp,1104,36.767,4,0,48.7437804203866,5.2824908951613665,4,5,5,5,4
density10-seed2000,density10,2000,new_positions,24,0,timeout_other,1101,36.667,6,0,42.63033191698243,2.8634475190200774,6,5,5,6,7
density10-seed2000,density10,2000,new_positions,25,0,contact_no_grasp,1101,36.667,3,0,52.26880550854871,3.154980486706073,3,3,3,3,3
density10-seed2000,density10,2000,spot_check,1,1,success,621,20.667,1,1,2.5415673141053823,50.9421024222532,1,1,1,1,1
density10-seed2000,density10,2000,spot_check,2,1,success,503,16.733,1,1,2.123595445385046,51.06944230018902,1,1,1,1,1
density10-seed2000,density10,2000,spot_check,3,1,success,469,15.6,1,1,2.9895717462090268,14.564903119150516,1,1,1,1,1
density10-seed2000,density10,2000,spot_check,4,1,success,429,14.267,1,1,3.3081430668928427,14.360001432491424,1,1,1,1,2
density10-seed2000,density10,2000,spot_check,5,1,success,582,19.367,2,1,2.508205840081981,67.1527574493793,2,2,2,2,2
density10-seed2000,density10,2000,spot_check,6,1,success,597,19.867,1,1,2.508754024823258,63.677072606312954,1,1,1,1,1
density10,density10,1000,distractors,1,0,contact_no_grasp,1151,38.333,3,1,34.2581212048874,12.857322575904808,3,2,2,2,2
density10,density10,1000,distractors,2,1,success,431,14.333,1,1,6.502382988865062,46.19272209257587,1,1,1,1,1
density10,density10,1000,distractors,3,1,success,432,14.367,0,0,,,0,0,1,1,1
density10,density10,1000,distractors,4,1,success,494,16.433,2,1,5.718961862724466,42.11809204854624,2,2,2,2,2
density10,density10,1000,distractors,5,0,contact_no_grasp,1151,38.333,4,1,18.60510981960792,27.830253800131345,4,4,3,3,2
density10,density10,1000,distractors,6,1,success,1151,38.333,2,2,4.528729764460618,45.92461452432886,2,2,2,2,2
density10,density10,1000,distractors,7,0,contact_no_grasp,1148,38.233,3,0,36.251969066678924,1.9087539404474363,3,3,3,4,3
density10,density10,1000,distractors,8,1,success,420,13.967,1,1,3.1403804441574117,44.673459742970444,1,1,1,1,1
density10,density10,1000,distractors,9,0,timeout_other,1149,38.267,5,0,33.66721559449849,2.098109252579249,5,4,4,4,5
density10,density10,1000,distractors,10,1,success,1151,38.333,2,2,7.975843870120368,45.31747188091436,2,2,2,2,2
density10,density10,1000,distractors,11,1,success_after_missed_grasp,693,23.067,2,1,6.8492880429914145,42.352181406594674,2,3,3,3,3
density10,density10,1000,distractors,12,1,success,451,15.0,2,1,4.5500402201288175,43.76031603491957,2,2,2,2,2
density10,density10,1000,distractors,13,0,contact_no_grasp,1151,38.333,4,0,32.947965553112375,2.1761396416589136,4,4,3,4,4
density10,density10,1000,distractors,14,1,success,407,13.533,1,1,6.27989777910221,43.07583954079304,1,1,1,1,1
density10,density10,1000,distractors,15,0,contact_no_grasp,1151,38.333,5,0,33.24233171322358,4.871990078880275,5,5,7,6,5
density10,density10,1000,in_distribution,1,1,success_after_missed_grasp,754,25.1,2,1,2.4229911552676704,48.37571856647712,2,2,2,2,2
density10,density10,1000,in_distribution,2,1,success,555,18.467,1,1,2.2601730503470954,48.74036273409585,1,1,1,1,1
density10,density10,1000,in_distribution,3,1,success,412,13.7,1,1,4.757554377964144,46.77909341911061,1,1,1,1,1
density10,density10,1000,in_distribution,4,0,contact_no_grasp,1143,38.067,2,0,35.92490404858886,2.5764483828906144,2,1,1,1,1
density10,density10,1000,in_distribution,5,1,success,381,12.667,1,1,4.6710913516598005,44.86727651903619,1,1,1,1,1
density10,density10,1000,in_distribution,6,1,success,412,13.7,1,1,1.8042154165185629,51.12110192758945,1,1,1,1,1
density10,density10,1000,in_distribution,7,1,success,442,14.7,1,1,4.4337508781656005,46.60730353817691,1,1,1,1,1
density10,density10,1000,in_distribution,8,1,success,387,12.867,1,1,1.3858437166833077,50.64521786887514,1,1,1,1,1
density10,density10,1000,in_distribution,9,1,success,420,13.967,1,1,0.8936317131175251,50.710457280658424,1,1,1,1,1
density10,density10,1000,in_distribution,10,1,success,405,13.467,1,1,3.0935260268983065,45.429341370326654,1,1,1,1,1
density10,density10,1000,in_distribution,11,1,success,404,13.433,1,1,3.7356005217468358,48.27635058387077,1,1,1,2,2
density10,density10,1000,in_distribution,12,1,success,357,11.867,1,1,1.995569884224988,48.83445511701389,1,1,1,2,2
density10,density10,1000,in_distribution,13,1,success,386,12.833,1,1,2.0255807373215156,50.20436697626654,1,2,2,2,2
density10,density10,1000,in_distribution,14,0,contact_no_grasp,1150,38.3,2,1,21.024439047858525,28.548853437509244,2,2,2,2,2
density10,density10,1000,in_distribution,15,1,success,501,16.667,1,1,2.092853679300145,46.75705566883518,1,1,1,1,1
density10,density10,1000,new_positions,1,0,timeout_other,1151,38.333,4,0,35.1876835189897,1.8868554978455307,4,3,3,3,3
density10,density10,1000,new_positions,2,0,timeout_other,1147,38.2,3,0,21.92029458316542,2.7370244484031914,3,3,3,3,2
density10,density10,1000,new_positions,3,0,timeout_other,1102,36.7,4,0,34.04411587297561,3.010869412230292,4,4,4,2,2
density10,density10,1000,new_positions,4,0,contact_no_grasp,1101,36.667,4,0,23.858528580950168,2.1621274607309786,4,2,2,2,3
density10,density10,1000,new_positions,5,0,timeout_other,1108,36.9,3,0,25.467441750635924,2.4184427248736284,3,3,3,2,2
density10,density10,1000,new_positions,6,0,timeout_other,1104,36.767,1,0,51.433585196708194,0.03582920995441441,1,1,1,1,1
density10,density10,1000,new_positions,7,0,timeout_other,1111,37.0,0,0,,,0,0,0,0,0
density10,density10,1000,new_positions,8,0,timeout_other,1118,37.233,1,0,53.06575732030093,0.7631889480493044,1,1,1,2,1
density10,density10,1000,new_positions,9,0,timeout_other,1119,37.267,1,0,53.261164374873545,0.9113254715327912,1,1,1,1,1
density10,density10,1000,new_positions,10,0,timeout_other,1130,37.633,2,0,52.019321497354525,0.4702158646733494,2,2,3,1,1
density10,density10,1000,new_positions,11,0,timeout_other,1140,37.967,4,0,23.557714263992697,2.640572880988048,4,3,2,2,2
density10,density10,1000,new_positions,12,0,timeout_other,1122,37.367,4,0,20.648845658938846,0.6562495029273414,4,4,3,2,2
density10,density10,1000,new_positions,13,0,timeout_other,1110,36.967,1,0,29.419523582418954,3.0677582788107878,1,1,1,1,1
density10,density10,1000,new_positions,14,0,contact_no_grasp,1102,36.7,1,0,17.08322414368287,0.44535034954441244,1,1,2,2,3
density10,density10,1000,new_positions,15,0,timeout_other,1129,37.6,0,0,,,0,0,0,0,0
density10,density10,1000,new_positions,16,0,timeout_other,1103,36.733,2,0,51.68986814604662,7.601223700411815,2,2,3,2,2
density10,density10,1000,new_positions,17,0,timeout_other,1101,36.667,1,0,46.2715396048644,0.3027788962396585,1,1,1,1,1
density10,density10,1000,new_positions,18,0,timeout_other,1099,36.6,3,0,47.94449088379811,5.163636120976605,3,3,3,3,3
density10,density10,1000,new_positions,19,0,timeout_other,1101,36.667,1,0,43.39032221611235,2.187615337414357,1,1,1,1,1
density10,density10,1000,new_positions,20,0,timeout_other,1101,36.667,3,0,55.02167710941066,3.383888322975608,3,3,3,3,3
density10,density10,1000,new_positions,21,0,timeout_other,1111,37.0,9,0,42.694413446803935,2.419495673782606,9,9,8,8,6
density10,density10,1000,new_positions,22,0,timeout_other,1101,36.667,6,0,42.97580409218109,2.359709162363025,6,5,5,5,5
density10,density10,1000,new_positions,23,0,timeout_other,1101,36.667,6,0,42.24814221926181,1.9319441451129364,6,6,6,7,7
density10,density10,1000,new_positions,24,0,timeout_other,1094,36.433,4,0,38.775747389238404,4.337285616508234,4,4,4,4,4
density10,density10,1000,new_positions,25,0,timeout_other,1101,36.667,6,0,40.36016502326582,2.369230932307989,6,6,5,5,5
density10,density10,1000,spot_check,1,1,success,576,19.167,1,1,1.7153877781454234,48.370227673111565,1,1,1,1,1
density10,density10,1000,spot_check,2,1,success,493,16.4,1,1,0.981728438502298,47.92425858039382,1,1,1,1,1
density10,density10,1000,spot_check,3,1,success,406,13.5,1,1,1.0089893219396409,15.926132672880474,1,1,1,1,1
density10,density10,1000,spot_check,4,1,success,405,13.467,1,1,2.854749056095283,15.438738543789988,1,1,1,1,1
density10,density10,1000,spot_check,5,1,success_after_missed_grasp,717,23.867,2,1,3.3470804662383706,63.26342470304359,2,2,2,2,2
density10,density10,1000,spot_check,6,1,success_after_missed_grasp,1151,38.333,6,1,2.4708026343358007,68.60087338000585,6,6,6,6,5
density25-fixedstep,density25-fixedstep,1000,distractors,1,0,timeout_other,1144,38.1,2,0,23.97103560836503,3.2558577865414895,2,2,2,2,2
density25-fixedstep,density25-fixedstep,1000,distractors,2,0,timeout_other,1150,38.3,5,0,26.600901699587865,1.7270302464175318,5,5,5,5,5
density25-fixedstep,density25-fixedstep,1000,distractors,3,0,timeout_other,1149,38.267,4,0,28.00298956074602,3.0908369921077066,4,4,4,4,5
density25-fixedstep,density25-fixedstep,1000,distractors,4,0,timeout_other,1151,38.333,9,0,27.788169891408174,3.6778795283421553,9,10,7,7,7
density25-fixedstep,density25-fixedstep,1000,distractors,5,0,timeout_other,1150,38.3,8,0,26.02122075976346,3.0005511461389696,8,8,8,7,5
density25-fixedstep,density25-fixedstep,1000,distractors,6,0,timeout_other,1133,37.733,4,0,29.95773425610647,2.241107448708582,4,6,7,4,3
density25-fixedstep,density25-fixedstep,1000,distractors,7,0,timeout_other,1131,37.667,7,0,29.517119462866624,1.8641184954166228,7,6,6,6,4
density25-fixedstep,density25-fixedstep,1000,distractors,8,0,timeout_other,1101,36.667,9,0,25.134873877769934,1.8605258952516572,9,7,5,3,3
density25-fixedstep,density25-fixedstep,1000,distractors,9,0,contact_no_grasp,1101,36.667,2,0,33.203932548071215,2.470602028093305,2,2,2,2,2
density25-fixedstep,density25-fixedstep,1000,distractors,10,0,contact_no_grasp,1101,36.667,9,0,32.203043323754045,3.9892957264891864,9,8,7,7,6
density25-fixedstep,density25-fixedstep,1000,distractors,11,0,timeout_other,1087,36.2,4,0,28.111865744368085,2.528619490363295,4,4,4,5,4
density25-fixedstep,density25-fixedstep,1000,distractors,12,0,timeout_other,1001,33.333,6,0,25.925200684298133,2.7614100757346907,6,5,4,5,5
density25-fixedstep,density25-fixedstep,1000,distractors,13,0,timeout_other,1050,34.967,6,0,28.336653601422874,1.8471532631885377,6,6,6,6,5
density25-fixedstep,density25-fixedstep,1000,distractors,14,0,timeout_other,1027,34.2,8,0,31.238003662785147,2.5133098936512432,8,7,7,6,6
density25-fixedstep,density25-fixedstep,1000,distractors,15,0,timeout_other,1045,34.8,5,0,27.701446341662432,5.097880750659,5,5,5,3,2
density25-fixedstep,density25-fixedstep,1000,in_distribution,1,1,success,505,16.8,1,1,3.3500656306710503,44.26733264488087,1,1,1,1,1
density25-fixedstep,density25-fixedstep,1000,in_distribution,2,1,success,427,14.2,2,1,3.596385116940642,44.711631854706866,2,2,2,2,2
density25-fixedstep,density25-fixedstep,1000,in_distribution,3,0,contact_no_grasp,1151,38.333,9,0,23.34132331264892,2.910958672454367,9,9,7,7,6
density25-fixedstep,density25-fixedstep,1000,in_distribution,4,1,success,438,14.567,1,1,2.3185393471729476,47.43770934329731,1,1,1,1,1
density25-fixedstep,density25-fixedstep,1000,in_distribution,5,0,contact_no_grasp,1151,38.333,8,0,27.93289654297379,4.485953137422632,8,7,7,7,6
density25-fixedstep,density25-fixedstep,1000,in_distribution,6,0,timeout_other,1151,38.333,8,0,28.385836899237113,2.425226284898068,8,7,6,5,4
density25-fixedstep,density25-fixedstep,1000,in_distribution,7,0,contact_no_grasp,1151,38.333,8,0,25.797266939559258,2.2536030756451906,8,6,5,4,3
density25-fixedstep,density25-fixedstep,1000,in_distribution,8,1,success,441,14.667,0,0,,,0,0,0,0,0
density25-fixedstep,density25-fixedstep,1000,in_distribution,9,0,contact_no_grasp,1151,38.333,8,1,23.314317525081282,18.954406046050927,8,8,8,7,7
density25-fixedstep,density25-fixedstep,1000,in_distribution,10,1,success,472,15.7,1,1,5.418865996093086,43.90018093913869,1,1,1,1,1
density25-fixedstep,density25-fixedstep,1000,in_distribution,11,1,success,536,17.833,1,1,6.331144911053766,43.61941989207825,1,1,2,2,2
density25-fixedstep,density25-fixedstep,1000,in_distribution,12,1,success,449,14.933,1,1,0.4935002725612243,49.46811868492453,1,1,1,1,1
density25-fixedstep,density25-fixedstep,1000,in_distribution,13,1,success,490,16.3,1,1,3.8250270021970714,45.91193209846638,1,1,1,1,1
density25-fixedstep,density25-fixedstep,1000,in_distribution,14,0,contact_no_grasp,1151,38.333,9,0,29.21908200280087,2.70154192459085,9,7,7,7,7
density25-fixedstep,density25-fixedstep,1000,in_distribution,15,1,success,446,14.833,2,1,1.268213764511227,48.87694938501072,2,2,2,2,2
density25-fixedstep,density25-fixedstep,1000,new_positions,1,0,timeout_other,1151,38.333,5,1,3.2111161768779475,19.264290085938,5,5,5,5,4
density25-fixedstep,density25-fixedstep,1000,new_positions,2,0,timeout_other,1151,38.333,4,0,21.202401887000896,5.2768439591095495,4,4,5,7,6
density25-fixedstep,density25-fixedstep,1000,new_positions,3,0,timeout_other,1151,38.333,2,0,16.693052297188324,0.3723531286173003,2,2,2,2,1
density25-fixedstep,density25-fixedstep,1000,new_positions,4,0,timeout_other,1151,38.333,3,0,9.482183171518141,1.8598804665175006,3,3,3,1,1
density25-fixedstep,density25-fixedstep,1000,new_positions,5,0,timeout_other,1151,38.333,3,0,43.74464831931144,7.049597878682903,3,3,3,3,3
density25-fixedstep,density25-fixedstep,1000,new_positions,6,0,timeout_other,1151,38.333,8,0,50.713910900134536,2.0369314736149704,8,8,8,7,6
density25-fixedstep,density25-fixedstep,1000,new_positions,7,0,timeout_other,1151,38.333,5,0,50.04321501054359,3.0317836551646877,5,4,2,2,2
density25-fixedstep,density25-fixedstep,1000,new_positions,8,0,timeout_other,1151,38.333,8,0,41.581174820799916,2.5126255673199296,8,9,7,6,5
density25-fixedstep,density25-fixedstep,1000,new_positions,9,0,timeout_other,1151,38.333,9,0,48.850104490090416,3.1314917655973034,9,6,9,5,3
density25-fixedstep,density25-fixedstep,1000,new_positions,10,0,timeout_other,1151,38.333,8,0,47.129028742120795,5.542332271715708,8,8,6,6,4
density25-fixedstep,density25-fixedstep,1000,new_positions,11,0,timeout_other,1151,38.333,9,0,16.804872938455347,2.093166543954956,9,7,6,4,3
density25-fixedstep,density25-fixedstep,1000,new_positions,12,0,timeout_other,1151,38.333,7,0,17.938421287119027,2.87029756679779,7,6,4,4,5
density25-fixedstep,density25-fixedstep,1000,new_positions,13,0,timeout_other,1151,38.333,4,0,16.797118747692643,5.4825118379730275,4,4,4,5,5
density25-fixedstep,density25-fixedstep,1000,new_positions,14,0,timeout_other,1151,38.333,7,0,18.760620603835413,4.265754744534265,7,6,5,5,5
density25-fixedstep,density25-fixedstep,1000,new_positions,15,0,timeout_other,1147,38.2,6,0,18.226770079410176,3.4924383999982833,6,6,6,6,4
density25-fixedstep,density25-fixedstep,1000,new_positions,16,0,timeout_other,1147,38.2,6,0,50.73676303679029,4.629476224964705,6,6,7,8,6
density25-fixedstep,density25-fixedstep,1000,new_positions,17,0,timeout_other,1149,38.267,7,0,41.81743364896205,6.770595364851886,7,6,5,4,4
density25-fixedstep,density25-fixedstep,1000,new_positions,18,0,timeout_other,1147,38.2,8,0,46.58461641380153,3.328498144629606,8,8,7,7,6
density25-fixedstep,density25-fixedstep,1000,new_positions,19,0,timeout_other,1146,38.167,5,0,35.9268597835899,1.832169094629414,5,4,4,3,2
density25-fixedstep,density25-fixedstep,1000,new_positions,20,0,timeout_other,1147,38.2,7,0,44.38721335542911,5.218742256403864,7,8,8,9,8
density25-fixedstep,density25-fixedstep,1000,new_positions,21,0,timeout_other,1146,38.167,7,0,32.68996344491644,4.770902460641651,7,8,8,8,8
density25-fixedstep,density25-fixedstep,1000,new_positions,22,0,timeout_other,1148,38.233,10,0,33.457402860049996,3.4701147976135402,10,10,9,8,8
density25-fixedstep,density25-fixedstep,1000,new_positions,23,0,timeout_other,1146,38.167,9,0,33.338548085865234,3.194721166662582,9,8,9,9,9
density25-fixedstep,density25-fixedstep,1000,new_positions,24,0,contact_no_grasp,1135,37.8,6,1,28.303771110601634,20.114729962782818,6,6,6,6,6
density25-fixedstep,density25-fixedstep,1000,new_positions,25,0,timeout_other,1134,37.767,13,0,37.73381011863251,6.3592084974914584,13,11,8,9,9
density25-fixedstep,density25-fixedstep,1000,spot_check,1,1,success,460,15.3,1,1,4.644841805748445,50.42668935887852,1,1,1,2,2
density25-fixedstep,density25-fixedstep,1000,spot_check,2,0,contact_no_grasp,1151,38.333,6,0,40.02219531071533,6.361171921552412,6,5,5,6,6
density25-fixedstep,density25-fixedstep,1000,spot_check,3,1,success,415,13.8,1,1,3.1251760066469636,12.864946052649175,1,2,2,2,2
density25-fixedstep,density25-fixedstep,1000,spot_check,4,1,success,401,13.333,1,1,3.948095381208322,11.216180033191868,1,1,1,1,1
density25-fixedstep,density25-fixedstep,1000,spot_check,5,1,success,473,15.733,2,1,3.918392090507883,66.40686617232444,2,2,2,2,2
density25-fixedstep,density25-fixedstep,1000,spot_check,6,1,success,501,16.667,2,1,5.3233642537247015,64.42012707256147,2,2,2,2,2
density25-seed2000,density25,2000,distractors,1,0,contact_no_grasp,1151,38.333,5,1,18.382774772661982,26.289248598312625,5,5,5,5,6
density25-seed2000,density25,2000,distractors,2,1,success,394,13.1,1,1,2.1025364672054216,44.517389918858285,1,1,1,1,1
density25-seed2000,density25,2000,distractors,3,1,success,623,20.733,1,1,37.543739271632134,11.003031151341041,1,2,2,2,2
density25-seed2000,density25,2000,distractors,4,1,success,392,13.033,1,1,3.69529537433397,42.720248562762876,1,1,1,1,1
density25-seed2000,density25,2000,distractors,5,1,success,351,11.667,1,1,4.354435963784599,44.60245805923681,1,1,1,1,1
density25-seed2000,density25,2000,distractors,6,1,success,397,13.2,1,1,3.3741839500965334,44.83022610545022,1,1,1,1,2
density25-seed2000,density25,2000,distractors,7,1,success,389,12.933,0,0,,,0,1,1,1,1
density25-seed2000,density25,2000,distractors,8,0,contact_no_grasp,1151,38.333,6,1,29.763720504417932,19.743777486886252,6,6,6,6,6
density25-seed2000,density25,2000,distractors,9,1,success,381,12.667,1,1,3.8239360602862185,45.40470562239951,1,1,1,1,1
density25-seed2000,density25,2000,distractors,10,1,success,451,15.0,2,2,5.191796297437865,42.23043916426776,2,2,2,2,2
density25-seed2000,density25,2000,distractors,11,1,success,466,15.5,0,0,,,0,0,1,1,1
density25-seed2000,density25,2000,distractors,12,1,success,390,12.967,0,0,,,0,0,1,2,2
density25-seed2000,density25,2000,distractors,13,1,success,367,12.2,2,1,3.4436279207534746,46.30513976672943,2,2,2,2,2
density25-seed2000,density25,2000,distractors,14,1,success,426,14.167,1,1,6.570365133545277,42.06607962898558,1,1,1,1,1
density25-seed2000,density25,2000,distractors,15,1,success,410,13.633,1,1,5.285496086003246,44.065839473246726,1,1,1,1,2
density25-seed2000,density25,2000,in_distribution,1,1,success,367,12.2,1,1,4.9585626865268,44.38307561129338,1,1,1,1,1
density25-seed2000,density25,2000,in_distribution,2,1,success,651,21.667,1,1,3.434663381502606,47.009464890547434,1,2,2,3,3
density25-seed2000,density25,2000,in_distribution,3,1,success,427,14.2,1,1,3.2090862650637284,47.09787641509055,1,1,1,1,1
density25-seed2000,density25,2000,in_distribution,4,1,success,440,14.633,1,1,0.03613689766348571,51.15361670042831,1,1,2,2,2
density25-seed2000,density25,2000,in_distribution,5,1,success,405,13.467,1,1,1.2045990058555525,50.0785432000244,1,1,1,1,1
density25-seed2000,density25,2000,in_distribution,6,1,success,382,12.7,2,1,3.3750740718546375,48.81570104761441,2,2,2,2,2
density25-seed2000,density25,2000,in_distribution,7,1,success,451,15.0,1,1,3.945647546373525,45.96824677319123,1,1,1,1,1
density25-seed2000,density25,2000,in_distribution,8,1,success,437,14.533,1,1,1.1858847386485074,49.59428258899293,1,1,2,2,2
density25-seed2000,density25,2000,in_distribution,9,1,success,401,13.333,1,1,4.314626534586619,47.068256347156115,1,1,1,1,1
density25-seed2000,density25,2000,in_distribution,10,1,success,435,14.467,2,1,1.188294580481429,49.57733409177758,2,2,2,2,2
density25-seed2000,density25,2000,in_distribution,11,1,success,397,13.2,1,1,2.62052219956389,46.92206651272085,1,1,1,1,1
density25-seed2000,density25,2000,in_distribution,12,1,success,410,13.633,1,1,2.2031944026847903,48.316449483559204,1,1,1,1,1
density25-seed2000,density25,2000,in_distribution,13,1,success,412,13.7,1,1,2.8149794290897354,46.888232839959926,1,1,1,1,1
density25-seed2000,density25,2000,in_distribution,14,1,success,431,14.333,1,1,2.3581787124577964,47.38286192212089,1,1,1,1,1
density25-seed2000,density25,2000,in_distribution,15,1,success,424,14.1,1,1,2.3721945117668675,49.15281657159213,1,1,1,1,1
density25-seed2000,density25,2000,new_positions,1,0,timeout_other,1121,37.333,7,1,3.5730553539756507,11.775887509175803,7,7,4,3,2
density25-seed2000,density25,2000,new_positions,2,0,timeout_other,1122,37.367,4,1,0.2913159901311566,10.677556864055475,4,4,4,4,4
density25-seed2000,density25,2000,new_positions,3,0,timeout_other,1121,37.333,3,1,2.6446004661709743,13.816732261983447,3,2,2,3,3
density25-seed2000,density25,2000,new_positions,4,0,timeout_other,1124,37.433,4,0,0.6265191996814075,4.5362468259463,4,3,2,1,1
density25-seed2000,density25,2000,new_positions,5,0,timeout_other,1125,37.467,5,2,21.139434818567587,47.65811217471955,5,6,5,4,3
density25-seed2000,density25,2000,new_positions,6,0,timeout_other,1121,37.333,7,0,35.27130430691602,3.2391530777547928,7,3,2,2,2
density25-seed2000,density25,2000,new_positions,7,0,timeout_other,1123,37.4,6,0,44.58490878544082,1.9951825921310302,6,5,4,2,2
density25-seed2000,density25,2000,new_positions,8,0,timeout_other,1106,36.833,2,0,43.63225416463523,3.0499768754889516,2,2,2,2,2
density25-seed2000,density25,2000,new_positions,9,0,timeout_other,1109,36.933,5,0,42.34115788316757,3.616998908928238,5,6,6,4,2
density25-seed2000,density25,2000,new_positions,10,0,timeout_other,1051,35.0,1,0,45.07943293454899,0.5406223247109949,1,1,1,1,1
density25-seed2000,density25,2000,new_positions,11,0,timeout_other,1142,38.033,8,0,21.165235685218757,3.081590219128663,8,7,7,8,8
density25-seed2000,density25,2000,new_positions,12,0,timeout_other,1149,38.267,7,0,20.681756644511488,5.3753245337436315,7,6,6,6,6
density25-seed2000,density25,2000,new_positions,13,0,timeout_other,1144,38.1,6,0,22.165890393208905,3.4128882908438003,6,6,6,6,5
density25-seed2000,density25,2000,new_positions,14,0,timeout_other,1151,38.333,7,0,15.463835760624253,5.157454116815115,7,8,8,8,7
density25-seed2000,density25,2000,new_positions,15,0,timeout_other,1149,38.267,11,0,20.478443427168695,2.0977894781468382,11,10,9,8,7
density25-seed2000,density25,2000,new_positions,16,0,timeout_other,1149,38.267,2,0,45.583461012322445,1.0778958376857233,2,1,1,1,1
density25-seed2000,density25,2000,new_positions,17,0,timeout_other,1137,37.867,5,0,60.20931033404487,2.3070761904384725,5,4,4,4,4
density25-seed2000,density25,2000,new_positions,18,0,timeout_other,1134,37.767,3,0,45.55103127144015,5.031670142765407,3,3,3,4,3
density25-seed2000,density25,2000,new_positions,19,0,timeout_other,1132,37.7,5,0,49.339128950506165,4.0969029890785436,5,5,5,4,4
density25-seed2000,density25,2000,new_positions,20,0,timeout_other,1135,37.8,2,0,63.583316858153026,7.015425887286263,2,2,2,2,2
density25-seed2000,density25,2000,new_positions,21,0,contact_no_grasp,1146,38.167,9,0,44.97533959681215,2.7741024521452715,9,6,7,7,7
density25-seed2000,density25,2000,new_positions,22,0,contact_no_grasp,1135,37.8,4,0,44.118968288699136,3.2833244654056273,4,3,3,3,3
density25-seed2000,density25,2000,new_positions,23,0,timeout_other,1142,38.033,4,0,44.04727911255071,3.7027473049592956,4,5,5,4,4
density25-seed2000,density25,2000,new_positions,24,0,timeout_other,1138,37.9,4,0,43.04691613653921,4.304391818245961,4,4,3,3,3
density25-seed2000,density25,2000,new_positions,25,0,contact_no_grasp,1132,37.7,7,1,44.039000256524076,13.152766561295262,7,6,5,5,5
density25-seed2000,density25,2000,spot_check,1,1,success,470,15.633,1,1,1.645965517775263,50.42365172791944,1,1,1,1,1
density25-seed2000,density25,2000,spot_check,2,1,success,539,17.933,1,1,3.4433655881215124,51.40944167392777,1,1,1,1,1
density25-seed2000,density25,2000,spot_check,3,1,success,413,13.733,1,1,2.0916487583836876,15.768800033753765,1,1,1,1,1
density25-seed2000,density25,2000,spot_check,4,1,success,428,14.233,1,1,2.22337230505914,14.51892254093443,1,1,1,1,1
density25-seed2000,density25,2000,spot_check,5,1,success,521,17.333,2,1,1.8347581716412797,69.17127317223049,2,2,2,2,2
density25-seed2000,density25,2000,spot_check,6,1,success,473,15.733,1,1,3.106810913219011,67.60714108741604,1,1,1,1,1
density25,density25,1000,distractors,1,1,success,595,19.8,0,0,,,0,0,1,1,2
density25,density25,1000,distractors,2,0,contact_no_grasp,1148,38.233,6,1,18.58637384211409,21.510339112526772,6,6,6,6,6
density25,density25,1000,distractors,3,1,success,441,14.667,1,1,3.509252690127152,43.17723381683247,1,1,1,1,1
density25,density25,1000,distractors,4,1,success,532,17.7,1,1,3.3408749425995303,44.90976174108019,1,1,1,1,1
density25,density25,1000,distractors,5,0,contact_no_grasp,1140,37.967,6,0,33.024425338632575,8.065451144314155,6,7,5,5,5
density25,density25,1000,distractors,6,0,contact_no_grasp,1151,38.333,5,1,25.26183834866347,18.467695564845286,5,6,6,6,6
density25,density25,1000,distractors,7,0,contact_no_grasp,1150,38.3,4,1,18.879685244125742,14.680218664291985,4,4,4,4,4
density25,density25,1000,distractors,8,0,contact_no_grasp,1151,38.333,6,0,30.698902528116292,4.254260956873168,6,6,7,6,6
density25,density25,1000,distractors,9,0,timeout_other,1150,38.3,5,0,30.659677128247658,2.3638257493454526,5,5,5,5,5
density25,density25,1000,distractors,10,0,contact_no_grasp,1151,38.333,5,1,18.346413660681385,15.8330262988205,5,4,5,5,4
density25,density25,1000,distractors,11,1,success,410,13.633,1,1,0.8749427745783898,46.75617278383933,1,1,2,2,3
density25,density25,1000,distractors,12,0,contact_no_grasp,1151,38.333,4,1,17.402130164621255,24.133637841997718,4,4,4,4,4
density25,density25,1000,distractors,13,1,success,401,13.333,2,1,3.9452965634038684,43.90893561228398,2,2,2,2,2
density25,density25,1000,distractors,14,0,timeout_other,1151,38.333,6,0,30.60381429886648,1.921439080095757,6,6,6,6,5
density25,density25,1000,distractors,15,0,contact_no_grasp,1151,38.333,6,1,30.994978938683715,10.787426293297873,6,5,5,5,5
density25,density25,1000,in_distribution,1,1,success,401,13.333,1,1,2.8892666028898795,48.08758687705381,1,1,1,1,1
density25,density25,1000,in_distribution,2,1,success,422,14.033,1,1,2.1019828548924515,47.38790956379796,1,1,1,1,1
density25,density25,1000,in_distribution,3,1,success,442,14.7,1,1,3.8176635965964643,47.65082837350381,1,1,2,2,2
density25,density25,1000,in_distribution,4,1,success,401,13.333,0,0,,,0,1,1,1,1
density25,density25,1000,in_distribution,5,1,success,422,14.033,1,1,1.3519358671092014,49.785714851893665,1,1,1,1,1
density25,density25,1000,in_distribution,6,1,success,400,13.3,1,1,4.4740487888162015,46.70365379092039,1,1,1,1,1
density25,density25,1000,in_distribution,7,1,success,362,12.033,1,1,2.6921498632331016,48.42614070753092,1,1,1,1,1
density25,density25,1000,in_distribution,8,1,success,401,13.333,1,1,3.6602513530848846,48.464135518591945,1,1,1,1,1
density25,density25,1000,in_distribution,9,1,success,437,14.533,1,1,2.916601663140394,48.882657381244115,1,1,1,1,1
density25,density25,1000,in_distribution,10,1,success,420,13.967,1,1,2.854837706432985,48.55769961786493,1,1,1,1,1
density25,density25,1000,in_distribution,11,1,success,388,12.9,1,1,3.2485103366713055,47.425520826459156,1,1,1,1,1
density25,density25,1000,in_distribution,12,1,success,463,15.4,1,1,3.726938117320369,48.92509194595229,1,1,1,1,1
density25,density25,1000,in_distribution,13,1,success,435,14.467,1,1,3.9434964187914296,47.103857599099314,1,1,1,1,1
density25,density25,1000,in_distribution,14,1,success,542,18.033,2,1,3.8850867013920087,45.79677892817815,2,2,2,2,2
density25,density25,1000,in_distribution,15,1,success,411,13.667,1,1,2.5396767099646844,48.29759590867862,1,1,1,1,1
density25,density25,1000,new_positions,1,0,contact_no_grasp,1151,38.333,1,0,35.85557878158562,0.7521528856012054,1,1,1,1,1
density25,density25,1000,new_positions,2,0,timeout_other,1151,38.333,6,2,2.749403257235361,10.821098043503206,6,3,4,4,3
density25,density25,1000,new_positions,3,0,timeout_other,1151,38.333,4,0,3.282497790630284,8.615166460806158,4,4,6,4,4
density25,density25,1000,new_positions,4,0,timeout_other,1145,38.133,3,1,17.419402506947794,10.54431540649577,3,3,3,3,5
density25,density25,1000,new_positions,5,0,timeout_other,1151,38.333,4,1,0.8619814827429089,14.293929793048129,4,4,4,6,4
density25,density25,1000,new_positions,6,0,timeout_other,1150,38.3,3,0,43.49964773296392,2.326546699301815,3,3,3,2,2
density25,density25,1000,new_positions,7,0,timeout_other,1151,38.333,2,0,47.746071276308385,0.45347723356356084,2,3,3,1,1
density25,density25,1000,new_positions,8,0,timeout_other,1151,38.333,3,0,47.92629560365734,1.5849594866017043,3,2,2,2,3
density25,density25,1000,new_positions,9,0,timeout_other,1136,37.833,6,0,45.784452787544055,2.1385066687109457,6,4,2,1,1
density25,density25,1000,new_positions,10,0,timeout_other,1144,38.1,8,0,45.179568013955006,2.345253729746588,8,6,6,2,1
density25,density25,1000,new_positions,11,0,timeout_other,1141,38.0,6,0,21.012026191390277,3.650835747772649,6,7,6,6,6
density25,density25,1000,new_positions,12,0,timeout_other,1151,38.333,4,0,19.28182669540005,6.0017142509866375,4,4,4,5,5
density25,density25,1000,new_positions,13,0,timeout_other,1134,37.767,6,0,19.05448923654117,4.814361931805047,6,6,6,6,6
density25,density25,1000,new_positions,14,0,timeout_other,1116,37.167,8,0,23.2107748352456,1.537030410146846,8,8,8,8,8
density25,density25,1000,new_positions,15,0,timeout_other,1143,38.067,5,0,22.469858832245222,3.5728867722684203,5,5,5,5,5
density25,density25,1000,new_positions,16,0,timeout_other,1130,37.633,2,1,46.49108307076814,22.47054122407299,2,2,2,2,2
density25,density25,1000,new_positions,17,0,timeout_other,1123,37.4,1,0,45.63392295556868,0.09191411747747225,1,1,1,1,1
density25,density25,1000,new_positions,18,0,timeout_other,1111,37.0,3,0,64.78968512706842,7.557665628362614,3,3,3,3,3
density25,density25,1000,new_positions,19,0,timeout_other,1123,37.4,2,1,49.063384788883184,18.005945581273252,2,2,2,3,3
density25,density25,1000,new_positions,20,0,timeout_other,1116,37.167,0,0,,,0,0,0,0,0
density25,density25,1000,new_positions,21,0,timeout_other,1135,37.8,5,0,44.43595656763834,2.6630199606288727,5,5,5,5,4
density25,density25,1000,new_positions,22,0,timeout_other,1131,37.667,6,0,46.492845222378705,1.311860361585147,6,7,7,5,4
density25,density25,1000,new_positions,23,0,timeout_other,1120,37.3,5,0,46.17451452404008,7.05271149564571,5,4,6,7,6
density25,density25,1000,new_positions,24,0,timeout_other,1114,37.1,2,0,48.23841921979252,2.1310690862971597,2,2,2,2,2
density25,density25,1000,new_positions,25,0,timeout_other,1110,36.967,4,0,45.73265772147718,1.0898310678447416,4,2,2,2,2
density25,density25,1000,spot_check,1,1,success,546,18.167,1,1,3.332498390282371,50.44549770399496,1,1,1,1,1
density25,density25,1000,spot_check,2,1,success,552,18.367,1,1,0.8224581562801951,47.900764431713355,1,1,1,1,1
density25,density25,1000,spot_check,3,1,success,601,20.0,1,1,3.9302241968046836,14.049680020785194,1,1,1,1,1
density25,density25,1000,spot_check,4,1,success,451,15.0,1,1,2.0598721352954605,15.59247632126352,1,1,1,1,1
density25,density25,1000,spot_check,5,1,success,482,16.033,2,1,1.7932553400742144,69.13011408687082,2,2,2,2,2
density25,density25,1000,spot_check,6,1,success,492,16.367,1,1,2.1715046207437005,67.7759439947265,1,1,1,1,1
density5-seed2000,density5,2000,distractors,1,0,timeout_other,1139,37.933,1,0,33.00773578181687,0.7405494157620955,1,1,1,1,1
density5-seed2000,density5,2000,distractors,2,0,contact_no_grasp,1151,38.333,2,0,33.702134781598566,0.7207733798420577,2,2,1,1,1
density5-seed2000,density5,2000,distractors,3,1,success,1151,38.333,3,3,5.07344990580194,41.131998158522954,3,3,3,4,3
density5-seed2000,density5,2000,distractors,4,1,success,1151,38.333,4,2,5.974736178888104,42.00733340214102,4,5,5,5,5
density5-seed2000,density5,2000,distractors,5,0,contact_no_grasp,1151,38.333,4,0,32.21973514205796,7.675096117274872,4,3,3,3,3
density5-seed2000,density5,2000,distractors,6,0,contact_no_grasp,1150,38.3,1,0,33.5815359477089,0.02660052888101827,1,1,1,1,1
density5-seed2000,density5,2000,distractors,7,0,contact_no_grasp,1151,38.333,0,0,,,0,0,0,0,0
density5-seed2000,density5,2000,distractors,8,0,contact_no_grasp,1150,38.3,3,1,22.55461126887011,13.352044605231068,3,3,2,2,2
density5-seed2000,density5,2000,distractors,9,1,success,401,13.333,1,1,3.282190228234189,44.246932212066994,1,1,1,1,1
density5-seed2000,density5,2000,distractors,10,0,timeout_other,1151,38.333,3,0,35.54572213018298,0.8298616910579018,3,3,3,2,2
density5-seed2000,density5,2000,distractors,11,0,contact_no_grasp,1149,38.267,1,0,38.57887217652208,2.7601282642192047,1,1,1,1,1
density5-seed2000,density5,2000,distractors,12,0,contact_no_grasp,1150,38.3,1,0,31.73423794927514,0.5156690638396579,1,1,1,1,1
density5-seed2000,density5,2000,distractors,13,0,contact_no_grasp,1151,38.333,2,0,29.431606487757865,1.2861509721319289,2,2,2,2,2
density5-seed2000,density5,2000,distractors,14,0,contact_no_grasp,1150,38.3,1,1,21.5157555020945,23.8843928945841,1,1,1,1,1
density5-seed2000,density5,2000,distractors,15,1,success,1148,38.233,2,2,6.751392741505196,42.588233736406416,2,2,2,2,2
density5-seed2000,density5,2000,in_distribution,1,1,success,401,13.333,1,1,2.0384151351914745,46.3286284878382,1,1,1,1,1
density5-seed2000,density5,2000,in_distribution,2,1,success,401,13.333,1,1,5.045579325144107,44.573838473684965,1,1,1,1,1
density5-seed2000,density5,2000,in_distribution,3,1,success,423,14.067,1,1,6.925132929868251,43.07729413000751,1,1,1,1,1
density5-seed2000,density5,2000,in_distribution,4,1,success,450,14.967,1,1,4.966975422655256,42.72578106751144,1,1,1,1,1
density5-seed2000,density5,2000,in_distribution,5,1,success,485,16.133,1,1,1.9480786318869114,44.599997560068054,1,1,1,1,1
density5-seed2000,density5,2000,in_distribution,6,1,success,454,15.1,2,1,5.361406103740425,41.230740161193715,2,2,2,2,2
density5-seed2000,density5,2000,in_distribution,7,1,success,433,14.4,1,1,3.3944577395708357,47.93902881216861,1,1,1,1,1
density5-seed2000,density5,2000,in_distribution,8,1,success,385,12.8,1,1,2.9670599880054986,45.17409714699864,1,1,1,1,1
density5-seed2000,density5,2000,in_distribution,9,1,success,451,15.0,2,1,7.557651280151074,38.69800363155035,2,2,2,2,2
density5-seed2000,density5,2000,in_distribution,10,1,success_after_missed_grasp,541,18.0,2,1,4.22346323119373,41.394806607604316,2,2,2,2,2
density5-seed2000,density5,2000,in_distribution,11,1,success,449,14.933,1,1,6.336520016223151,40.56728827062607,1,1,1,1,1
density5-seed2000,density5,2000,in_distribution,12,1,success,455,15.133,1,1,2.370618706784523,43.33935357419486,1,1,1,1,1
density5-seed2000,density5,2000,in_distribution,13,1,success_after_missed_grasp,644,21.433,1,1,3.319479454974765,43.45254015433866,1,1,1,1,1
density5-seed2000,density5,2000,in_distribution,14,1,success,413,13.733,1,1,1.8245615736154726,43.63792429317973,1,1,1,1,1
density5-seed2000,density5,2000,in_distribution,15,1,success,424,14.1,1,1,4.174595184835486,41.97866315925335,1,1,1,1,1
density5-seed2000,density5,2000,new_positions,1,0,timeout_other,1151,38.333,0,0,,,0,0,0,0,0
density5-seed2000,density5,2000,new_positions,2,0,timeout_other,1151,38.333,3,0,8.037410625056165,6.866433616665405,3,3,3,3,3
density5-seed2000,density5,2000,new_positions,3,0,timeout_other,1151,38.333,3,1,12.523316723524102,15.671179729233462,3,3,3,4,4
density5-seed2000,density5,2000,new_positions,4,0,timeout_other,1151,38.333,4,0,8.142041543016848,9.011646954801767,4,4,4,3,4
density5-seed2000,density5,2000,new_positions,5,0,timeout_other,1107,36.867,2,0,0.29784716807174405,3.873735714472595,2,2,2,3,3
density5-seed2000,density5,2000,new_positions,6,0,timeout_other,1118,37.233,0,0,,,0,0,0,0,0
density5-seed2000,density5,2000,new_positions,7,0,timeout_other,1146,38.167,8,1,36.08846502790816,11.82698990588213,8,8,8,4,2
density5-seed2000,density5,2000,new_positions,8,0,timeout_other,1139,37.933,2,0,43.224158667210645,1.5819779405501748,2,2,2,2,3
density5-seed2000,density5,2000,new_positions,9,0,timeout_other,1137,37.867,3,0,43.328744355407196,7.265607995412694,3,3,3,4,3
density5-seed2000,density5,2000,new_positions,10,0,timeout_other,1132,37.7,0,0,,,0,0,0,0,0
density5-seed2000,density5,2000,new_positions,11,0,timeout_other,1130,37.633,1,0,22.493993434385793,0.8616934944583701,1,1,1,1,1
density5-seed2000,density5,2000,new_positions,12,0,timeout_other,1132,37.7,2,0,21.689276778399154,0.5063689197389385,2,2,2,2,2
density5-seed2000,density5,2000,new_positions,13,0,timeout_other,1101,36.667,1,0,19.401522743197653,0.40971110459935467,1,1,1,1,1
density5-seed2000,density5,2000,new_positions,14,0,timeout_other,1119,37.267,1,0,24.229278565054962,0.8699126471963456,1,1,1,1,1
density5-seed2000,density5,2000,new_positions,15,0,timeout_other,1108,36.9,2,0,22.823632478352586,2.629765681146467,2,2,2,2,2
density5-seed2000,density5,2000,new_positions,16,0,timeout_other,1124,37.433,2,0,50.4359434939328,0.14436436115492768,2,2,1,1,1
density5-seed2000,density5,2000,new_positions,17,0,timeout_other,1114,37.1,1,0,56.224099533703225,0.8215281070166682,1,1,1,1,1
density5-seed2000,density5,2000,new_positions,18,0,timeout_other,1101,36.667,2,0,50.61169731139499,3.504868896074548,2,2,2,2,2
density5-seed2000,density5,2000,new_positions,19,0,contact_no_grasp,1105,36.8,0,0,,,0,0,0,0,0
density5-seed2000,density5,2000,new_positions,20,0,timeout_other,1103,36.733,2,0,52.67863421053481,1.7038612997411704,2,2,2,2,2
density5-seed2000,density5,2000,new_positions,21,0,timeout_other,1101,36.667,3,0,28.48588106681722,3.0218882873680055,3,4,3,3,3
density5-seed2000,density5,2000,new_positions,22,0,timeout_other,1093,36.4,1,0,44.12538910601525,0.2275400882021934,1,2,2,2,1
density5-seed2000,density5,2000,new_positions,23,0,timeout_other,1101,36.667,2,0,38.85334176339184,0.7884850505327634,2,2,2,2,2
density5-seed2000,density5,2000,new_positions,24,0,timeout_other,1101,36.667,3,0,34.167334213132094,7.318796841138408,3,3,3,3,3
density5-seed2000,density5,2000,new_positions,25,0,timeout_other,1067,35.533,3,0,41.9090311580906,3.7008241353884266,3,3,3,3,3
density5-seed2000,density5,2000,spot_check,1,1,success,533,17.733,1,1,1.3371925225669337,46.83684640033485,1,1,1,1,1
density5-seed2000,density5,2000,spot_check,2,1,success,549,18.267,1,1,1.481982043504697,46.65525070653743,1,1,1,1,1
density5-seed2000,density5,2000,spot_check,3,1,success,422,14.033,0,0,,,0,0,0,1,1
density5-seed2000,density5,2000,spot_check,4,1,success,537,17.867,1,1,0.12100240869870404,18.86392164141765,1,1,1,1,1
density5-seed2000,density5,2000,spot_check,5,0,contact_no_grasp,1149,38.267,3,0,51.06951479312461,5.193107835284692,3,3,4,4,5
density5-seed2000,density5,2000,spot_check,6,0,timeout_other,1130,37.633,2,0,57.39555585228079,2.3616739433168945,2,2,2,2,2
density50-fixedstep,density50-fixedstep,1000,distractors,1,0,timeout_other,1151,38.333,1,0,23.691753574591683,1.5252480565905904,1,1,1,1,1
density50-fixedstep,density50-fixedstep,1000,distractors,2,0,contact_no_grasp,1101,36.667,8,1,15.600444121825909,22.280385797413686,8,8,8,8,10
density50-fixedstep,density50-fixedstep,1000,distractors,3,0,timeout_other,1054,35.1,6,0,22.023692537755878,1.6616560499371427,6,6,6,5,5
density50-fixedstep,density50-fixedstep,1000,distractors,4,0,contact_no_grasp,1084,36.1,1,0,27.737346110048886,0.8891086113913964,1,1,1,1,1
density50-fixedstep,density50-fixedstep,1000,distractors,5,0,timeout_other,1082,36.033,3,0,27.128816269768485,0.4265325061775016,3,3,3,3,2
density50-fixedstep,density50-fixedstep,1000,distractors,6,0,timeout_other,1069,35.6,4,0,22.927363324007054,1.2942542235993173,4,4,4,4,4
density50-fixedstep,density50-fixedstep,1000,distractors,7,0,timeout_other,1051,35.0,3,0,23.896177634941544,1.765718429762694,3,2,2,2,1
density50-fixedstep,density50-fixedstep,1000,distractors,8,0,contact_no_grasp,1067,35.533,6,0,19.567072725871775,4.6912655103400365,6,6,5,5,5
density50-fixedstep,density50-fixedstep,1000,distractors,9,0,contact_no_grasp,1076,35.833,4,0,20.008050261819953,1.7625193285456726,4,4,4,4,3
density50-fixedstep,density50-fixedstep,1000,distractors,10,1,success,444,14.767,1,1,4.545564282670366,42.815833527897254,1,1,1,1,1
density50-fixedstep,density50-fixedstep,1000,distractors,11,0,timeout_other,1101,36.667,4,0,22.728555895767037,2.082749224680189,4,4,3,3,3
density50-fixedstep,density50-fixedstep,1000,distractors,12,0,timeout_other,1094,36.433,2,0,20.931813918488906,0.837371188796654,2,2,2,2,3
density50-fixedstep,density50-fixedstep,1000,distractors,13,0,timeout_other,1056,35.167,2,0,28.158658649147974,2.467249937199108,2,2,2,2,1
density50-fixedstep,density50-fixedstep,1000,distractors,14,0,contact_no_grasp,1084,36.1,1,0,29.061657094955333,0.9478806192015106,1,1,1,1,1
density50-fixedstep,density50-fixedstep,1000,distractors,15,0,timeout_other,1006,33.5,4,0,25.288809761610366,2.142679792898532,4,3,2,2,2
density50-fixedstep,density50-fixedstep,1000,in_distribution,1,0,contact_no_grasp,1151,38.333,2,0,32.2051338434522,0.29393082363143463,2,2,1,1,1
density50-fixedstep,density50-fixedstep,1000,in_distribution,2,0,contact_no_grasp,1151,38.333,4,0,31.113730362857435,3.03916877105209,4,4,4,3,3
density50-fixedstep,density50-fixedstep,1000,in_distribution,3,0,contact_no_grasp,1151,38.333,1,0,50.36202177662685,0.06507658463240062,1,1,1,1,1
density50-fixedstep,density50-fixedstep,1000,in_distribution,4,1,success,405,13.467,0,0,,,0,0,0,0,0
density50-fixedstep,density50-fixedstep,1000,in_distribution,5,1,success,471,15.667,1,1,4.917608039701005,44.682525596892965,1,1,1,1,1
density50-fixedstep,density50-fixedstep,1000,in_distribution,6,1,success,491,16.333,2,1,1.202268768407503,49.28842625960176,2,2,2,2,2
density50-fixedstep,density50-fixedstep,1000,in_distribution,7,1,success,451,15.0,0,0,,,0,0,0,1,1
density50-fixedstep,density50-fixedstep,1000,in_distribution,8,1,success,425,14.133,1,1,2.402945323804591,47.843226744166394,1,1,1,1,1
density50-fixedstep,density50-fixedstep,1000,in_distribution,9,0,contact_no_grasp,1151,38.333,5,0,33.36618573323779,1.2876425366785753,5,5,6,6,4
density50-fixedstep,density50-fixedstep,1000,in_distribution,10,0,timeout_other,1151,38.333,6,0,29.371566237361503,2.0076040422544725,6,6,5,4,4
density50-fixedstep,density50-fixedstep,1000,in_distribution,11,1,success,474,15.767,1,1,4.962099654081879,46.90633379156535,1,1,1,1,1
density50-fixedstep,density50-fixedstep,1000,in_distribution,12,0,timeout_other,1151,38.333,4,0,34.49094186805195,1.0461499708370994,4,4,3,3,3
density50-fixedstep,density50-fixedstep,1000,in_distribution,13,1,success,520,17.3,1,1,2.171794091234137,48.000631750915716,1,2,2,2,2
density50-fixedstep,density50-fixedstep,1000,in_distribution,14,1,success,525,17.467,1,1,3.930965964936437,42.459231212341116,1,2,2,2,2
density50-fixedstep,density50-fixedstep,1000,in_distribution,15,0,contact_no_grasp,1150,38.3,3,0,30.607742164658074,1.6577815552672277,3,4,4,4,3
density50-fixedstep,density50-fixedstep,1000,new_positions,1,0,timeout_other,1151,38.333,2,0,14.267399947912134,2.5260497613141624,2,2,2,2,2
density50-fixedstep,density50-fixedstep,1000,new_positions,2,0,timeout_other,1151,38.333,2,0,16.23058700489655,3.827727998398027,2,3,2,2,2
density50-fixedstep,density50-fixedstep,1000,new_positions,3,0,timeout_other,1151,38.333,5,0,6.327410491101109,6.478654876991057,5,4,4,4,4
density50-fixedstep,density50-fixedstep,1000,new_positions,4,0,timeout_other,1151,38.333,7,0,9.937865808380755,5.976686361004472,7,6,5,6,6
density50-fixedstep,density50-fixedstep,1000,new_positions,5,0,timeout_other,1151,38.333,8,1,0.5128875586585515,10.537426008823257,8,9,9,9,9
density50-fixedstep,density50-fixedstep,1000,new_positions,6,0,timeout_other,1151,38.333,8,0,47.07659839953956,3.4306739909932418,8,8,8,7,5
density50-fixedstep,density50-fixedstep,1000,new_positions,7,0,timeout_other,1151,38.333,5,0,38.98948038901585,2.20905786399382,5,5,4,4,3
density50-fixedstep,density50-fixedstep,1000,new_positions,8,0,timeout_other,1150,38.3,7,0,47.50968967381377,2.220079452917375,7,5,6,6,6
density50-fixedstep,density50-fixedstep,1000,new_positions,9,0,timeout_other,1151,38.333,4,0,46.77931220585603,2.2751946342974634,4,4,3,3,2
density50-fixedstep,density50-fixedstep,1000,new_positions,10,0,timeout_other,1151,38.333,2,0,48.97231893115486,2.573291345354235,2,1,1,1,2
density50-fixedstep,density50-fixedstep,1000,new_positions,11,0,timeout_other,1151,38.333,4,0,18.146494484839025,2.073105786669713,4,4,4,4,4
density50-fixedstep,density50-fixedstep,1000,new_positions,12,0,timeout_other,1151,38.333,6,0,16.54093012688956,0.7387232640352863,6,4,3,3,2
density50-fixedstep,density50-fixedstep,1000,new_positions,13,0,timeout_other,1151,38.333,6,0,19.37666446483098,2.2301950896653944,6,6,6,5,4
density50-fixedstep,density50-fixedstep,1000,new_positions,14,0,timeout_other,1151,38.333,3,0,18.430544640347108,1.0333485906949602,3,3,3,2,2
density50-fixedstep,density50-fixedstep,1000,new_positions,15,0,timeout_other,1150,38.3,3,0,20.28684110035483,2.4286519872333887,3,3,3,3,3
density50-fixedstep,density50-fixedstep,1000,new_positions,16,0,timeout_other,1150,38.3,1,0,53.642086080633874,1.413551344877284,1,1,1,2,2
density50-fixedstep,density50-fixedstep,1000,new_positions,17,0,timeout_other,1147,38.2,4,0,38.27949455854512,0.34441198952742447,4,5,5,6,5
density50-fixedstep,density50-fixedstep,1000,new_positions,18,0,timeout_other,1151,38.333,1,0,86.81329476904295,1.0128029703382282,1,1,1,1,1
density50-fixedstep,density50-fixedstep,1000,new_positions,19,0,grasp_drop,1145,38.133,4,1,14.971576718103778,31.029208698865453,4,4,4,4,3
density50-fixedstep,density50-fixedstep,1000,new_positions,20,0,timeout_other,1150,38.3,1,0,49.52888952132459,1.3339777162454496,1,2,2,2,1
density50-fixedstep,density50-fixedstep,1000,new_positions,21,0,contact_no_grasp,1146,38.167,6,0,37.96610023666379,2.4926095875011782,6,6,4,2,3
density50-fixedstep,density50-fixedstep,1000,new_positions,22,0,timeout_other,1146,38.167,8,0,32.66706881675954,1.6037370754785503,8,7,7,5,4
density50-fixedstep,density50-fixedstep,1000,new_positions,23,0,timeout_other,1148,38.233,7,0,34.48818104324936,5.169815863649896,7,7,6,5,5
density50-fixedstep,density50-fixedstep,1000,new_positions,24,0,timeout_other,1141,38.0,3,0,33.63679767352477,1.2413887706871378,3,3,2,1,1
density50-fixedstep,density50-fixedstep,1000,new_positions,25,0,timeout_other,1142,38.033,6,0,33.871807004975636,3.4498423650321612,6,5,4,2,2
density50-fixedstep,density50-fixedstep,1000,spot_check,1,1,success,472,15.7,0,0,,,0,0,0,0,0
density50-fixedstep,density50-fixedstep,1000,spot_check,2,1,success,530,17.633,1,1,3.9525188521403827,53.79706302833163,1,1,2,2,2
density50-fixedstep,density50-fixedstep,1000,spot_check,3,1,success,451,15.0,2,1,5.48134277388321,10.801043166087299,2,2,2,2,1
density50-fixedstep,density50-fixedstep,1000,spot_check,4,1,success,465,15.467,0,0,,,0,0,1,1,1
density50-fixedstep,density50-fixedstep,1000,spot_check,5,1,success,473,15.733,0,0,,,0,0,0,1,2
density50-fixedstep,density50-fixedstep,1000,spot_check,6,1,success,701,23.333,2,1,6.168677789102848,60.476107923009664,2,2,2,2,2
density50-seed2000,density50,2000,distractors,1,1,success,455,15.133,1,1,2.7076980469509486,45.70501497351759,1,1,1,1,1
density50-seed2000,density50,2000,distractors,2,1,success,515,17.133,1,1,2.729496984071769,46.6598768068128,1,1,1,1,2
density50-seed2000,density50,2000,distractors,3,1,success,501,16.667,1,1,3.30306105059503,47.47674082055223,1,1,1,1,1
density50-seed2000,density50,2000,distractors,4,1,success,385,12.8,1,1,3.523548913973837,45.926014837826365,1,1,1,1,1
density50-seed2000,density50,2000,distractors,5,1,success,501,16.667,1,1,2.3024900176685286,47.435748180724566,1,1,2,2,2
density50-seed2000,density50,2000,distractors,6,1,success,454,15.1,1,1,1.7117440683469916,48.20567274524833,1,1,1,1,1
density50-seed2000,density50,2000,distractors,7,1,success,401,13.333,1,1,3.6157072721776196,46.405229616371315,1,1,1,1,1
density50-seed2000,density50,2000,distractors,8,0,contact_no_grasp,1151,38.333,3,1,27.21618389135546,10.56318888247256,3,4,3,3,3
density50-seed2000,density50,2000,distractors,9,0,contact_no_grasp,1151,38.333,2,0,30.438752345347343,5.190145059585259,2,2,3,3,3
density50-seed2000,density50,2000,distractors,10,1,success,716,23.833,0,0,,,0,1,2,2,2
density50-seed2000,density50,2000,distractors,11,1,success,449,14.933,1,1,2.5039379595385363,46.8953791426927,1,1,1,1,1
density50-seed2000,density50,2000,distractors,12,0,contact_no_grasp,1150,38.3,5,0,19.61932034020592,8.336616244616458,5,4,4,4,3
density50-seed2000,density50,2000,distractors,13,1,success,507,16.867,0,0,,,0,0,0,0,1
density50-seed2000,density50,2000,distractors,14,1,success,601,20.0,1,1,2.3858177167232704,47.0966660666024,1,1,1,1,1
density50-seed2000,density50,2000,distractors,15,1,success,489,16.267,1,1,2.418422949090388,48.011586399788364,1,1,1,1,1
density50-seed2000,density50,2000,in_distribution,1,1,success,651,21.667,2,1,1.114653287713086,49.71342502447757,2,2,2,2,2
density50-seed2000,density50,2000,in_distribution,2,1,success,744,24.767,1,1,2.4409799370580494,48.26222261474666,1,1,1,1,1
density50-seed2000,density50,2000,in_distribution,3,1,success,445,14.8,2,1,2.199443950643012,50.65884288302212,2,2,2,2,2
density50-seed2000,density50,2000,in_distribution,4,1,success,501,16.667,1,1,4.333485537038886,47.48566193922953,1,1,1,1,2
density50-seed2000,density50,2000,in_distribution,5,1,success,472,15.7,1,1,0.24415762885708503,50.12271639686578,1,1,1,1,1
density50-seed2000,density50,2000,in_distribution,6,1,success,458,15.233,1,1,0.6876879326928496,50.45780019983873,1,1,1,1,1
density50-seed2000,density50,2000,in_distribution,7,1,success,610,20.3,2,1,1.968091897919816,48.74310908537391,2,2,2,2,2
density50-seed2000,density50,2000,in_distribution,8,1,success,586,19.5,1,1,1.943363881273843,49.05385746605354,1,1,1,1,1
density50-seed2000,density50,2000,in_distribution,9,1,success,822,27.367,4,1,2.1257339086331832,49.29767484177138,4,3,3,3,4
density50-seed2000,density50,2000,in_distribution,10,1,success,600,19.967,1,1,2.8555921388986967,47.07697845487124,1,1,2,2,2
density50-seed2000,density50,2000,in_distribution,11,1,success,401,13.333,1,1,1.5373959919540106,49.81305714890644,1,1,1,1,1
density50-seed2000,density50,2000,in_distribution,12,1,success,478,15.9,1,1,1.4870787839529989,50.15558758024599,1,1,1,1,1
density50-seed2000,density50,2000,in_distribution,13,1,success,578,19.233,1,1,1.0848957212956911,49.796910123111495,1,1,1,1,1
density50-seed2000,density50,2000,in_distribution,14,1,success,551,18.333,1,1,1.2501906081001088,50.15786896954879,1,1,1,1,1
density50-seed2000,density50,2000,in_distribution,15,1,success,501,16.667,2,1,1.9418333060556314,49.25342384973568,2,2,2,2,2
density50-seed2000,density50,2000,new_positions,1,0,timeout_other,1151,38.333,0,0,,,0,0,0,0,0
density50-seed2000,density50,2000,new_positions,2,0,timeout_other,1151,38.333,2,1,0.9026270086080039,66.24630955561044,2,3,3,3,3
density50-seed2000,density50,2000,new_positions,3,0,timeout_other,1151,38.333,10,0,36.30725566886506,9.448212327258917,10,8,7,9,9
density50-seed2000,density50,2000,new_positions,4,0,timeout_other,1151,38.333,3,0,4.001156880670873,1.4984403753898476,3,3,2,2,2
density50-seed2000,density50,2000,new_positions,5,0,timeout_other,1151,38.333,4,1,0.8036025215830982,14.195634660446983,4,4,4,4,4
density50-seed2000,density50,2000,new_positions,6,0,timeout_other,1151,38.333,1,0,44.20487745206455,5.7962774962178685,1,2,2,2,2
density50-seed2000,density50,2000,new_positions,7,0,timeout_other,1151,38.333,1,0,51.37426545645445,0.2668121878022873,1,1,1,1,1
density50-seed2000,density50,2000,new_positions,8,0,timeout_other,1151,38.333,1,0,52.30096181102968,0.3969364100180428,1,1,1,1,1
density50-seed2000,density50,2000,new_positions,9,0,timeout_other,1151,38.333,1,0,46.51883942179441,2.374540906617028,1,2,4,2,2
density50-seed2000,density50,2000,new_positions,10,0,timeout_other,1151,38.333,3,0,46.314350230584196,0.48231573117379867,3,3,1,1,1
density50-seed2000,density50,2000,new_positions,11,0,timeout_other,1151,38.333,6,0,21.011394783883,1.6900325255067847,6,6,6,7,5
density50-seed2000,density50,2000,new_positions,12,0,timeout_other,1151,38.333,6,0,21.249560248274964,2.3555873739577198,6,6,9,7,7
density50-seed2000,density50,2000,new_positions,13,0,timeout_other,1151,38.333,6,0,23.3744930124724,1.9325181108197675,6,6,5,5,5
density50-seed2000,density50,2000,new_positions,14,0,timeout_other,1150,38.3,4,0,17.956156782230273,5.046330918510995,4,5,4,4,4
density50-seed2000,density50,2000,new_positions,15,0,timeout_other,1151,38.333,5,0,24.763506305713058,3.4999569436898637,5,5,5,5,5
density50-seed2000,density50,2000,new_positions,16,0,contact_no_grasp,1144,38.1,4,1,43.26752159730476,12.425533466539946,4,4,3,5,4
density50-seed2000,density50,2000,new_positions,17,1,success,402,13.367,1,1,1.131214618147478,63.65543830553357,1,1,1,1,1
density50-seed2000,density50,2000,new_positions,18,0,timeout_other,1147,38.2,5,0,35.00517398228514,4.9449266919234525,5,5,6,6,6
density50-seed2000,density50,2000,new_positions,19,1,success,562,18.7,1,1,1.69490412256555,60.108516583960125,1,1,1,1,1
density50-seed2000,density50,2000,new_positions,20,0,timeout_other,1148,38.233,2,0,64.41213238476656,0.7743733641237327,2,2,2,2,2
density50-seed2000,density50,2000,new_positions,21,0,contact_no_grasp,1147,38.2,4,1,39.654557183337054,14.248938842071237,4,5,4,4,3
density50-seed2000,density50,2000,new_positions,22,0,contact_no_grasp,1149,38.267,6,1,35.924692373292714,14.086659875939105,6,6,5,6,7
density50-seed2000,density50,2000,new_positions,23,0,contact_no_grasp,1137,37.867,5,0,33.80541242501644,7.184149190211848,5,5,5,5,5
density50-seed2000,density50,2000,new_positions,24,0,timeout_other,1145,38.133,4,0,40.13049189938719,7.104040041172706,4,5,6,5,5
density50-seed2000,density50,2000,new_positions,25,0,contact_no_grasp,1136,37.833,7,1,36.61986661123163,17.345484282709982,7,7,9,8,6
density50-seed2000,density50,2000,spot_check,1,1,success,471,15.667,0,0,,,0,0,0,0,0
density50-seed2000,density50,2000,spot_check,2,1,success,544,18.1,2,1,1.0931239199864926,49.40005150828775,2,2,2,2,2
density50-seed2000,density50,2000,spot_check,3,1,success,394,13.1,1,1,2.1905734893015385,15.839517674568652,1,1,1,1,1
density50-seed2000,density50,2000,spot_check,4,1,success,424,14.1,1,1,2.242392325471716,16.13543431099428,1,1,1,1,1
density50-seed2000,density50,2000,spot_check,5,1,success,451,15.0,1,1,1.7722434008492876,68.23744860682811,1,1,1,1,1
density50-seed2000,density50,2000,spot_check,6,1,success,471,15.667,1,1,0.6043457601135778,69.14256855472206,1,1,1,1,1
density50,density50,1000,distractors,1,1,success,451,15.0,1,1,2.163205863620849,47.6676086159966,1,1,1,1,2
density50,density50,1000,distractors,2,1,success,426,14.167,1,1,1.2543191809700325,47.904860439153104,1,1,1,1,1
density50,density50,1000,distractors,3,1,success,457,15.2,2,1,2.307638974017255,48.40994845197184,2,2,2,2,2
density50,density50,1000,distractors,4,1,success,453,15.067,1,1,2.1342045388597306,46.8659653224827,1,1,1,1,1
density50,density50,1000,distractors,5,1,success,501,16.667,1,1,4.298821445808503,44.97260035698337,1,1,1,1,1
density50,density50,1000,distractors,6,1,success,661,22.0,1,1,3.1836707560029502,45.91197190065882,1,1,1,1,2
density50,density50,1000,distractors,7,1,success,472,15.7,1,1,2.9693612784045094,46.72974050968088,1,1,1,1,2
density50,density50,1000,distractors,8,1,success,601,20.0,2,1,3.110219428243962,45.838616459999784,2,2,2,2,2
density50,density50,1000,distractors,9,1,success,1150,38.3,2,2,3.051932735802975,45.652141379247865,2,3,3,3,3
density50,density50,1000,distractors,10,0,contact_no_grasp,1147,38.2,3,0,22.335318375859657,5.757922656234358,3,4,3,3,3
density50,density50,1000,distractors,11,0,timeout_other,1146,38.167,4,0,22.090524037236584,3.1104703281219095,4,3,3,3,3
density50,density50,1000,distractors,12,0,contact_no_grasp,1150,38.3,3,0,26.41640180263557,9.565617939800902,3,4,4,4,4
density50,density50,1000,distractors,13,1,success,451,15.0,1,1,2.8992678083346384,46.874956999592044,1,1,1,1,1
density50,density50,1000,distractors,14,1,success,1149,38.267,3,2,2.7184138826689868,45.641253670426124,3,3,3,3,5
density50,density50,1000,distractors,15,0,contact_no_grasp,1151,38.333,4,0,32.29711263949238,2.889733701040381,4,4,5,5,5
density50,density50,1000,in_distribution,1,1,success,451,15.0,1,1,0.6780159999309667,50.74026007683995,1,1,1,1,1
density50,density50,1000,in_distribution,2,1,success,551,18.333,1,1,0.8699783556673175,51.02057425383078,1,1,1,1,1
density50,density50,1000,in_distribution,3,0,contact_no_grasp,1151,38.333,6,1,27.93418875733503,14.766461421645003,6,6,6,6,6
density50,density50,1000,in_distribution,4,1,success,451,15.0,1,1,1.6110843236770513,51.113177672913615,1,1,1,1,1
density50,density50,1000,in_distribution,5,1,success,978,32.567,1,1,1.923835478312423,50.186635099536424,1,1,1,1,1
density50,density50,1000,in_distribution,6,1,success,622,20.7,1,1,1.7440743037481887,49.904987549099,1,1,1,1,1
density50,density50,1000,in_distribution,7,1,success,544,18.1,1,1,1.6225401183362784,49.64217186325537,1,1,1,1,1
density50,density50,1000,in_distribution,8,1,success,873,29.067,1,1,0.7906127839504897,50.05868371518954,1,1,1,1,1
density50,density50,1000,in_distribution,9,1,success,503,16.733,1,1,2.5532709678720487,49.2542976887787,1,1,1,2,2
density50,density50,1000,in_distribution,10,1,success,801,26.667,1,1,2.2214183792486573,49.429781936846666,1,1,1,1,1
density50,density50,1000,in_distribution,11,1,success,551,18.333,1,1,0.3687997530341498,52.68682790929189,1,1,1,1,1
density50,density50,1000,in_distribution,12,1,success,451,15.0,1,1,2.3928229025919627,48.41661531920482,1,1,1,1,1
density50,density50,1000,in_distribution,13,1,success,421,14.0,1,1,1.9583041769617573,49.93861497413549,1,1,1,1,1
density50,density50,1000,in_distribution,14,1,success,452,15.033,1,1,0.88423477732157,48.73947080314717,1,1,1,1,1
density50,density50,1000,in_distribution,15,1,success,515,17.133,1,1,0.8117911687074262,49.25863793694476,1,1,1,1,1
density50,density50,1000,new_positions,1,0,timeout_other,1151,38.333,5,0,41.766966278144125,1.987902409296435,5,5,5,7,6
density50,density50,1000,new_positions,2,0,timeout_other,1150,38.3,8,0,38.762380184746974,5.69602662861568,8,6,5,5,6
density50,density50,1000,new_positions,3,0,timeout_other,1151,38.333,6,0,44.58739486390344,3.1166618305338716,6,6,7,7,6
density50,density50,1000,new_positions,4,0,timeout_other,1151,38.333,3,1,2.2635342757913826,57.18018606369813,3,3,4,5,6
density50,density50,1000,new_positions,5,0,timeout_other,1149,38.267,5,0,37.30499396166401,7.8063732461783495,5,7,6,6,4
density50,density50,1000,new_positions,6,0,timeout_other,1149,38.267,2,0,44.550165089825555,1.151209666961762,2,2,2,2,2
density50,density50,1000,new_positions,7,0,timeout_other,1149,38.267,2,0,46.18377732910825,2.1390928464540764,2,3,3,3,3
density50,density50,1000,new_positions,8,0,timeout_other,1134,37.767,1,0,50.994552540617676,0.2052635247721355,1,1,1,1,1
density50,density50,1000,new_positions,9,0,timeout_other,1135,37.8,1,0,49.99003928144947,0.051532984060870035,1,1,1,1,1
density50,density50,1000,new_positions,10,0,timeout_other,1142,38.033,2,0,49.05069306644192,1.1383282301371054,2,2,2,1,1
density50,density50,1000,new_positions,11,0,timeout_other,1147,38.2,2,0,24.57067825229123,1.9482227895215072,2,2,2,3,3
density50,density50,1000,new_positions,12,0,timeout_other,1141,38.0,1,0,19.55582317893699,0.008501386466155836,1,1,1,1,1
density50,density50,1000,new_positions,13,0,timeout_other,1135,37.8,2,0,20.01231995155397,0.34545498788829665,2,1,1,1,1
density50,density50,1000,new_positions,14,0,timeout_other,1131,37.667,7,0,24.900541183590473,1.3781694572901335,7,6,5,5,5
density50,density50,1000,new_positions,15,0,timeout_other,1121,37.333,5,0,20.14198283017559,1.9505358396591914,5,4,4,4,3
density50,density50,1000,new_positions,16,0,timeout_other,1137,37.867,1,0,45.08030159664628,3.2736073028796184,1,1,1,1,1
density50,density50,1000,new_positions,17,0,timeout_other,1130,37.633,1,1,36.28327394332726,13.856141407768856,1,1,1,1,2
density50,density50,1000,new_positions,18,0,timeout_other,1114,37.1,3,0,40.69132288271215,8.072707807671406,3,4,4,3,3
density50,density50,1000,new_positions,19,0,timeout_other,1113,37.067,1,0,44.211904598845976,4.731105695777629,1,1,1,1,2
density50,density50,1000,new_positions,20,0,timeout_other,1107,36.867,2,0,46.85855681243095,1.0357742629453313,2,2,2,2,2
density50,density50,1000,new_positions,21,0,contact_no_grasp,1111,37.0,5,0,34.26422586615223,8.842905559970525,5,5,5,6,5
density50,density50,1000,new_positions,22,0,contact_no_grasp,1101,36.667,4,1,34.37012095602039,19.90334368484019,4,4,4,4,5
density50,density50,1000,new_positions,23,0,contact_no_grasp,1107,36.867,6,1,32.891190213239845,10.43803993431126,6,6,6,6,6
density50,density50,1000,new_positions,24,0,contact_no_grasp,1097,36.533,5,0,41.01106836807282,9.221422600843667,5,4,4,4,4
density50,density50,1000,new_positions,25,0,contact_no_grasp,1081,36.0,5,0,39.19266359526391,4.050158932443921,5,5,5,5,6
density50,density50,1000,spot_check,1,1,success,913,30.4,1,1,1.5782438965364527,49.62574803130394,1,1,1,1,1
density50,density50,1000,spot_check,2,1,success,499,16.6,1,1,2.0287793862408954,49.81564429141476,1,1,1,1,1
density50,density50,1000,spot_check,3,1,success,616,20.5,1,1,2.5084717910950793,16.04202761130047,1,1,1,1,1
density50,density50,1000,spot_check,4,1,success,585,19.467,1,1,1.247997869135009,15.603014856306165,1,1,1,1,1
density50,density50,1000,spot_check,5,1,success,601,20.0,1,1,1.8439488597127998,68.2824612680918,1,1,1,1,2
density50,density50,1000,spot_check,6,1,success,786,26.167,1,1,0.9065059131799167,68.89344301388576,1,1,1,1,1
density5,density5,1000,distractors,1,1,success,1150,38.3,3,2,4.116429708162375,42.19475830793971,3,3,3,3,3
density5,density5,1000,distractors,2,0,contact_no_grasp,1145,38.133,3,0,37.15408394904397,8.286993765792502,3,2,2,2,1
density5,density5,1000,distractors,3,0,timeout_other,1151,38.333,3,0,34.97702930925668,0.8662228030384966,3,2,2,1,1
density5,density5,1000,distractors,4,0,contact_no_grasp,1150,38.3,3,0,38.30603900251861,6.2067213229961595,3,3,3,2,2
density5,density5,1000,distractors,5,1,success,838,27.9,1,1,4.66784023621403,45.751994224925696,1,1,1,1,1
density5,density5,1000,distractors,6,0,contact_no_grasp,1147,38.2,4,0,35.745024824340234,9.47625613791337,4,4,4,3,3
density5,density5,1000,distractors,7,0,timeout_other,1151,38.333,4,0,37.729858846437985,2.2233902716518106,4,3,3,3,3
density5,density5,1000,distractors,8,0,grasp_drop,1150,38.3,3,1,15.087866060066998,35.362436979382274,3,1,1,1,3
density5,density5,1000,distractors,9,0,timeout_other,1150,38.3,2,0,36.436430970629345,0.943623593801453,2,2,2,2,2
density5,density5,1000,distractors,10,0,contact_no_grasp,1146,38.167,5,0,32.95938652085322,7.609770768939747,5,5,4,4,4
density5,density5,1000,distractors,11,0,grasp_drop,358,11.9,1,1,8.64013160672916,41.40050013031319,1,1,1,1,1
density5,density5,1000,distractors,12,1,success,1151,38.333,4,2,5.754284499320601,44.30335724741633,4,3,3,3,2
density5,density5,1000,distractors,13,0,contact_no_grasp,1149,38.267,3,0,36.64438430947439,7.648213806963314,3,3,3,3,2
density5,density5,1000,distractors,14,1,success,601,20.0,2,1,5.755096825884404,42.60430115781649,2,2,2,2,2
density5,density5,1000,distractors,15,0,timeout_other,1149,38.267,3,0,35.8659805210689,1.105638870408697,3,2,2,2,1
density5,density5,1000,in_distribution,1,1,success,381,12.667,1,1,3.5214086415351353,45.204372141917695,1,1,1,1,1
density5,density5,1000,in_distribution,2,1,success,401,13.333,1,1,3.051574516071053,46.33260870708178,1,1,1,1,1
density5,density5,1000,in_distribution,3,0,contact_no_grasp,1149,38.267,3,1,30.058285901640133,13.207014009650482,3,3,2,2,2
density5,density5,1000,in_distribution,4,1,success,437,14.533,1,1,7.153923168751032,42.30017984217741,1,1,1,1,1
density5,density5,1000,in_distribution,5,1,success,400,13.3,1,1,2.1145784396077936,49.06295588540623,1,1,1,1,1
density5,density5,1000,in_distribution,6,1,success,414,13.767,1,1,4.95705382159537,46.698065201264306,1,1,1,1,1
density5,density5,1000,in_distribution,7,1,success,403,13.4,1,1,3.7217584047320322,46.275541409081775,1,1,1,1,1
density5,density5,1000,in_distribution,8,1,success,410,13.633,1,1,5.230335674859031,44.18534555603498,1,1,1,1,1
density5,density5,1000,in_distribution,9,1,success,465,15.467,1,1,1.5493149393979415,46.87347346332853,1,1,1,1,1
density5,density5,1000,in_distribution,10,1,success,442,14.7,1,1,2.6142823013043106,48.385057608174996,1,1,1,1,1
density5,density5,1000,in_distribution,11,1,success,403,13.4,1,1,2.9691568398706316,46.98577173090479,1,2,2,2,2
density5,density5,1000,in_distribution,12,1,success,482,16.033,1,1,2.0774683227331785,48.282273873781435,1,1,1,1,1
density5,density5,1000,in_distribution,13,1,success,482,16.033,1,1,4.478834097861313,47.97952935216252,1,1,1,1,1
density5,density5,1000,in_distribution,14,0,timeout_other,1151,38.333,1,0,42.794311522245906,0.06313894153701227,1,1,1,1,1
density5,density5,1000,in_distribution,15,1,success,422,14.033,1,1,2.969229207493246,49.32484345648989,1,1,1,1,1
density5,density5,1000,new_positions,1,0,timeout_other,1128,37.567,2,0,3.4914282940522448,0.1573633953663247,2,2,2,2,2
density5,density5,1000,new_positions,2,0,timeout_other,1101,36.667,2,0,1.6422473805376931,9.720623055265403,2,2,2,3,3
density5,density5,1000,new_positions,3,0,timeout_other,1101,36.667,4,1,1.5883319431283418,13.848863486422463,4,6,4,4,4
density5,density5,1000,new_positions,4,0,timeout_other,1126,37.5,0,0,,,0,0,0,0,0
density5,density5,1000,new_positions,5,0,timeout_other,1104,36.767,3,0,5.480222884923311,5.792717009185436,3,2,2,2,2
density5,density5,1000,new_positions,6,0,timeout_other,1089,36.267,2,0,34.72042025331886,3.76977419702105,2,4,3,3,3
density5,density5,1000,new_positions,7,0,timeout_other,1053,35.067,2,0,43.207311484666945,0.8484814280579229,2,2,1,1,1
density5,density5,1000,new_positions,8,0,timeout_other,1071,35.667,0,0,,,0,0,0,0,0
density5,density5,1000,new_positions,9,0,timeout_other,1054,35.1,0,0,,,0,0,0,0,0
density5,density5,1000,new_positions,10,0,timeout_other,1051,35.0,0,0,,,0,0,0,0,0
density5,density5,1000,new_positions,11,0,timeout_other,1006,33.5,0,0,,,0,0,0,0,0
density5,density5,1000,new_positions,12,0,timeout_other,984,32.767,1,0,20.949636254747283,0.11158182811241346,1,1,1,1,1
density5,density5,1000,new_positions,13,0,timeout_other,994,33.1,2,0,23.247550251865643,1.0567599689070666,2,2,2,2,2
density5,density5,1000,new_positions,14,0,timeout_other,940,31.3,1,0,25.172251754848205,0.8171059929775355,1,1,1,1,1
density5,density5,1000,new_positions,15,0,timeout_other,938,31.233,3,0,24.889042420655322,1.8694836500379015,3,2,2,2,3
density5,density5,1000,new_positions,16,0,timeout_other,925,30.8,1,0,68.17533922003572,0.49758891792573223,1,1,1,1,1
density5,density5,1000,new_positions,17,0,timeout_other,919,30.6,2,0,49.61787455927691,4.115307884698936,2,2,2,2,2
density5,density5,1000,new_positions,18,0,timeout_other,966,32.167,6,0,50.525299415951,2.0663235835381926,6,7,5,5,3
density5,density5,1000,new_positions,19,0,timeout_other,964,32.1,2,0,51.56477890117398,3.3295167189178443,2,2,2,2,2
density5,density5,1000,new_positions,20,0,timeout_other,954,31.767,2,0,48.23370446917944,3.3983093809712983,2,2,2,2,2
density5,density5,1000,new_positions,21,0,timeout_other,980,32.633,3,0,45.12853642630668,3.288174905311088,3,3,2,2,2
density5,density5,1000,new_positions,22,0,timeout_other,983,32.733,4,0,47.93227703829204,5.224104697239298,4,3,4,3,5
density5,density5,1000,new_positions,23,0,timeout_other,1004,33.433,7,0,40.870449031387984,2.557417507334641,7,7,7,6,5
density5,density5,1000,new_positions,24,0,timeout_other,1001,33.333,5,0,41.43908667200204,3.3660171385719693,5,5,5,6,3
density5,density5,1000,new_positions,25,0,timeout_other,1007,33.533,6,0,43.94270608868811,4.1556510251136665,6,5,3,2,2
density5,density5,1000,spot_check,1,1,success,791,26.333,1,1,4.002099719581334,52.23385182151491,1,1,1,1,1
density5,density5,1000,spot_check,2,1,success,510,16.967,1,1,2.1790884969673066,43.91573455042824,1,1,1,2,2
density5,density5,1000,spot_check,3,1,success_after_missed_grasp,701,23.333,3,2,1.2778531318429351,17.234694880065152,3,3,3,4,4
density5,density5,1000,spot_check,4,1,success,451,15.0,1,1,4.575562471432942,12.911695536855495,1,1,1,1,1
density5,density5,1000,spot_check,5,0,contact_no_grasp,1151,38.333,6,0,50.25656948614953,8.500724302410063,6,5,5,5,5
density5,density5,1000,spot_check,6,0,contact_no_grasp,1151,38.333,2,0,61.071990289658956,3.9031260152052383,2,2,2,2,3
density,density,1000,in_distribution,1,1,success,419,13.933,1,1,3.624357012270128,46.37954453791632,1,1,1,1,1
density,density,1000,in_distribution,2,1,success,413,13.733,1,1,3.0632854065999844,46.43120416531676,1,1,1,1,1
density,density,1000,in_distribution,3,1,success,420,13.967,1,1,4.444524607981723,45.71467966951721,1,1,1,1,1
density,density,1000,in_distribution,4,1,success,401,13.333,1,1,3.1814002218435498,46.55667334020811,1,1,1,1,1
density,density,1000,in_distribution,5,1,success,367,12.2,1,1,3.2565304784471074,46.72126264269207,1,1,1,1,1
density,density,1000,in_distribution,6,1,success,403,13.4,1,1,1.5860740733028926,48.196995867297346,1,1,1,1,1
density,density,1000,in_distribution,7,1,success,401,13.333,1,1,2.330986578261939,48.20406075645468,1,1,1,1,1
density,density,1000,in_distribution,8,1,success,430,14.3,1,1,2.615887053335694,47.16408555301682,1,1,1,1,1
density,density,1000,in_distribution,9,1,success,391,13.0,1,1,2.544226824236315,48.08644889618825,1,1,1,1,1
density,density,1000,in_distribution,10,1,success,424,14.1,1,1,2.9718054948581774,46.564612068408465,1,1,1,1,1
density,density,1000,in_distribution,11,1,success,415,13.8,1,1,3.5568108825161424,46.4994395966761,1,1,1,1,1
density,density,1000,in_distribution,12,1,success,372,12.367,1,1,2.3143130780125,48.3230114177394,1,1,1,1,1
density,density,1000,in_distribution,13,1,success,396,13.167,1,1,2.7800855706575653,46.0799715273583,1,1,1,1,1
density,density,1000,in_distribution,14,1,success,450,14.967,1,1,2.151817009012536,46.57313335597084,1,1,1,1,1
density,density,1000,in_distribution,15,1,success,388,12.9,1,1,2.604447541391554,46.70633501133811,1,1,1,1,1
density,density,1000,new_positions,1,0,timeout_other,1149,38.267,4,0,3.308341827229061,5.588510051703402,4,4,3,3,4
density,density,1000,new_positions,2,0,timeout_other,1116,37.167,5,0,0.9903890337382002,9.530971488178537,5,7,6,4,4
density,density,1000,new_positions,3,0,timeout_other,1144,38.1,3,0,0.542337562679851,4.217094755091033,3,3,2,2,1
density,density,1000,new_positions,4,0,timeout_other,1116,37.167,4,0,3.784470126669678,4.0915278839091584,4,4,5,4,3
density,density,1000,new_positions,5,0,timeout_other,1118,37.233,2,0,0.4417176202023505,5.285172115579087,2,2,3,3,4
density,density,1000,new_positions,6,0,timeout_other,1125,37.467,2,0,1.0788674983322402,5.500827630958078,2,2,2,2,2
density,density,1000,new_positions,7,0,timeout_other,1151,38.333,4,0,37.27312868823809,5.376972254050944,4,4,3,3,3
density,density,1000,new_positions,8,0,timeout_other,1151,38.333,3,0,42.50146146382839,2.8933968596373916,3,1,1,1,1
density,density,1000,new_positions,9,0,timeout_other,1148,38.233,5,0,41.64683240622972,5.571518133914488,5,5,5,5,5
density,density,1000,new_positions,10,0,timeout_other,1148,38.233,2,0,0.8388545997471901,1.3110625085458665,2,1,1,1,1
density,density,1000,new_positions,11,0,timeout_other,1145,38.133,3,0,0.27312457899746434,2.829722397693061,3,3,2,1,1
density,density,1000,new_positions,12,0,timeout_other,1146,38.167,2,0,9.292006486869699,0.6375008610995554,2,1,1,1,1
density,density,1000,new_positions,13,0,timeout_other,1150,38.3,1,0,47.71816295327464,0.09845434137088915,1,1,1,1,1
density,density,1000,new_positions,14,0,timeout_other,1146,38.167,0,0,,,0,0,0,0,0
density,density,1000,new_positions,15,0,timeout_other,1145,38.133,0,0,,,0,0,0,0,0
density,density,1000,trained_t2,1,1,success,397,13.2,1,0,2.544373368672101,8.458524932475378,1,1,1,1,1
density,density,1000,trained_t2,2,1,success,399,13.267,1,0,2.9518881159252253,9.030129645616462,1,1,1,1,1
density,density,1000,trained_t2,3,1,success,439,14.6,1,0,2.7977649808612917,9.675031905318498,1,1,1,1,1
density,density,1000,trained_t2,4,1,success,367,12.2,1,0,1.7625714680874047,8.7775177945609,1,1,1,1,1
density,density,1000,trained_t2,5,1,success,401,13.333,1,1,3.4988842189976417,10.075043939297487,1,1,1,1,1
density,density,1000,trained_t2,6,1,success,392,13.033,1,0,4.331717957856629,9.3799257862661,1,1,1,1,1
density,density,1000,trained_t2,7,1,success,397,13.2,1,0,2.7264086957768647,9.971451496721258,1,1,1,1,1
density,density,1000,trained_t2,8,1,success,385,12.8,1,0,1.8424834153549448,9.141885156023143,1,1,1,1,1
density,density,1000,trained_t2,9,1,success,401,13.333,1,0,1.990176687149944,8.893137736014971,1,1,1,1,1
density,density,1000,trained_t2,10,1,success,417,13.867,2,0,1.8810698317308088,8.51704862888041,2,2,2,2,2
density,density,1000,trained_t2,11,1,success,361,12.0,1,0,2.554651380273338,9.66805385730828,1,1,1,1,1
density,density,1000,trained_t2,12,1,success,401,13.333,1,0,2.1040272402311935,9.178246268003733,1,1,1,1,1
density,density,1000,trained_t2,13,1,success,399,13.267,1,1,3.7014864244482943,11.036688428021861,1,1,1,1,1
density,density,1000,trained_t2,14,1,success,408,13.567,1,0,2.4085646697002865,8.696596318957944,1,1,1,1,1
density,density,1000,trained_t2,15,1,success,401,13.333,2,0,2.079832934801974,7.459694340872659,2,2,2,2,2
randomized-seed2000,randomized,2000,different_object,1,1,success,954,31.767,1,1,0.9088813803921063,50.67512017053777,1,1,1,1,3
randomized-seed2000,randomized,2000,different_object,2,0,no_departure,1151,38.333,0,0,,,0,0,0,0,0
randomized-seed2000,randomized,2000,different_object,3,0,timeout_other,1151,38.333,0,0,,,0,0,0,0,0
randomized-seed2000,randomized,2000,different_object,4,0,no_departure,1151,38.333,0,0,,,0,0,0,0,0
randomized-seed2000,randomized,2000,different_object,5,0,no_departure,1151,38.333,0,0,,,0,0,0,0,0
randomized-seed2000,randomized,2000,different_object,6,0,no_departure,1151,38.333,0,0,,,0,0,0,0,0
randomized-seed2000,randomized,2000,different_object,7,0,timeout_other,1151,38.333,0,0,,,0,0,0,0,0
randomized-seed2000,randomized,2000,different_object,8,0,timeout_other,1149,38.267,0,0,,,0,0,0,0,0
randomized-seed2000,randomized,2000,different_object,9,0,no_departure,1151,38.333,0,0,,,0,0,0,0,0
randomized-seed2000,randomized,2000,different_object,10,0,no_departure,1151,38.333,0,0,,,0,0,0,0,0
randomized-seed2000,randomized,2000,different_object,11,1,success,505,16.8,1,1,2.378090663819048,47.45629696716479,1,1,1,1,1
randomized-seed2000,randomized,2000,different_object,12,0,contact_no_grasp,1149,38.267,0,0,,,0,0,0,0,0
randomized-seed2000,randomized,2000,different_object,13,0,timeout_other,1148,38.233,0,0,,,0,0,0,0,0
randomized-seed2000,randomized,2000,different_object,14,0,no_departure,1150,38.3,0,0,,,0,0,0,0,0
randomized-seed2000,randomized,2000,different_object,15,0,no_departure,1149,38.267,0,0,,,0,0,0,0,0
randomized-seed2000,randomized,2000,distractors,1,0,timeout_other,1149,38.267,8,0,33.748550017847954,2.833888511267215,8,8,7,7,7
randomized-seed2000,randomized,2000,distractors,2,0,timeout_other,1150,38.3,9,0,31.455822970080195,2.1406826726633064,9,8,8,8,8
randomized-seed2000,randomized,2000,distractors,3,0,timeout_other,1150,38.3,6,0,29.930517019391516,1.8364278161456244,6,6,5,5,5
randomized-seed2000,randomized,2000,distractors,4,0,timeout_other,1151,38.333,6,0,32.582893059627324,5.870542959731232,6,7,7,6,6
randomized-seed2000,randomized,2000,distractors,5,0,contact_no_grasp,1151,38.333,5,0,34.52626721843393,7.588108878004242,5,5,5,5,5
randomized-seed2000,randomized,2000,distractors,6,0,contact_no_grasp,1151,38.333,8,0,31.407256606248716,3.3067191086050016,8,8,8,8,8
randomized-seed2000,randomized,2000,distractors,7,0,timeout_other,1150,38.3,7,0,33.68416951928553,2.6845457099743353,7,6,5,5,4
randomized-seed2000,randomized,2000,distractors,8,0,contact_no_grasp,1151,38.333,4,0,36.89819836766057,0.8407154775565377,4,5,4,4,4
randomized-seed2000,randomized,2000,distractors,9,0,contact_no_grasp,1151,38.333,7,1,29.62287100477087,12.079050858410579,7,5,6,5,4
randomized-seed2000,randomized,2000,distractors,10,0,contact_no_grasp,1151,38.333,10,0,30.71480621778021,3.0751920166946203,10,9,8,7,7
randomized-seed2000,randomized,2000,distractors,11,0,timeout_other,1150,38.3,7,0,31.317599227852583,2.45072004145079,7,7,8,8,7
randomized-seed2000,randomized,2000,distractors,12,0,timeout_other,1150,38.3,6,0,39.53250104644707,2.258519324857465,6,5,5,5,5
randomized-seed2000,randomized,2000,distractors,13,0,timeout_other,1149,38.267,7,0,36.071119211692036,1.527549799287243,7,7,6,6,7
randomized-seed2000,randomized,2000,distractors,14,0,timeout_other,1150,38.3,8,0,36.58431104135022,2.3585684677116276,8,8,8,7,6
randomized-seed2000,randomized,2000,distractors,15,0,timeout_other,1149,38.267,7,0,33.7494460194754,3.027324000421329,7,7,6,6,6
randomized-seed2000,randomized,2000,in_distribution,1,0,contact_no_grasp,1148,38.233,2,0,49.70234747595947,3.801684700211112,2,2,2,2,2
randomized-seed2000,randomized,2000,in_distribution,2,0,contact_no_grasp,1151,38.333,0,0,,,0,0,1,1,1
randomized-seed2000,randomized,2000,in_distribution,3,1,success,848,28.233,1,1,2.4647545102761335,49.26301436892213,1,1,1,1,1
randomized-seed2000,randomized,2000,in_distribution,4,1,success,553,18.4,1,1,3.7479229186868217,45.622481509120995,1,1,1,1,1
randomized-seed2000,randomized,2000,in_distribution,5,0,contact_no_grasp,1150,38.3,1,0,50.29227928952663,0.1438668337494775,1,1,1,2,2
randomized-seed2000,randomized,2000,in_distribution,6,0,contact_no_grasp,1151,38.333,4,1,23.498440658098364,19.84602852773275,4,4,4,4,4
randomized-seed2000,randomized,2000,in_distribution,7,1,success,646,21.5,1,1,1.7128404378295379,49.30193005798087,1,2,2,2,2
randomized-seed2000,randomized,2000,in_distribution,8,1,success,533,17.733,1,1,1.9871987594795293,48.821092435498876,1,1,1,1,2
randomized-seed2000,randomized,2000,in_distribution,9,0,contact_no_grasp,1145,38.133,5,1,19.38685744447566,18.85403260578794,5,5,6,5,6
randomized-seed2000,randomized,2000,in_distribution,10,0,timeout_other,1150,38.3,4,0,41.34724854052831,6.091032632300601,4,4,4,3,3
randomized-seed2000,randomized,2000,in_distribution,11,0,contact_no_grasp,1149,38.267,7,1,23.268355943366135,25.791891709076886,7,7,7,7,7
randomized-seed2000,randomized,2000,in_distribution,12,1,success,551,18.333,1,1,1.7640314848735734,50.321526538891646,1,1,1,1,1
randomized-seed2000,randomized,2000,in_distribution,13,0,contact_no_grasp,1151,38.333,2,0,37.26723163159062,7.981667529236958,2,2,2,3,3
randomized-seed2000,randomized,2000,in_distribution,14,0,timeout_other,1149,38.267,2,0,37.47035126554293,1.824611201043039,2,2,2,2,2
randomized-seed2000,randomized,2000,in_distribution,15,1,success,652,21.7,1,1,4.55251700201266,46.654498083262276,1,1,1,1,1
randomized-seed2000,randomized,2000,new_positions,1,0,timeout_other,1151,38.333,1,0,21.359742667485147,7.095074597326557,1,1,1,1,1
randomized-seed2000,randomized,2000,new_positions,2,0,no_departure,1150,38.3,0,0,,,0,0,0,0,0
randomized-seed2000,randomized,2000,new_positions,3,0,no_departure,1151,38.333,0,0,,,0,0,0,0,0
randomized-seed2000,randomized,2000,new_positions,4,0,no_departure,1151,38.333,0,0,,,0,0,0,0,0
randomized-seed2000,randomized,2000,new_positions,5,0,timeout_other,1151,38.333,1,0,26.504234587869494,6.678764470140422,1,1,1,1,1
randomized-seed2000,randomized,2000,new_positions,6,0,timeout_other,1151,38.333,0,0,,,0,0,0,0,0
randomized-seed2000,randomized,2000,new_positions,7,0,no_departure,1151,38.333,0,0,,,0,0,0,0,0
randomized-seed2000,randomized,2000,new_positions,8,0,contact_no_grasp,1151,38.333,1,0,30.46580720720906,0.9484410159791006,1,1,1,1,1
randomized-seed2000,randomized,2000,new_positions,9,0,no_departure,1151,38.333,0,0,,,0,0,0,0,0
randomized-seed2000,randomized,2000,new_positions,10,0,timeout_other,1151,38.333,1,0,66.9555829409374,1.1725581156318157,1,1,1,1,1
randomized-seed2000,randomized,2000,new_positions,11,0,no_departure,1151,38.333,0,0,,,0,0,0,0,0
randomized-seed2000,randomized,2000,new_positions,12,0,no_departure,1150,38.3,0,0,,,0,0,0,0,0
randomized-seed2000,randomized,2000,new_positions,13,0,timeout_other,1151,38.333,1,0,29.17084389398257,2.474295716781103,1,1,2,2,2
randomized-seed2000,randomized,2000,new_positions,14,0,timeout_other,1151,38.333,4,0,42.39559939168805,3.5753947626895126,4,3,3,3,4
randomized-seed2000,randomized,2000,new_positions,15,0,no_departure,1151,38.333,0,0,,,0,0,0,0,0
randomized-seed2000,randomized,2000,reduced_lighting,1,1,success_after_missed_grasp,851,28.333,2,1,2.7186147028217285,46.73464703449386,2,2,2,2,2
randomized-seed2000,randomized,2000,reduced_lighting,2,0,contact_no_grasp,1151,38.333,0,0,,,0,0,0,0,0
randomized-seed2000,randomized,2000,reduced_lighting,3,0,timeout_other,1151,38.333,3,1,25.46822945145541,25.609439363546823,3,3,3,4,3
randomized-seed2000,randomized,2000,reduced_lighting,4,0,timeout_other,1151,38.333,0,0,,,0,0,0,0,0
randomized-seed2000,randomized,2000,reduced_lighting,5,1,success,551,18.333,1,1,3.449221937981253,47.30135607796536,1,2,2,2,2
randomized-seed2000,randomized,2000,reduced_lighting,6,1,success,555,18.467,1,1,1.5148914705127403,48.70073422395439,1,1,1,1,1
randomized-seed2000,randomized,2000,reduced_lighting,7,0,no_departure,1151,38.333,0,0,,,0,0,0,0,0
randomized-seed2000,randomized,2000,reduced_lighting,8,0,contact_no_grasp,1151,38.333,4,0,34.03645013087892,8.04304522375869,4,4,5,4,4
randomized-seed2000,randomized,2000,reduced_lighting,9,1,success,888,29.567,1,1,4.848010287846019,44.959348036092834,1,1,1,1,1
randomized-seed2000,randomized,2000,reduced_lighting,10,0,contact_no_grasp,1151,38.333,1,0,50.47904203157843,1.106173486220733,1,1,1,1,1
randomized-seed2000,randomized,2000,reduced_lighting,11,1,success,951,31.667,1,1,2.4725466940407053,48.04966805199653,1,1,1,1,1
randomized-seed2000,randomized,2000,reduced_lighting,12,0,grasp_drop,1151,38.333,1,0,45.186658482406216,5.800326464702927,1,1,1,1,1
randomized-seed2000,randomized,2000,reduced_lighting,13,0,contact_no_grasp,1151,38.333,5,0,35.5527725458158,3.7458960476431074,5,7,6,4,3
randomized-seed2000,randomized,2000,reduced_lighting,14,0,no_departure,1150,38.3,0,0,,,0,0,0,0,0
randomized-seed2000,randomized,2000,reduced_lighting,15,0,contact_no_grasp,1148,38.233,2,1,27.009103034660512,15.900096611455819,2,2,3,3,3
randomized,randomized,1000,different_object,1,0,no_departure,1151,38.333,0,0,,,0,0,0,0,0
randomized,randomized,1000,different_object,2,0,no_departure,1151,38.333,0,0,,,0,0,0,0,0
randomized,randomized,1000,different_object,3,0,no_departure,1151,38.333,0,0,,,0,0,0,0,0
randomized,randomized,1000,different_object,4,0,contact_no_grasp,1151,38.333,2,0,54.46445907964451,3.6811473788006523,2,2,2,2,2
randomized,randomized,1000,different_object,5,0,timeout_other,1151,38.333,0,0,,,0,0,0,0,0
randomized,randomized,1000,different_object,6,0,timeout_other,1150,38.3,3,0,40.587314326305915,3.3778365805348116,3,3,3,3,3
randomized,randomized,1000,different_object,7,0,timeout_other,1151,38.333,4,0,46.06173682096403,1.7903695558096473,4,6,5,4,5
randomized,randomized,1000,different_object,8,0,contact_no_grasp,1143,38.067,0,0,,,0,0,0,0,0
randomized,randomized,1000,different_object,9,0,no_departure,1140,37.967,0,0,,,0,0,0,0,0
randomized,randomized,1000,different_object,10,0,timeout_other,1142,38.033,2,0,45.46177666409362,1.6708996568326953,2,2,3,2,2
randomized,randomized,1000,different_object,11,0,grasp_drop,1140,37.967,6,1,18.409812221064513,26.20995403732548,6,6,6,6,6
randomized,randomized,1000,different_object,12,0,timeout_other,1150,38.3,1,0,63.99509586756848,0.354941478617242,1,1,1,1,1
randomized,randomized,1000,different_object,13,0,timeout_other,1150,38.3,6,1,25.589362675008296,10.003371045864142,6,6,6,6,6
randomized,randomized,1000,different_object,14,0,timeout_other,1146,38.167,1,0,50.060087772381166,0.6845796179887529,1,1,1,1,1
randomized,randomized,1000,different_object,15,0,timeout_other,1135,37.8,1,0,50.49217313670108,1.9254147763629135,1,1,1,1,1
randomized,randomized,1000,distractors,1,0,timeout_other,1151,38.333,6,0,36.743277379557355,1.8810317134159575,6,6,6,7,6
randomized,randomized,1000,distractors,2,0,contact_no_grasp,1151,38.333,6,0,35.855916446251996,4.216667333819988,6,6,5,5,5
randomized,randomized,1000,distractors,3,0,timeout_other,1151,38.333,7,1,31.034250133688534,10.789754721555358,7,6,5,4,4
randomized,randomized,1000,distractors,4,1,success,701,23.333,1,1,3.1055462890138905,48.200977895731484,1,2,2,2,2
randomized,randomized,1000,distractors,5,0,timeout_other,1151,38.333,6,0,44.087503750983416,1.3227227417389642,6,6,5,5,5
randomized,randomized,1000,distractors,6,0,timeout_other,1149,38.267,8,0,32.48251803632259,2.994325269106268,8,8,8,8,8
randomized,randomized,1000,distractors,7,0,contact_no_grasp,1147,38.2,7,0,34.52667021563234,1.7117222327472206,7,7,7,7,6
randomized,randomized,1000,distractors,8,0,grasp_drop,1146,38.167,4,0,31.674220313760845,6.580071315614912,4,4,4,3,4
randomized,randomized,1000,distractors,9,0,timeout_other,1150,38.3,6,0,32.68048170331273,0.9048019826521028,6,7,5,4,4
randomized,randomized,1000,distractors,10,0,timeout_other,1148,38.233,6,0,33.15532954813079,3.075582801856717,6,6,6,6,6
randomized,randomized,1000,distractors,11,0,timeout_other,1145,38.133,7,0,24.907631401415728,1.945749626018797,7,8,8,7,7
randomized,randomized,1000,distractors,12,0,timeout_other,1132,37.7,8,0,34.43143939955111,2.1783735397093684,8,8,7,7,5
randomized,randomized,1000,distractors,13,0,timeout_other,1126,37.5,5,0,33.87113624757356,1.8933043576153974,5,5,5,5,5
randomized,randomized,1000,distractors,14,0,timeout_other,1117,37.2,6,0,31.6923029473118,3.036085910328884,6,6,7,7,7
randomized,randomized,1000,distractors,15,0,timeout_other,1109,36.933,6,0,29.795879884385123,2.173184328870561,6,6,6,6,6
randomized,randomized,1000,in_distribution,1,1,success,714,23.767,1,1,1.8009371632143107,48.1215471931543,1,1,1,1,1
randomized,randomized,1000,in_distribution,2,0,contact_no_grasp,1144,38.1,6,1,18.60976577152762,23.19352543478579,6,6,6,4,5
randomized,randomized,1000,in_distribution,3,0,no_departure,1142,38.033,0,0,,,0,0,0,0,0
randomized,randomized,1000,in_distribution,4,0,contact_no_grasp,1142,38.033,6,1,28.86528605276607,15.927197833825776,6,6,6,6,6
randomized,randomized,1000,in_distribution,5,1,success,559,18.6,1,1,2.8838100841450576,47.928227944494004,1,1,1,1,1
randomized,randomized,1000,in_distribution,6,1,success,856,28.5,1,1,1.329295656375539,47.733738149537984,1,1,1,1,1
randomized,randomized,1000,in_distribution,7,0,contact_no_grasp,1145,38.133,6,1,21.91206457528405,18.899748929107083,6,6,6,5,5
randomized,randomized,1000,in_distribution,8,1,success,537,17.867,1,1,1.9115311732780889,46.23230175457207,1,1,1,1,1
randomized,randomized,1000,in_distribution,9,1,success,816,27.167,1,1,1.8054800407236762,48.43521017983457,1,1,1,1,1
randomized,randomized,1000,in_distribution,10,0,contact_no_grasp,1145,38.133,6,1,23.059406192817274,10.234144157606453,6,6,6,6,5
randomized,randomized,1000,in_distribution,11,0,timeout_other,1144,38.1,4,0,47.852321670450934,4.293415459086525,4,5,5,6,4
randomized,randomized,1000,in_distribution,12,1,success,489,16.267,2,1,1.0189814814315703,48.92771889065305,2,2,2,2,2
randomized,randomized,1000,in_distribution,13,0,timeout_other,1142,38.033,7,1,27.697749826114375,22.165449164621233,7,7,7,7,8
randomized,randomized,1000,in_distribution,14,0,timeout_other,1146,38.167,6,1,28.583082882944893,15.732757339312656,6,6,6,6,6
randomized,randomized,1000,in_distribution,15,0,timeout_other,1144,38.1,5,1,27.897685623895057,14.365708976427175,5,5,5,5,6
randomized,randomized,1000,new_positions,1,0,no_departure,1143,38.067,0,0,,,0,0,0,0,0
randomized,randomized,1000,new_positions,2,0,no_departure,1129,37.6,0,0,,,0,0,0,0,0
randomized,randomized,1000,new_positions,3,0,timeout_other,1138,37.9,5,0,28.091345339604857,6.184587233323125,5,4,6,4,2
randomized,randomized,1000,new_positions,4,0,timeout_other,1144,38.1,0,0,,,0,0,0,0,0
randomized,randomized,1000,new_positions,5,0,timeout_other,1150,38.3,0,0,,,0,0,0,0,0
randomized,randomized,1000,new_positions,6,0,timeout_other,1151,38.333,0,0,,,0,0,1,1,1
randomized,randomized,1000,new_positions,7,0,no_departure,1151,38.333,0,0,,,0,0,0,0,0
randomized,randomized,1000,new_positions,8,0,timeout_other,1150,38.3,0,0,,,0,0,0,0,0
randomized,randomized,1000,new_positions,9,0,timeout_other,1151,38.333,3,0,37.337003970335154,1.8674682117482018,3,3,4,4,5
randomized,randomized,1000,new_positions,10,0,timeout_other,1147,38.2,0,0,,,0,0,0,0,0
randomized,randomized,1000,new_positions,11,0,no_departure,1146,38.167,0,0,,,0,0,0,0,0
randomized,randomized,1000,new_positions,12,0,timeout_other,1151,38.333,2,0,62.0634194826592,1.2814171119435187,2,2,2,2,2
randomized,randomized,1000,new_positions,13,0,timeout_other,1149,38.267,1,0,41.93947259854167,0.2926863266713582,1,2,3,3,3
randomized,randomized,1000,new_positions,14,0,no_departure,1132,37.7,0,0,,,0,0,0,0,0
randomized,randomized,1000,new_positions,15,0,no_departure,1127,37.533,0,0,,,0,0,0,0,0
randomized,randomized,1000,reduced_lighting,1,0,contact_no_grasp,1151,38.333,5,0,42.264937839874406,5.324192737690609,5,4,5,5,5
randomized,randomized,1000,reduced_lighting,2,0,timeout_other,1151,38.333,6,0,39.34108235247558,2.8742764291484377,6,5,6,6,6
randomized,randomized,1000,reduced_lighting,3,1,success,603,20.067,1,1,3.2897996837516708,45.310419656090986,1,1,1,1,1
randomized,randomized,1000,reduced_lighting,4,1,success,501,16.667,1,1,2.6770684506810944,47.965942331017416,1,1,1,1,1
randomized,randomized,1000,reduced_lighting,5,1,success,951,31.667,1,1,0.7710192501287203,49.78977467552211,1,1,2,2,1
randomized,randomized,1000,reduced_lighting,6,0,contact_no_grasp,1151,38.333,2,0,47.55809843639439,3.020461740607299,2,3,3,5,6
randomized,randomized,1000,reduced_lighting,7,0,timeout_other,1151,38.333,5,0,36.0680567043627,4.475471591882798,5,5,5,5,5
randomized,randomized,1000,reduced_lighting,8,0,timeout_other,1151,38.333,4,0,43.96595056907057,4.300710115445657,4,5,5,5,6
randomized,randomized,1000,reduced_lighting,9,1,success,483,16.067,1,1,3.578293211288038,46.74111489076467,1,1,1,1,1
randomized,randomized,1000,reduced_lighting,10,0,contact_no_grasp,1151,38.333,8,1,23.626545823643298,28.21565300191474,8,8,8,8,7
randomized,randomized,1000,reduced_lighting,11,0,contact_no_grasp,1149,38.267,5,0,41.05003742825324,3.2015544794275677,5,5,5,5,5
randomized,randomized,1000,reduced_lighting,12,0,timeout_other,1147,38.2,5,0,39.76009993334263,5.457211664810789,5,4,6,6,5
randomized,randomized,1000,reduced_lighting,13,1,success,564,18.767,1,1,1.526835746624588,48.417029623844265,1,1,2,2,2
randomized,randomized,1000,reduced_lighting,14,0,grasp_drop,1150,38.3,4,2,9.484211274141796,41.977811030497115,4,4,4,4,4
randomized,randomized,1000,reduced_lighting,15,0,timeout_other,1151,38.333,6,0,35.42198796904371,2.562086575885937,6,7,6,6,6
recovery-seed2000,recovery,2000,different_object,1,0,grasp_drop,1151,38.333,2,1,4.985881464062228,45.943844410847,2,1,1,1,1
recovery-seed2000,recovery,2000,different_object,2,1,success_after_drop,877,29.2,3,3,2.6315872090610206,35.028161884592,3,3,3,3,3
recovery-seed2000,recovery,2000,different_object,3,1,success,482,16.033,1,1,2.412917582200304,47.80541285216189,1,1,1,1,1
recovery-seed2000,recovery,2000,different_object,4,0,grasp_drop,1151,38.333,1,1,7.853166025645255,57.716395772620466,1,2,1,1,2
recovery-seed2000,recovery,2000,different_object,5,1,success,801,26.667,1,1,1.4550778212346778,49.49908298144895,1,1,1,1,1
recovery-seed2000,recovery,2000,different_object,6,1,success,1144,38.1,1,1,4.0122438510807505,46.04303871115908,1,1,1,6,7
recovery-seed2000,recovery,2000,different_object,7,0,deliberate_drop,1150,38.3,4,2,19.19172629146425,30.449439787149814,4,4,4,5,4
recovery-seed2000,recovery,2000,different_object,8,0,deliberate_drop,1148,38.233,3,2,13.062249013621194,33.58322560638387,3,3,3,3,3
recovery-seed2000,recovery,2000,different_object,9,0,deliberate_drop,1151,38.333,1,1,17.454919631529698,32.280069260608194,1,1,1,1,1
recovery-seed2000,recovery,2000,different_object,10,0,deliberate_drop,1149,38.267,4,3,16.229195737351866,44.24160414585231,4,4,5,4,4
recovery-seed2000,recovery,2000,different_object,11,0,deliberate_drop,1150,38.3,5,2,13.710882074894752,39.180616974572146,5,5,6,5,7
recovery-seed2000,recovery,2000,different_object,12,0,deliberate_drop,1149,38.267,5,2,7.011000732476621,27.921853118450464,5,6,6,8,8
recovery-seed2000,recovery,2000,different_object,13,0,deliberate_drop,1147,38.2,6,2,10.140666774167617,37.26171076126775,6,6,5,5,4
recovery-seed2000,recovery,2000,different_object,14,1,success,951,31.667,1,1,2.3538475102445595,47.54201460695625,1,1,1,1,1
recovery-seed2000,recovery,2000,different_object,15,0,deliberate_drop,1148,38.233,6,1,4.2341030809080245,34.50245090851987,6,6,6,7,7
recovery-seed2000,recovery,2000,distractors,1,1,success,569,18.933,1,1,2.753861353414127,46.27549256093651,1,1,1,1,1
recovery-seed2000,recovery,2000,distractors,2,1,success,439,14.6,1,1,3.2071757598268142,45.11854595069232,1,1,1,1,1
recovery-seed2000,recovery,2000,distractors,3,1,success,451,15.0,1,1,2.0903588055106574,46.033746708415904,1,1,1,1,1
recovery-seed2000,recovery,2000,distractors,4,1,success,917,30.533,1,1,4.194767659638135,43.039867404783976,1,1,2,2,2
recovery-seed2000,recovery,2000,distractors,5,1,success,626,20.833,1,1,2.0724351545806208,46.49410067531802,1,1,2,2,2
recovery-seed2000,recovery,2000,distractors,6,0,contact_no_grasp,1150,38.3,6,0,25.149231161798195,6.041176767893732,6,5,4,5,3
recovery-seed2000,recovery,2000,distractors,7,1,success,419,13.933,1,1,3.770959342154274,45.1621836271264,1,1,1,1,1
recovery-seed2000,recovery,2000,distractors,8,0,deliberate_drop,1151,38.333,5,2,14.090139074709084,35.03078340172107,5,4,5,3,3
recovery-seed2000,recovery,2000,distractors,9,1,success,442,14.7,1,1,1.6171161650216312,47.89994667757786,1,1,1,1,1
recovery-seed2000,recovery,2000,distractors,10,1,success,451,15.0,1,1,2.7322596180649192,45.291148158189834,1,1,1,1,1
recovery-seed2000,recovery,2000,distractors,11,1,success,695,23.133,1,1,0.26202338568903016,48.444737377351224,1,1,1,1,1
recovery-seed2000,recovery,2000,distractors,12,1,success,435,14.467,1,1,2.268053884449369,47.453210488060456,1,1,1,1,1
recovery-seed2000,recovery,2000,distractors,13,1,success,447,14.867,1,1,4.72216661050766,43.37741894368793,1,1,1,1,1
recovery-seed2000,recovery,2000,distractors,14,1,success,451,15.0,1,1,3.11794467195762,45.900156077077106,1,1,1,1,1
recovery-seed2000,recovery,2000,distractors,15,0,deliberate_drop,1151,38.333,3,1,10.404665921266892,38.87847943638786,3,4,4,4,4
recovery-seed2000,recovery,2000,in_distribution,1,1,success_after_drop,752,25.033,3,2,2.9961155884835726,35.735890095863255,3,3,3,3,3
recovery-seed2000,recovery,2000,in_distribution,2,0,deliberate_drop,1150,38.3,6,2,0.24756252550090707,36.53688117617837,6,5,5,5,5
recovery-seed2000,recovery,2000,in_distribution,3,1,success_after_missed_grasp,475,15.8,2,1,4.110602305351673,44.422733068483886,2,2,2,2,2
recovery-seed2000,recovery,2000,in_distribution,4,1,success,451,15.0,1,1,3.159192407654981,47.58539356913949,1,1,1,1,1
recovery-seed2000,recovery,2000,in_distribution,5,1,success_after_drop,747,24.867,3,1,4.3196777946448215,36.36935646200227,3,3,3,3,3
recovery-seed2000,recovery,2000,in_distribution,6,1,success,426,14.167,1,1,1.9941659523463464,48.328455272150265,1,1,1,1,1
recovery-seed2000,recovery,2000,in_distribution,7,1,success,482,16.033,1,1,2.1231739039833393,46.896904290339215,1,1,1,1,1
recovery-seed2000,recovery,2000,in_distribution,8,0,deliberate_drop,1151,38.333,5,3,9.794380463214583,37.033257031830104,5,5,7,5,5
recovery-seed2000,recovery,2000,in_distribution,9,1,success,406,13.5,1,1,2.3474230745473257,46.07668060972009,1,1,1,1,1
recovery-seed2000,recovery,2000,in_distribution,10,1,success_after_missed_grasp,1008,33.567,4,1,1.686144021848559,39.638198356932996,4,4,4,4,4
recovery-seed2000,recovery,2000,in_distribution,11,0,deliberate_drop,1151,38.333,4,2,9.344909028188471,37.603247946986976,4,4,4,5,4
recovery-seed2000,recovery,2000,in_distribution,12,0,deliberate_drop,1150,38.3,4,2,5.032752164036413,34.79166811228234,4,6,7,7,7
recovery-seed2000,recovery,2000,in_distribution,13,0,deliberate_drop,1150,38.3,3,3,2.1216611700448205,39.315465897949075,3,3,3,4,2
recovery-seed2000,recovery,2000,in_distribution,14,0,deliberate_drop,1149,38.267,8,4,1.1373638062528322,37.112130503713175,8,7,6,7,6
recovery-seed2000,recovery,2000,in_distribution,15,1,success,444,14.767,1,1,2.062254839269908,48.408510145472455,1,1,1,1,1
recovery-seed2000,recovery,2000,new_positions,1,0,no_departure,1151,38.333,0,0,,,0,0,0,0,0
recovery-seed2000,recovery,2000,new_positions,2,0,timeout_other,1150,38.3,1,0,46.66437457987101,0.39797126702138286,1,2,1,1,1
recovery-seed2000,recovery,2000,new_positions,3,0,timeout_other,1150,38.3,4,0,40.79242135609417,0.98932691356341,4,4,3,3,3
recovery-seed2000,recovery,2000,new_positions,4,0,no_departure,1151,38.333,0,0,,,0,0,0,0,0
recovery-seed2000,recovery,2000,new_positions,5,0,no_departure,1151,38.333,0,0,,,0,0,0,0,0
recovery-seed2000,recovery,2000,new_positions,6,0,no_departure,1151,38.333,0,0,,,0,0,0,0,0
recovery-seed2000,recovery,2000,new_positions,7,0,contact_no_grasp,1151,38.333,7,0,36.87380505126917,0.8828614763695555,7,7,5,5,5
recovery-seed2000,recovery,2000,new_positions,8,0,timeout_other,1150,38.3,7,0,40.815038951945766,1.7489562791755588,7,4,6,5,5
recovery-seed2000,recovery,2000,new_positions,9,0,contact_no_grasp,1149,38.267,3,0,35.96712467651268,1.3294836868813462,3,3,3,3,4
recovery-seed2000,recovery,2000,new_positions,10,0,timeout_other,1151,38.333,7,1,45.81095225237938,10.811484004839414,7,6,7,6,6
recovery-seed2000,recovery,2000,new_positions,11,0,timeout_other,1149,38.267,2,0,46.42426423562139,3.3468632380575585,2,4,3,3,2
recovery-seed2000,recovery,2000,new_positions,12,0,no_departure,1150,38.3,0,0,,,0,0,0,0,0
recovery-seed2000,recovery,2000,new_positions,13,0,timeout_other,1143,38.067,10,0,28.04745573338457,4.629770218431563,10,10,6,6,5
recovery-seed2000,recovery,2000,new_positions,14,0,timeout_other,1136,37.833,11,0,33.89915020658369,2.2470852404850206,11,11,10,8,7
recovery-seed2000,recovery,2000,new_positions,15,0,timeout_other,1139,37.933,4,0,42.50289434275608,1.666759324224099,4,3,3,3,3
recovery-seed2000,recovery,2000,reduced_lighting,1,1,success_after_missed_grasp,712,23.7,3,1,1.656306851046292,43.503523144467685,3,3,3,3,3
recovery-seed2000,recovery,2000,reduced_lighting,2,1,success,401,13.333,1,1,4.504419670835222,44.94322272058467,1,1,1,1,1
recovery-seed2000,recovery,2000,reduced_lighting,3,0,deliberate_drop,1151,38.333,6,3,2.9814828551917536,38.49820024390416,6,6,6,6,7
recovery-seed2000,recovery,2000,reduced_lighting,4,0,deliberate_drop,1151,38.333,3,3,14.82597939357863,36.881910099688554,3,3,3,3,3
recovery-seed2000,recovery,2000,reduced_lighting,5,1,success_after_drop,848,28.233,3,2,0.979493837528242,34.68367752744197,3,4,4,4,3
recovery-seed2000,recovery,2000,reduced_lighting,6,0,deliberate_drop,1151,38.333,7,1,1.6019551480847518,38.842060430309175,7,6,6,6,7
recovery-seed2000,recovery,2000,reduced_lighting,7,0,deliberate_drop,1151,38.333,3,2,12.837435626226812,37.48941729500194,3,3,4,4,3
recovery-seed2000,recovery,2000,reduced_lighting,8,0,deliberate_drop,1151,38.333,6,2,1.5020769737390047,39.67061905186245,6,5,5,4,4
recovery-seed2000,recovery,2000,reduced_lighting,9,1,success_after_drop,770,25.633,3,3,1.0241555158222546,38.380474404632125,3,3,3,3,3
recovery-seed2000,recovery,2000,reduced_lighting,10,0,deliberate_drop,1151,38.333,8,3,8.031628452009596,36.295290009451094,8,8,8,8,9
recovery-seed2000,recovery,2000,reduced_lighting,11,0,deliberate_drop,1151,38.333,2,1,9.118099852974648,36.00175698159519,2,2,2,2,2
recovery-seed2000,recovery,2000,reduced_lighting,12,0,deliberate_drop,1150,38.3,2,1,6.2982085968132075,37.01586709211682,2,2,2,2,2
recovery-seed2000,recovery,2000,reduced_lighting,13,0,deliberate_drop,1151,38.333,4,1,11.585817692083696,39.24511009524724,4,4,4,4,3
recovery-seed2000,recovery,2000,reduced_lighting,14,1,success_after_drop,1148,38.233,5,3,3.147392866788355,39.135567224901884,5,5,5,5,4
recovery-seed2000,recovery,2000,reduced_lighting,15,0,deliberate_drop,1151,38.333,5,4,3.096330272274461,41.228346602075874,5,5,5,4,4
recovery,recovery,1000,different_object,1,0,deliberate_drop,1146,38.167,2,2,18.56659305706882,31.51783194679622,2,3,2,2,2
recovery,recovery,1000,different_object,2,1,success,771,25.667,1,1,5.234411781202564,44.911594451122795,1,1,1,1,1
recovery,recovery,1000,different_object,3,1,success,513,17.067,1,1,2.938069518387774,45.38626635215838,1,1,1,2,2
recovery,recovery,1000,different_object,4,0,deliberate_drop,1151,38.333,2,2,15.713750108547016,34.02134009826253,2,2,2,2,2
recovery,recovery,1000,different_object,5,1,success,483,16.067,1,1,2.967146829152629,46.13049679227432,1,1,1,1,1
recovery,recovery,1000,different_object,6,1,success,448,14.9,1,1,3.9125538325537867,46.65967055908836,1,1,1,1,1
recovery,recovery,1000,different_object,7,1,success,1151,38.333,1,1,3.8903514459369184,46.50068251059444,1,1,3,6,5
recovery,recovery,1000,different_object,8,1,success,599,19.933,2,1,3.8749425698925997,46.39136036149803,2,2,2,2,2
recovery,recovery,1000,different_object,9,1,success,563,18.733,1,1,4.977363794880983,45.28961939216219,1,1,1,1,1
recovery,recovery,1000,different_object,10,1,success,717,23.867,1,1,6.353508315630943,43.17736226936261,1,1,1,1,1
recovery,recovery,1000,different_object,11,1,success,551,18.333,1,1,3.8219133852342573,46.04634229313125,1,1,1,1,2
recovery,recovery,1000,different_object,12,1,success,598,19.9,1,1,3.0079675958765897,47.70823579933008,1,1,1,1,1
recovery,recovery,1000,different_object,13,0,deliberate_drop,1151,38.333,6,2,7.490233602927223,36.75459464582536,6,7,7,6,5
recovery,recovery,1000,different_object,14,0,deliberate_drop,1145,38.133,2,1,23.6219445997382,10.176899558931062,2,3,2,2,2
recovery,recovery,1000,different_object,15,1,success,654,21.767,1,1,3.847442873300647,46.23193629807788,1,1,1,1,1
recovery,recovery,1000,distractors,1,1,success,474,15.767,2,1,2.8663043562355988,44.310606674011325,2,2,2,2,2
recovery,recovery,1000,distractors,2,1,success,442,14.7,2,1,1.8875612074789636,46.65064269816771,2,2,2,2,2
recovery,recovery,1000,distractors,3,1,success,485,16.133,2,1,3.3166969198853913,43.11839532126909,2,2,2,2,2
recovery,recovery,1000,distractors,4,1,success,451,15.0,1,1,4.19861399877988,45.15427746435621,1,1,1,1,1
recovery,recovery,1000,distractors,5,1,success,433,14.4,1,1,3.1061632229966456,44.8026051930904,1,1,1,1,1
recovery,recovery,1000,distractors,6,0,contact_no_grasp,1151,38.333,4,1,15.773071657991327,11.041488662889133,4,4,4,4,5
recovery,recovery,1000,distractors,7,1,success,419,13.933,1,1,1.7208515336525103,46.34044612061048,1,1,1,1,1
recovery,recovery,1000,distractors,8,1,success,394,13.1,1,1,4.5089535023917655,42.953892859932246,1,1,1,1,1
recovery,recovery,1000,distractors,9,0,contact_no_grasp,1151,38.333,2,1,26.987724508197296,17.587100099658716,2,2,2,2,2
recovery,recovery,1000,distractors,10,1,success,416,13.833,2,1,1.8344506092451844,44.991623995777076,2,2,2,2,2
recovery,recovery,1000,distractors,11,1,success,1001,33.333,1,1,4.960664965963627,42.83667359401849,1,1,1,1,1
recovery,recovery,1000,distractors,12,1,success,498,16.567,1,1,2.102033512228278,46.03671739932406,1,1,1,1,1
recovery,recovery,1000,distractors,13,1,success,586,19.5,1,1,3.0752803400476587,45.5486393961999,1,1,1,1,1
recovery,recovery,1000,distractors,14,1,success,381,12.667,1,1,2.5728446005975947,45.93263647529522,1,1,1,1,1
recovery,recovery,1000,distractors,15,1,success,601,20.0,1,1,3.1495892241345835,43.11101925133452,1,1,1,1,1
recovery,recovery,1000,in_distribution,1,0,deliberate_drop,1142,38.033,5,2,11.017684815637343,27.47805686360161,5,5,5,5,5
recovery,recovery,1000,in_distribution,2,1,success,489,16.267,1,1,1.699935481527536,47.582061040118276,1,1,1,1,2
recovery,recovery,1000,in_distribution,3,1,success,427,14.2,1,1,0.34030319244073937,50.06135950803556,1,1,1,1,1
recovery,recovery,1000,in_distribution,4,0,deliberate_drop,1147,38.2,3,2,8.24004358674642,50.17062376303387,3,3,3,3,4
recovery,recovery,1000,in_distribution,5,0,deliberate_drop,1146,38.167,4,1,20.285393747902624,30.958002350449135,4,4,3,3,1
recovery,recovery,1000,in_distribution,6,0,deliberate_drop,1148,38.233,5,2,16.932010187047865,32.66178585499599,5,5,5,6,5
recovery,recovery,1000,in_distribution,7,0,grasp_drop,1146,38.167,5,2,3.0028982439127354,46.40093821635052,5,5,5,5,5
recovery,recovery,1000,in_distribution,8,1,success,398,13.233,1,1,1.954816057551934,47.13891971225405,1,1,1,1,1
recovery,recovery,1000,in_distribution,9,1,success,459,15.267,1,1,4.092177508635064,46.71715397091837,1,1,1,1,1
recovery,recovery,1000,in_distribution,10,1,success,451,15.0,1,1,1.1421493659239097,48.345586497612715,1,1,1,1,1
recovery,recovery,1000,in_distribution,11,1,success,499,16.6,2,1,1.4421945752194638,48.29933815919297,2,2,2,2,2
recovery,recovery,1000,in_distribution,12,0,deliberate_drop,1144,38.1,5,1,7.011992168906385,30.562667978676615,5,5,5,5,5
recovery,recovery,1000,in_distribution,13,0,deliberate_drop,1143,38.067,4,3,1.021675366183242,32.015425387698365,4,4,4,4,6
recovery,recovery,1000,in_distribution,14,1,success,418,13.9,1,1,2.686716863965625,47.94488335283779,1,1,1,1,1
recovery,recovery,1000,in_distribution,15,1,success,442,14.7,1,1,1.4351025482036412,46.63436179227094,1,1,1,1,1
recovery,recovery,1000,new_positions,1,0,timeout_other,1151,38.333,8,1,38.833733756045554,10.351548413255514,8,7,6,6,6
recovery,recovery,1000,new_positions,2,0,no_departure,1151,38.333,0,0,,,0,0,0,0,0
recovery,recovery,1000,new_positions,3,0,timeout_other,1151,38.333,4,0,39.656358232544775,2.6129279968532337,4,6,4,5,4
recovery,recovery,1000,new_positions,4,0,no_departure,1151,38.333,0,0,,,0,0,0,0,0
recovery,recovery,1000,new_positions,5,0,no_departure,1151,38.333,0,0,,,0,0,0,0,0
recovery,recovery,1000,new_positions,6,0,timeout_other,1151,38.333,7,0,39.78721698613003,6.834144992647211,7,7,8,10,9
recovery,recovery,1000,new_positions,7,0,timeout_other,1151,38.333,7,0,25.758810332606448,9.25810258266139,7,7,7,7,5
recovery,recovery,1000,new_positions,8,0,contact_no_grasp,1151,38.333,5,0,33.27015163654558,3.4507442465289433,5,5,4,4,4
recovery,recovery,1000,new_positions,9,0,contact_no_grasp,1151,38.333,6,0,34.39400950824408,2.862741482401983,6,5,6,5,5
recovery,recovery,1000,new_positions,10,0,timeout_other,1151,38.333,6,0,41.845800852430045,2.9406791504651757,6,6,7,6,5
recovery,recovery,1000,new_positions,11,0,timeout_other,1151,38.333,6,0,44.49932889475828,6.92859378610661,6,5,6,6,6
recovery,recovery,1000,new_positions,12,0,timeout_other,1150,38.3,5,0,41.36691444197269,1.3805770376348505,5,5,5,6,8
recovery,recovery,1000,new_positions,13,0,timeout_other,1150,38.3,6,1,28.610790127617005,23.273696322452984,6,4,4,4,3
recovery,recovery,1000,new_positions,14,0,timeout_other,1137,37.867,11,0,28.679516923826437,2.6199358965077693,11,6,2,1,1
recovery,recovery,1000,new_positions,15,0,timeout_other,1135,37.8,5,0,31.48824140352145,1.0354397888395805,5,4,4,4,5
recovery,recovery,1000,reduced_lighting,1,0,deliberate_drop,1151,38.333,4,2,9.000417434276176,37.51472063424767,4,4,4,4,4
recovery,recovery,1000,reduced_lighting,2,0,deliberate_drop,1150,38.3,5,2,7.3891360341404955,38.56541348259413,5,5,5,5,5
recovery,recovery,1000,reduced_lighting,3,0,deliberate_drop,1151,38.333,6,1,11.118652122703375,39.281809525863544,6,6,6,6,7
recovery,recovery,1000,reduced_lighting,4,0,grasp_drop,1151,38.333,3,2,6.672041643312891,42.47101627968321,3,3,3,3,3
recovery,recovery,1000,reduced_lighting,5,1,success,459,15.267,1,1,1.9208810701193535,47.506729963361984,1,1,1,1,1
recovery,recovery,1000,reduced_lighting,6,0,deliberate_drop,1151,38.333,4,3,0.3365783196928298,37.99518918185434,4,5,8,9,9
recovery,recovery,1000,reduced_lighting,7,1,success,479,15.933,1,1,2.308659357496065,48.03817969190712,1,1,1,1,1
recovery,recovery,1000,reduced_lighting,8,1,success,410,13.633,1,1,1.9284235855859215,47.551216150171165,1,1,1,1,1
recovery,recovery,1000,reduced_lighting,9,0,deliberate_drop,1144,38.1,4,1,0.25417124800983615,38.98425919035749,4,8,8,9,9
recovery,recovery,1000,reduced_lighting,10,0,deliberate_drop,1127,37.533,5,2,20.67536567883971,29.256184531451424,5,4,5,6,5
recovery,recovery,1000,reduced_lighting,11,1,success,502,16.7,1,1,2.709123689116371,47.66664793580645,1,1,1,1,1
recovery,recovery,1000,reduced_lighting,12,1,success,582,19.367,2,1,3.240917163868911,46.969467305530664,2,2,2,2,2
recovery,recovery,1000,reduced_lighting,13,1,success,504,16.767,1,1,3.77175538600299,47.92575297180073,1,1,1,1,1
recovery,recovery,1000,reduced_lighting,14,0,deliberate_drop,1149,38.267,6,2,1.1364302639211594,38.612450628100326,6,6,6,6,8
recovery,recovery,1000,reduced_lighting,15,1,success,643,21.4,1,1,4.625628201945386,42.888729434152715,1,1,1,1,1
